{
"type": "FeatureCollection",
"name": "dun",
"crs": { "type": "name", "properties": { "name": "urn:ogc:def:crs:OGC:1.3:CRS84" } },
"features": [
{ "type": "Feature", "properties": { "Name": "N.55 DENGKIL", "description": "11355    <br>       <br>   KODDUNA   11355    <br>   NAMADUNA   DENGKIL    <br>   LUAS   325723675.016    <br>   KRITERIA       <br>   Status   1    <br>   JUMLAH_PEM   39380    <br>   SHAPE_Leng   163610.921981", "timestamp": null, "begin": null, "end": null, "altitudeMode": null, "tessellate": -1, "extrude": 0, "visibility": -1, "drawOrder": null, "icon": null }, "geometry": { "type": "Polygon", "coordinates": [ [ [ 101.595831, 2.727581, 0.0 ], [ 101.596132, 2.727582, 0.0 ], [ 101.601741, 2.727602, 0.0 ], [ 101.603122, 2.727601, 0.0 ], [ 101.60501, 2.7276, 0.0 ], [ 101.607708, 2.7276, 0.0 ], [ 101.610406, 2.727599, 0.0 ], [ 101.612879, 2.727599, 0.0 ], [ 101.615398, 2.7276, 0.0 ], [ 101.618096, 2.727599, 0.0 ], [ 101.620793, 2.727599, 0.0 ], [ 101.623491, 2.727598, 0.0 ], [ 101.626189, 2.727598, 0.0 ], [ 101.628887, 2.727598, 0.0 ], [ 101.631549, 2.727597, 0.0 ], [ 101.632808, 2.727597, 0.0 ], [ 101.632868, 2.730087, 0.0 ], [ 101.63293, 2.732696, 0.0 ], [ 101.632992, 2.735305, 0.0 ], [ 101.633023, 2.736567, 0.0 ], [ 101.633055, 2.737903, 0.0 ], [ 101.633117, 2.740502, 0.0 ], [ 101.633142, 2.741606, 0.0 ], [ 101.633178, 2.74309, 0.0 ], [ 101.63324, 2.745678, 0.0 ], [ 101.633271, 2.746916, 0.0 ], [ 101.633248, 2.74888, 0.0 ], [ 101.633226, 2.750843, 0.0 ], [ 101.633204, 2.752784, 0.0 ], [ 101.633182, 2.754724, 0.0 ], [ 101.633164, 2.756276, 0.0 ], [ 101.634503, 2.757918, 0.0 ], [ 101.635996, 2.759748, 0.0 ], [ 101.639783, 2.764394, 0.0 ], [ 101.664383, 2.79281, 0.0 ], [ 101.664519, 2.792972, 0.0 ], [ 101.664519, 2.792971, 0.0 ], [ 101.667791, 2.796854, 0.0 ], [ 101.669447, 2.798819, 0.0 ], [ 101.669509, 2.798889, 0.0 ], [ 101.669514, 2.799067, 0.0 ], [ 101.670127, 2.799804, 0.0 ], [ 101.670706, 2.800497, 0.0 ], [ 101.670704, 2.800499, 0.0 ], [ 101.670819, 2.800636, 0.0 ], [ 101.671377, 2.800793, 0.0 ], [ 101.673733, 2.803578, 0.0 ], [ 101.682875, 2.814389, 0.0 ], [ 101.683165, 2.814038, 0.0 ], [ 101.683359, 2.813974, 0.0 ], [ 101.684166, 2.813992, 0.0 ], [ 101.684554, 2.813733, 0.0 ], [ 101.685007, 2.81362, 0.0 ], [ 101.685654, 2.813053, 0.0 ], [ 101.686171, 2.812811, 0.0 ], [ 101.686543, 2.812309, 0.0 ], [ 101.68656, 2.812081, 0.0 ], [ 101.686528, 2.811968, 0.0 ], [ 101.686787, 2.811855, 0.0 ], [ 101.686981, 2.811563, 0.0 ], [ 101.687063, 2.810881, 0.0 ], [ 101.687209, 2.810589, 0.0 ], [ 101.687759, 2.810233, 0.0 ], [ 101.688148, 2.809731, 0.0 ], [ 101.68831, 2.809391, 0.0 ], [ 101.688861, 2.808629, 0.0 ], [ 101.689669, 2.80816, 0.0 ], [ 101.689896, 2.807771, 0.0 ], [ 101.690414, 2.807106, 0.0 ], [ 101.690626, 2.806376, 0.0 ], [ 101.690659, 2.8061, 0.0 ], [ 101.690708, 2.805759, 0.0 ], [ 101.690854, 2.805532, 0.0 ], [ 101.691048, 2.805387, 0.0 ], [ 101.691177, 2.805208, 0.0 ], [ 101.691158, 2.805127, 0.0 ], [ 101.691236, 2.80513, 0.0 ], [ 101.691359, 2.805133, 0.0 ], [ 101.691464, 2.805134, 0.0 ], [ 101.691483, 2.805134, 0.0 ], [ 101.691608, 2.805136, 0.0 ], [ 101.691639, 2.805136, 0.0 ], [ 101.691735, 2.805137, 0.0 ], [ 101.691864, 2.805139, 0.0 ], [ 101.691913, 2.805139, 0.0 ], [ 101.691993, 2.80514, 0.0 ], [ 101.692122, 2.805141, 0.0 ], [ 101.692251, 2.805141, 0.0 ], [ 101.692363, 2.805141, 0.0 ], [ 101.69238, 2.805142, 0.0 ], [ 101.692509, 2.805142, 0.0 ], [ 101.692638, 2.805143, 0.0 ], [ 101.692767, 2.805144, 0.0 ], [ 101.692812, 2.805144, 0.0 ], [ 101.692897, 2.805145, 0.0 ], [ 101.693026, 2.805146, 0.0 ], [ 101.693156, 2.805148, 0.0 ], [ 101.693262, 2.80515, 0.0 ], [ 101.693286, 2.80515, 0.0 ], [ 101.693392, 2.805151, 0.0 ], [ 101.693417, 2.805152, 0.0 ], [ 101.693547, 2.805155, 0.0 ], [ 101.693676, 2.805157, 0.0 ], [ 101.693711, 2.805158, 0.0 ], [ 101.693805, 2.805159, 0.0 ], [ 101.693931, 2.805161, 0.0 ], [ 101.694056, 2.805163, 0.0 ], [ 101.694161, 2.805163, 0.0 ], [ 101.694179, 2.805163, 0.0 ], [ 101.694302, 2.805163, 0.0 ], [ 101.694423, 2.805164, 0.0 ], [ 101.694544, 2.805166, 0.0 ], [ 101.69461, 2.805167, 0.0 ], [ 101.694665, 2.805169, 0.0 ], [ 101.694786, 2.805171, 0.0 ], [ 101.694905, 2.805173, 0.0 ], [ 101.695023, 2.805175, 0.0 ], [ 101.69506, 2.805175, 0.0 ], [ 101.695142, 2.805176, 0.0 ], [ 101.695153, 2.805176, 0.0 ], [ 101.69526, 2.805177, 0.0 ], [ 101.695377, 2.805179, 0.0 ], [ 101.695494, 2.805179, 0.0 ], [ 101.695509, 2.805179, 0.0 ], [ 101.695592, 2.805179, 0.0 ], [ 101.695609, 2.805179, 0.0 ], [ 101.695725, 2.80518, 0.0 ], [ 101.695838, 2.805182, 0.0 ], [ 101.695951, 2.805186, 0.0 ], [ 101.695959, 2.805186, 0.0 ], [ 101.696063, 2.805189, 0.0 ], [ 101.696175, 2.805191, 0.0 ], [ 101.696287, 2.805193, 0.0 ], [ 101.6964, 2.805196, 0.0 ], [ 101.696408, 2.805196, 0.0 ], [ 101.696513, 2.805198, 0.0 ], [ 101.696626, 2.8052, 0.0 ], [ 101.696741, 2.805203, 0.0 ], [ 101.696855, 2.805205, 0.0 ], [ 101.696858, 2.805205, 0.0 ], [ 101.696969, 2.805207, 0.0 ], [ 101.697083, 2.805209, 0.0 ], [ 101.697197, 2.80521, 0.0 ], [ 101.697307, 2.805212, 0.0 ], [ 101.697313, 2.805212, 0.0 ], [ 101.697429, 2.805213, 0.0 ], [ 101.697546, 2.805216, 0.0 ], [ 101.697663, 2.805218, 0.0 ], [ 101.697757, 2.80522, 0.0 ], [ 101.69778, 2.80522, 0.0 ], [ 101.697897, 2.805223, 0.0 ], [ 101.698015, 2.805225, 0.0 ], [ 101.698046, 2.805226, 0.0 ], [ 101.698134, 2.805228, 0.0 ], [ 101.698206, 2.80523, 0.0 ], [ 101.698253, 2.805231, 0.0 ], [ 101.698373, 2.805233, 0.0 ], [ 101.698494, 2.805234, 0.0 ], [ 101.698616, 2.805236, 0.0 ], [ 101.698656, 2.805237, 0.0 ], [ 101.698739, 2.805238, 0.0 ], [ 101.698863, 2.80524, 0.0 ], [ 101.698987, 2.805243, 0.0 ], [ 101.699106, 2.805247, 0.0 ], [ 101.699109, 2.805247, 0.0 ], [ 101.699231, 2.805251, 0.0 ], [ 101.699351, 2.805254, 0.0 ], [ 101.699471, 2.805255, 0.0 ], [ 101.699555, 2.805256, 0.0 ], [ 101.699591, 2.805257, 0.0 ], [ 101.699711, 2.805259, 0.0 ], [ 101.699831, 2.805261, 0.0 ], [ 101.69995, 2.805263, 0.0 ], [ 101.700004, 2.805264, 0.0 ], [ 101.700069, 2.805266, 0.0 ], [ 101.70018, 2.805268, 0.0 ], [ 101.700188, 2.805268, 0.0 ], [ 101.700307, 2.805271, 0.0 ], [ 101.700427, 2.805274, 0.0 ], [ 101.700454, 2.805275, 0.0 ], [ 101.700546, 2.805277, 0.0 ], [ 101.700664, 2.80528, 0.0 ], [ 101.700783, 2.805282, 0.0 ], [ 101.700902, 2.805285, 0.0 ], [ 101.700903, 2.805285, 0.0 ], [ 101.701023, 2.805287, 0.0 ], [ 101.701144, 2.805289, 0.0 ], [ 101.701267, 2.805292, 0.0 ], [ 101.701353, 2.805295, 0.0 ], [ 101.70139, 2.805296, 0.0 ], [ 101.701514, 2.805298, 0.0 ], [ 101.70164, 2.805299, 0.0 ], [ 101.701766, 2.8053, 0.0 ], [ 101.701802, 2.8053, 0.0 ], [ 101.701892, 2.805302, 0.0 ], [ 101.702019, 2.805303, 0.0 ], [ 101.702149, 2.805304, 0.0 ], [ 101.702252, 2.805306, 0.0 ], [ 101.702281, 2.805307, 0.0 ], [ 101.702414, 2.80531, 0.0 ], [ 101.702548, 2.805313, 0.0 ], [ 101.702684, 2.805315, 0.0 ], [ 101.702702, 2.805316, 0.0 ], [ 101.702822, 2.805318, 0.0 ], [ 101.702961, 2.805321, 0.0 ], [ 101.7031, 2.805324, 0.0 ], [ 101.703151, 2.805325, 0.0 ], [ 101.70324, 2.805326, 0.0 ], [ 101.703382, 2.805327, 0.0 ], [ 101.703525, 2.805328, 0.0 ], [ 101.703601, 2.80533, 0.0 ], [ 101.703668, 2.805331, 0.0 ], [ 101.703812, 2.805334, 0.0 ], [ 101.703955, 2.805337, 0.0 ], [ 101.70405, 2.80534, 0.0 ], [ 101.704097, 2.805341, 0.0 ], [ 101.704237, 2.805345, 0.0 ], [ 101.704375, 2.805348, 0.0 ], [ 101.7045, 2.80535, 0.0 ], [ 101.704513, 2.805351, 0.0 ], [ 101.704649, 2.805353, 0.0 ], [ 101.704785, 2.805356, 0.0 ], [ 101.704921, 2.805358, 0.0 ], [ 101.704949, 2.805358, 0.0 ], [ 101.705059, 2.805359, 0.0 ], [ 101.705196, 2.805362, 0.0 ], [ 101.705333, 2.805366, 0.0 ], [ 101.705399, 2.805368, 0.0 ], [ 101.705468, 2.80537, 0.0 ], [ 101.705602, 2.805374, 0.0 ], [ 101.705727, 2.805377, 0.0 ], [ 101.705734, 2.805377, 0.0 ], [ 101.705848, 2.805379, 0.0 ], [ 101.705864, 2.805379, 0.0 ], [ 101.705987, 2.805382, 0.0 ], [ 101.705993, 2.805382, 0.0 ], [ 101.706121, 2.805385, 0.0 ], [ 101.706247, 2.805387, 0.0 ], [ 101.706297, 2.805388, 0.0 ], [ 101.706372, 2.80539, 0.0 ], [ 101.706495, 2.805392, 0.0 ], [ 101.706618, 2.805394, 0.0 ], [ 101.706739, 2.805396, 0.0 ], [ 101.706747, 2.805396, 0.0 ], [ 101.70686, 2.805398, 0.0 ], [ 101.706981, 2.805401, 0.0 ], [ 101.707101, 2.805403, 0.0 ], [ 101.707196, 2.805404, 0.0 ], [ 101.707222, 2.805405, 0.0 ], [ 101.707345, 2.805406, 0.0 ], [ 101.707469, 2.805408, 0.0 ], [ 101.707596, 2.80541, 0.0 ], [ 101.707646, 2.805411, 0.0 ], [ 101.707724, 2.805413, 0.0 ], [ 101.707855, 2.805415, 0.0 ], [ 101.707987, 2.805418, 0.0 ], [ 101.708096, 2.80542, 0.0 ], [ 101.708121, 2.80542, 0.0 ], [ 101.708257, 2.805423, 0.0 ], [ 101.708394, 2.805426, 0.0 ], [ 101.708509, 2.805427, 0.0 ], [ 101.708533, 2.805428, 0.0 ], [ 101.708545, 2.805428, 0.0 ], [ 101.708673, 2.80543, 0.0 ], [ 101.708815, 2.805434, 0.0 ], [ 101.708957, 2.805437, 0.0 ], [ 101.708995, 2.805438, 0.0 ], [ 101.709101, 2.80544, 0.0 ], [ 101.709246, 2.805442, 0.0 ], [ 101.709392, 2.805445, 0.0 ], [ 101.709444, 2.805446, 0.0 ], [ 101.709538, 2.805448, 0.0 ], [ 101.709684, 2.805449, 0.0 ], [ 101.709829, 2.805452, 0.0 ], [ 101.709894, 2.805454, 0.0 ], [ 101.7099, 2.805454, 0.0 ], [ 101.709964, 2.805456, 0.0 ], [ 101.709972, 2.805456, 0.0 ], [ 101.710113, 2.805459, 0.0 ], [ 101.710253, 2.805461, 0.0 ], [ 101.710391, 2.805464, 0.0 ], [ 101.710525, 2.805467, 0.0 ], [ 101.710658, 2.805469, 0.0 ], [ 101.710789, 2.805471, 0.0 ], [ 101.710918, 2.805474, 0.0 ], [ 101.711045, 2.805477, 0.0 ], [ 101.71117, 2.80548, 0.0 ], [ 101.711242, 2.805482, 0.0 ], [ 101.711402, 2.805486, 0.0 ], [ 101.711496, 2.805488, 0.0 ], [ 101.711591, 2.80549, 0.0 ], [ 101.711687, 2.805492, 0.0 ], [ 101.711692, 2.805492, 0.0 ], [ 101.711785, 2.805493, 0.0 ], [ 101.711879, 2.805495, 0.0 ], [ 101.711882, 2.805495, 0.0 ], [ 101.71198, 2.805498, 0.0 ], [ 101.712078, 2.8055, 0.0 ], [ 101.712141, 2.805502, 0.0 ], [ 101.712175, 2.805503, 0.0 ], [ 101.712267, 2.805505, 0.0 ], [ 101.712271, 2.805505, 0.0 ], [ 101.712367, 2.805507, 0.0 ], [ 101.712393, 2.805507, 0.0 ], [ 101.712461, 2.805508, 0.0 ], [ 101.712521, 2.805508, 0.0 ], [ 101.712554, 2.805509, 0.0 ], [ 101.712558, 2.805509, 0.0 ], [ 101.712591, 2.80551, 0.0 ], [ 101.712646, 2.805511, 0.0 ], [ 101.712739, 2.805513, 0.0 ], [ 101.712833, 2.805514, 0.0 ], [ 101.712928, 2.805516, 0.0 ], [ 101.712943, 2.805516, 0.0 ], [ 101.713025, 2.805518, 0.0 ], [ 101.71304, 2.805519, 0.0 ], [ 101.713123, 2.80552, 0.0 ], [ 101.713221, 2.805522, 0.0 ], [ 101.71332, 2.805524, 0.0 ], [ 101.713418, 2.805526, 0.0 ], [ 101.71349, 2.805527, 0.0 ], [ 101.713515, 2.805528, 0.0 ], [ 101.713611, 2.80553, 0.0 ], [ 101.713708, 2.805532, 0.0 ], [ 101.713803, 2.805534, 0.0 ], [ 101.713897, 2.805535, 0.0 ], [ 101.713939, 2.805535, 0.0 ], [ 101.71399, 2.805536, 0.0 ], [ 101.714081, 2.805537, 0.0 ], [ 101.714172, 2.805539, 0.0 ], [ 101.714261, 2.805541, 0.0 ], [ 101.714349, 2.805542, 0.0 ], [ 101.714389, 2.805543, 0.0 ], [ 101.714436, 2.805545, 0.0 ], [ 101.714512, 2.805547, 0.0 ], [ 101.714512, 2.805573, 0.0 ], [ 101.714506, 2.805836, 0.0 ], [ 101.714523, 2.807492, 0.0 ], [ 101.714539, 2.809147, 0.0 ], [ 101.714549, 2.810077, 0.0 ], [ 101.714556, 2.810802, 0.0 ], [ 101.714109, 2.810845, 0.0 ], [ 101.714294, 2.81147, 0.0 ], [ 101.714374, 2.811725, 0.0 ], [ 101.714747, 2.812047, 0.0 ], [ 101.714922, 2.812383, 0.0 ], [ 101.715051, 2.812795, 0.0 ], [ 101.715282, 2.813141, 0.0 ], [ 101.715291, 2.814236, 0.0 ], [ 101.715791, 2.814279, 0.0 ], [ 101.716157, 2.814188, 0.0 ], [ 101.716299, 2.814493, 0.0 ], [ 101.7166, 2.81449, 0.0 ], [ 101.71673, 2.814417, 0.0 ], [ 101.716762, 2.815917, 0.0 ], [ 101.715264, 2.81594, 0.0 ], [ 101.715129, 2.815877, 0.0 ], [ 101.714936, 2.815787, 0.0 ], [ 101.713787, 2.815872, 0.0 ], [ 101.713935, 2.816128, 0.0 ], [ 101.713915, 2.816704, 0.0 ], [ 101.7141, 2.818641, 0.0 ], [ 101.714964, 2.818653, 0.0 ], [ 101.714963, 2.818775, 0.0 ], [ 101.715089, 2.818775, 0.0 ], [ 101.715179, 2.818775, 0.0 ], [ 101.715462, 2.818775, 0.0 ], [ 101.715556, 2.819141, 0.0 ], [ 101.716498, 2.819141, 0.0 ], [ 101.716692, 2.819336, 0.0 ], [ 101.716692, 2.824166, 0.0 ], [ 101.716693, 2.824166, 0.0 ], [ 101.717054, 2.824144, 0.0 ], [ 101.716932, 2.824361, 0.0 ], [ 101.716954, 2.825525, 0.0 ], [ 101.716981, 2.827305, 0.0 ], [ 101.716929, 2.828647, 0.0 ], [ 101.717, 2.830604, 0.0 ], [ 101.717034, 2.831594, 0.0 ], [ 101.717102, 2.83358, 0.0 ], [ 101.717152, 2.834964, 0.0 ], [ 101.718726, 2.834875, 0.0 ], [ 101.718706, 2.835068, 0.0 ], [ 101.718806, 2.837784, 0.0 ], [ 101.718916, 2.839558, 0.0 ], [ 101.718951, 2.840196, 0.0 ], [ 101.71896, 2.840379, 0.0 ], [ 101.719048, 2.842177, 0.0 ], [ 101.719147, 2.84435, 0.0 ], [ 101.719229, 2.848046, 0.0 ], [ 101.721581, 2.849573, 0.0 ], [ 101.722372, 2.85015, 0.0 ], [ 101.723627, 2.851029, 0.0 ], [ 101.726404, 2.85196, 0.0 ], [ 101.729566, 2.852741, 0.0 ], [ 101.736554, 2.853873, 0.0 ], [ 101.737239, 2.853984, 0.0 ], [ 101.73805, 2.854277, 0.0 ], [ 101.737775, 2.854553, 0.0 ], [ 101.737555, 2.854817, 0.0 ], [ 101.737057, 2.854872, 0.0 ], [ 101.737032, 2.854875, 0.0 ], [ 101.736916, 2.854903, 0.0 ], [ 101.736317, 2.855389, 0.0 ], [ 101.73543, 2.856083, 0.0 ], [ 101.735212, 2.856447, 0.0 ], [ 101.735372, 2.857015, 0.0 ], [ 101.735382, 2.857051, 0.0 ], [ 101.735487, 2.857418, 0.0 ], [ 101.735548, 2.857633, 0.0 ], [ 101.735557, 2.857664, 0.0 ], [ 101.735298, 2.857838, 0.0 ], [ 101.735185, 2.857915, 0.0 ], [ 101.734806, 2.858015, 0.0 ], [ 101.734521, 2.858091, 0.0 ], [ 101.734419, 2.858118, 0.0 ], [ 101.734368, 2.858386, 0.0 ], [ 101.734369, 2.858398, 0.0 ], [ 101.734402, 2.859055, 0.0 ], [ 101.734411, 2.859229, 0.0 ], [ 101.734542, 2.860059, 0.0 ], [ 101.734553, 2.860177, 0.0 ], [ 101.734554, 2.860189, 0.0 ], [ 101.734626, 2.861008, 0.0 ], [ 101.734656, 2.861351, 0.0 ], [ 101.73462, 2.861433, 0.0 ], [ 101.734493, 2.861643, 0.0 ], [ 101.734415, 2.861772, 0.0 ], [ 101.734412, 2.861777, 0.0 ], [ 101.734381, 2.861809, 0.0 ], [ 101.734238, 2.86196, 0.0 ], [ 101.733892, 2.862323, 0.0 ], [ 101.733801, 2.862418, 0.0 ], [ 101.733752, 2.86257, 0.0 ], [ 101.733568, 2.863146, 0.0 ], [ 101.733437, 2.863729, 0.0 ], [ 101.733262, 2.864719, 0.0 ], [ 101.733058, 2.865214, 0.0 ], [ 101.732869, 2.865447, 0.0 ], [ 101.732024, 2.865898, 0.0 ], [ 101.731558, 2.866467, 0.0 ], [ 101.731121, 2.867181, 0.0 ], [ 101.73083, 2.867646, 0.0 ], [ 101.730584, 2.868258, 0.0 ], [ 101.730584, 2.868283, 0.0 ], [ 101.730598, 2.868768, 0.0 ], [ 101.730758, 2.869102, 0.0 ], [ 101.731122, 2.869466, 0.0 ], [ 101.731516, 2.869729, 0.0 ], [ 101.731719, 2.869947, 0.0 ], [ 101.731574, 2.870268, 0.0 ], [ 101.731392, 2.870579, 0.0 ], [ 101.731356, 2.870619, 0.0 ], [ 101.731313, 2.870663, 0.0 ], [ 101.731284, 2.870707, 0.0 ], [ 101.731255, 2.870736, 0.0 ], [ 101.73124, 2.87078, 0.0 ], [ 101.731211, 2.870823, 0.0 ], [ 101.731168, 2.87091, 0.0 ], [ 101.731139, 2.870954, 0.0 ], [ 101.731125, 2.870998, 0.0 ], [ 101.731096, 2.871041, 0.0 ], [ 101.731081, 2.871085, 0.0 ], [ 101.731067, 2.871143, 0.0 ], [ 101.731052, 2.871187, 0.0 ], [ 101.731038, 2.871231, 0.0 ], [ 101.731023, 2.871289, 0.0 ], [ 101.731009, 2.871333, 0.0 ], [ 101.731009, 2.871391, 0.0 ], [ 101.730994, 2.871434, 0.0 ], [ 101.730994, 2.871478, 0.0 ], [ 101.73098, 2.871536, 0.0 ], [ 101.73098, 2.87158, 0.0 ], [ 101.73098, 2.871624, 0.0 ], [ 101.73098, 2.871625, 0.0 ], [ 101.731104, 2.871583, 0.0 ], [ 101.731166, 2.871578, 0.0 ], [ 101.731167, 2.871577, 0.0 ], [ 101.731261, 2.871558, 0.0 ], [ 101.731341, 2.871547, 0.0 ], [ 101.731428, 2.871535, 0.0 ], [ 101.731518, 2.871523, 0.0 ], [ 101.731609, 2.87151, 0.0 ], [ 101.73161, 2.871509, 0.0 ], [ 101.731903, 2.871473, 0.0 ], [ 101.732057, 2.871454, 0.0 ], [ 101.732344, 2.871419, 0.0 ], [ 101.732503, 2.871402, 0.0 ], [ 101.732599, 2.871379, 0.0 ], [ 101.732849, 2.871127, 0.0 ], [ 101.733824, 2.87102, 0.0 ], [ 101.733809, 2.870947, 0.0 ], [ 101.733587, 2.86971, 0.0 ], [ 101.733535, 2.869421, 0.0 ], [ 101.73349, 2.869172, 0.0 ], [ 101.733423, 2.868793, 0.0 ], [ 101.7334, 2.868669, 0.0 ], [ 101.733379, 2.868624, 0.0 ], [ 101.736115, 2.869303, 0.0 ], [ 101.737012, 2.86946, 0.0 ], [ 101.737103, 2.869471, 0.0 ], [ 101.738553, 2.869654, 0.0 ], [ 101.74023, 2.869804, 0.0 ], [ 101.742305, 2.869964, 0.0 ], [ 101.745115, 2.870125, 0.0 ], [ 101.747427, 2.869975, 0.0 ], [ 101.74818, 2.870004, 0.0 ], [ 101.751116, 2.870403, 0.0 ], [ 101.751236, 2.870408, 0.0 ], [ 101.751265, 2.870468, 0.0 ], [ 101.753719, 2.870379, 0.0 ], [ 101.754497, 2.870376, 0.0 ], [ 101.757573, 2.870251, 0.0 ], [ 101.758574, 2.870255, 0.0 ], [ 101.761934, 2.870163, 0.0 ], [ 101.762715, 2.87012, 0.0 ], [ 101.764539, 2.870054, 0.0 ], [ 101.765971, 2.870002, 0.0 ], [ 101.76632, 2.869987, 0.0 ], [ 101.766945, 2.870043, 0.0 ], [ 101.767337, 2.870033, 0.0 ], [ 101.768701, 2.869999, 0.0 ], [ 101.769854, 2.869966, 0.0 ], [ 101.770769, 2.869938, 0.0 ], [ 101.771129, 2.869918, 0.0 ], [ 101.772666, 2.869879, 0.0 ], [ 101.772764, 2.869875, 0.0 ], [ 101.774073, 2.869831, 0.0 ], [ 101.774076, 2.869831, 0.0 ], [ 101.774506, 2.869817, 0.0 ], [ 101.77532, 2.869789, 0.0 ], [ 101.777285, 2.869723, 0.0 ], [ 101.779083, 2.869663, 0.0 ], [ 101.779687, 2.869642, 0.0 ], [ 101.781483, 2.86958, 0.0 ], [ 101.782687, 2.869542, 0.0 ], [ 101.783184, 2.869526, 0.0 ], [ 101.783766, 2.869507, 0.0 ], [ 101.785575, 2.869443, 0.0 ], [ 101.785665, 2.869445, 0.0 ], [ 101.785968, 2.869437, 0.0 ], [ 101.786352, 2.869426, 0.0 ], [ 101.788957, 2.869351, 0.0 ], [ 101.789244, 2.869341, 0.0 ], [ 101.789674, 2.869408, 0.0 ], [ 101.78879, 2.871774, 0.0 ], [ 101.788691, 2.871987, 0.0 ], [ 101.787142, 2.874029, 0.0 ], [ 101.78697, 2.874288, 0.0 ], [ 101.784951, 2.876745, 0.0 ], [ 101.783869, 2.877472, 0.0 ], [ 101.783549, 2.877688, 0.0 ], [ 101.781403, 2.87913, 0.0 ], [ 101.77946, 2.880035, 0.0 ], [ 101.774876, 2.882586, 0.0 ], [ 101.772743, 2.883499, 0.0 ], [ 101.771334, 2.884231, 0.0 ], [ 101.770761, 2.884528, 0.0 ], [ 101.769679, 2.885276, 0.0 ], [ 101.768441, 2.886824, 0.0 ], [ 101.76723, 2.890064, 0.0 ], [ 101.767197, 2.89039, 0.0 ], [ 101.767197, 2.890391, 0.0 ], [ 101.767195, 2.890409, 0.0 ], [ 101.767138, 2.890979, 0.0 ], [ 101.767078, 2.891576, 0.0 ], [ 101.767035, 2.895666, 0.0 ], [ 101.767011, 2.898122, 0.0 ], [ 101.766835, 2.898141, 0.0 ], [ 101.766763, 2.898148, 0.0 ], [ 101.76602, 2.899366, 0.0 ], [ 101.766016, 2.89942, 0.0 ], [ 101.76602, 2.899444, 0.0 ], [ 101.766099, 2.899463, 0.0 ], [ 101.766143, 2.899478, 0.0 ], [ 101.766369, 2.899557, 0.0 ], [ 101.766802, 2.900062, 0.0 ], [ 101.766858, 2.900117, 0.0 ], [ 101.766981, 2.900238, 0.0 ], [ 101.76698, 2.900278, 0.0 ], [ 101.766979, 2.900375, 0.0 ], [ 101.766975, 2.90058, 0.0 ], [ 101.766972, 2.900786, 0.0 ], [ 101.766952, 2.901969, 0.0 ], [ 101.76668, 2.903481, 0.0 ], [ 101.766554, 2.904182, 0.0 ], [ 101.766548, 2.904219, 0.0 ], [ 101.76632, 2.90475, 0.0 ], [ 101.765856, 2.905834, 0.0 ], [ 101.765596, 2.90644, 0.0 ], [ 101.765162, 2.907061, 0.0 ], [ 101.76441, 2.908138, 0.0 ], [ 101.76421, 2.908425, 0.0 ], [ 101.76367, 2.908893, 0.0 ], [ 101.763383, 2.909142, 0.0 ], [ 101.763218, 2.909285, 0.0 ], [ 101.762936, 2.90953, 0.0 ], [ 101.762659, 2.90977, 0.0 ], [ 101.762291, 2.910089, 0.0 ], [ 101.761417, 2.910847, 0.0 ], [ 101.760499, 2.911586, 0.0 ], [ 101.760471, 2.911609, 0.0 ], [ 101.760091, 2.911915, 0.0 ], [ 101.759128, 2.912692, 0.0 ], [ 101.758881, 2.912971, 0.0 ], [ 101.758637, 2.913245, 0.0 ], [ 101.757882, 2.914098, 0.0 ], [ 101.757483, 2.914853, 0.0 ], [ 101.757043, 2.915686, 0.0 ], [ 101.756941, 2.915879, 0.0 ], [ 101.756823, 2.916388, 0.0 ], [ 101.756462, 2.917952, 0.0 ], [ 101.756438, 2.918054, 0.0 ], [ 101.756432, 2.918168, 0.0 ], [ 101.756435, 2.918302, 0.0 ], [ 101.756443, 2.918694, 0.0 ], [ 101.756471, 2.920092, 0.0 ], [ 101.756638, 2.920842, 0.0 ], [ 101.756668, 2.920974, 0.0 ], [ 101.756835, 2.921723, 0.0 ], [ 101.756911, 2.922064, 0.0 ], [ 101.757152, 2.923144, 0.0 ], [ 101.757154, 2.923152, 0.0 ], [ 101.757082, 2.923328, 0.0 ], [ 101.756739, 2.924104, 0.0 ], [ 101.756751, 2.924553, 0.0 ], [ 101.75686, 2.925445, 0.0 ], [ 101.756928, 2.926023, 0.0 ], [ 101.756938, 2.926111, 0.0 ], [ 101.756949, 2.926204, 0.0 ], [ 101.756949, 2.926205, 0.0 ], [ 101.75697, 2.926376, 0.0 ], [ 101.757011, 2.926729, 0.0 ], [ 101.757118, 2.927626, 0.0 ], [ 101.757129, 2.927716, 0.0 ], [ 101.757027, 2.928251, 0.0 ], [ 101.756992, 2.928429, 0.0 ], [ 101.756648, 2.930029, 0.0 ], [ 101.755956, 2.931854, 0.0 ], [ 101.755769, 2.932346, 0.0 ], [ 101.755755, 2.932382, 0.0 ], [ 101.755741, 2.933204, 0.0 ], [ 101.755584, 2.933202, 0.0 ], [ 101.755505, 2.933623, 0.0 ], [ 101.755184, 2.93409, 0.0 ], [ 101.754829, 2.934606, 0.0 ], [ 101.754527, 2.935331, 0.0 ], [ 101.754438, 2.935583, 0.0 ], [ 101.753452, 2.938362, 0.0 ], [ 101.753177, 2.939512, 0.0 ], [ 101.753029, 2.940128, 0.0 ], [ 101.752734, 2.941361, 0.0 ], [ 101.752647, 2.942126, 0.0 ], [ 101.752646, 2.942135, 0.0 ], [ 101.752456, 2.943816, 0.0 ], [ 101.752357, 2.944692, 0.0 ], [ 101.75229, 2.946405, 0.0 ], [ 101.752219, 2.948235, 0.0 ], [ 101.7522, 2.948372, 0.0 ], [ 101.751892, 2.95062, 0.0 ], [ 101.751857, 2.95088, 0.0 ], [ 101.751402, 2.952335, 0.0 ], [ 101.751134, 2.953189, 0.0 ], [ 101.749593, 2.955955, 0.0 ], [ 101.749404, 2.956241, 0.0 ], [ 101.748609, 2.957446, 0.0 ], [ 101.748448, 2.95769, 0.0 ], [ 101.748146, 2.958148, 0.0 ], [ 101.748107, 2.958208, 0.0 ], [ 101.747158, 2.959707, 0.0 ], [ 101.746802, 2.960269, 0.0 ], [ 101.746533, 2.960696, 0.0 ], [ 101.746513, 2.960727, 0.0 ], [ 101.746015, 2.961515, 0.0 ], [ 101.745652, 2.96222, 0.0 ], [ 101.745342, 2.962822, 0.0 ], [ 101.744785, 2.963905, 0.0 ], [ 101.744731, 2.964009, 0.0 ], [ 101.744536, 2.964388, 0.0 ], [ 101.743967, 2.966032, 0.0 ], [ 101.743492, 2.9674, 0.0 ], [ 101.743142, 2.969177, 0.0 ], [ 101.742931, 2.970248, 0.0 ], [ 101.742908, 2.970737, 0.0 ], [ 101.7429, 2.970888, 0.0 ], [ 101.742761, 2.97376, 0.0 ], [ 101.74277, 2.974043, 0.0 ], [ 101.742825, 2.975905, 0.0 ], [ 101.742877, 2.97765, 0.0 ], [ 101.742771, 2.979929, 0.0 ], [ 101.742756, 2.980251, 0.0 ], [ 101.742535, 2.981205, 0.0 ], [ 101.742535, 2.981206, 0.0 ], [ 101.742322, 2.982143, 0.0 ], [ 101.74162, 2.984035, 0.0 ], [ 101.741538, 2.98419, 0.0 ], [ 101.74102, 2.985162, 0.0 ], [ 101.740931, 2.985326, 0.0 ], [ 101.740438, 2.986241, 0.0 ], [ 101.739822, 2.987383, 0.0 ], [ 101.738169, 2.990314, 0.0 ], [ 101.737866, 2.990852, 0.0 ], [ 101.737121, 2.992232, 0.0 ], [ 101.736654, 2.993097, 0.0 ], [ 101.736485, 2.993383, 0.0 ], [ 101.735909, 2.99436, 0.0 ], [ 101.73583, 2.994494, 0.0 ], [ 101.735313, 2.995368, 0.0 ], [ 101.734756, 2.996023, 0.0 ], [ 101.733714, 2.997249, 0.0 ], [ 101.733191, 2.997674, 0.0 ], [ 101.732479, 2.998252, 0.0 ], [ 101.73194, 2.998689, 0.0 ], [ 101.7313, 2.999209, 0.0 ], [ 101.730963, 2.999451, 0.0 ], [ 101.729271, 3.000666, 0.0 ], [ 101.728459, 3.001249, 0.0 ], [ 101.728323, 3.001347, 0.0 ], [ 101.728188, 3.001483, 0.0 ], [ 101.728043, 3.001627, 0.0 ], [ 101.727731, 3.001939, 0.0 ], [ 101.727208, 3.002463, 0.0 ], [ 101.726799, 3.002873, 0.0 ], [ 101.72652, 3.003152, 0.0 ], [ 101.725194, 3.005165, 0.0 ], [ 101.724453, 3.00629, 0.0 ], [ 101.72436, 3.006448, 0.0 ], [ 101.724021, 3.007024, 0.0 ], [ 101.723127, 3.008541, 0.0 ], [ 101.722288, 3.009966, 0.0 ], [ 101.721561, 3.0112, 0.0 ], [ 101.721147, 3.011905, 0.0 ], [ 101.720923, 3.011777, 0.0 ], [ 101.720628, 3.011607, 0.0 ], [ 101.720437, 3.011497, 0.0 ], [ 101.719711, 3.011088, 0.0 ], [ 101.719083, 3.010283, 0.0 ], [ 101.718456, 3.009463, 0.0 ], [ 101.718385, 3.009373, 0.0 ], [ 101.71835, 3.009328, 0.0 ], [ 101.718315, 3.009282, 0.0 ], [ 101.718279, 3.009237, 0.0 ], [ 101.718269, 3.009224, 0.0 ], [ 101.718219, 3.00916, 0.0 ], [ 101.718184, 3.009115, 0.0 ], [ 101.718149, 3.009069, 0.0 ], [ 101.718139, 3.009057, 0.0 ], [ 101.718114, 3.009024, 0.0 ], [ 101.718104, 3.009012, 0.0 ], [ 101.718078, 3.008979, 0.0 ], [ 101.718069, 3.008967, 0.0 ], [ 101.718019, 3.008902, 0.0 ], [ 101.718009, 3.00889, 0.0 ], [ 101.717977, 3.008849, 0.0 ], [ 101.717967, 3.008837, 0.0 ], [ 101.717936, 3.008796, 0.0 ], [ 101.717926, 3.008784, 0.0 ], [ 101.717915, 3.00877, 0.0 ], [ 101.717807, 3.008632, 0.0 ], [ 101.717797, 3.008619, 0.0 ], [ 101.717609, 3.008377, 0.0 ], [ 101.717468, 3.007936, 0.0 ], [ 101.717253, 3.007398, 0.0 ], [ 101.717288, 3.007375, 0.0 ], [ 101.717367, 3.007374, 0.0 ], [ 101.717403, 3.007372, 0.0 ], [ 101.717662, 3.007361, 0.0 ], [ 101.717777, 3.007356, 0.0 ], [ 101.718187, 3.007323, 0.0 ], [ 101.718189, 3.007359, 0.0 ], [ 101.718452, 3.007338, 0.0 ], [ 101.71845, 3.007302, 0.0 ], [ 101.718265, 3.003526, 0.0 ], [ 101.718307, 3.003212, 0.0 ], [ 101.718451, 3.002129, 0.0 ], [ 101.718655, 3.000671, 0.0 ], [ 101.718772, 2.999792, 0.0 ], [ 101.718795, 2.999619, 0.0 ], [ 101.719028, 2.997921, 0.0 ], [ 101.719038, 2.997844, 0.0 ], [ 101.719068, 2.997628, 0.0 ], [ 101.719211, 2.996581, 0.0 ], [ 101.719238, 2.996385, 0.0 ], [ 101.719246, 2.996323, 0.0 ], [ 101.719281, 2.994498, 0.0 ], [ 101.719239, 2.992806, 0.0 ], [ 101.718867, 2.99122, 0.0 ], [ 101.71882, 2.990999, 0.0 ], [ 101.718406, 2.98923, 0.0 ], [ 101.718405, 2.989229, 0.0 ], [ 101.718405, 2.989227, 0.0 ], [ 101.71834, 2.989158, 0.0 ], [ 101.71784, 2.988621, 0.0 ], [ 101.716459, 2.988188, 0.0 ], [ 101.71474, 2.987419, 0.0 ], [ 101.713801, 2.986611, 0.0 ], [ 101.713579, 2.986395, 0.0 ], [ 101.71371, 2.985903, 0.0 ], [ 101.714253, 2.983872, 0.0 ], [ 101.714083, 2.983855, 0.0 ], [ 101.71363, 2.983813, 0.0 ], [ 101.711654, 2.983628, 0.0 ], [ 101.711249, 2.983591, 0.0 ], [ 101.710561, 2.983526, 0.0 ], [ 101.708863, 2.983371, 0.0 ], [ 101.708251, 2.983315, 0.0 ], [ 101.707919, 2.983277, 0.0 ], [ 101.706355, 2.983133, 0.0 ], [ 101.705417, 2.983046, 0.0 ], [ 101.703641, 2.982877, 0.0 ], [ 101.701444, 2.982663, 0.0 ], [ 101.699479, 2.982464, 0.0 ], [ 101.698021, 2.982318, 0.0 ], [ 101.6965, 2.982165, 0.0 ], [ 101.694722, 2.981987, 0.0 ], [ 101.692393, 2.981745, 0.0 ], [ 101.690661, 2.981571, 0.0 ], [ 101.688769, 2.981389, 0.0 ], [ 101.686758, 2.98121, 0.0 ], [ 101.684618, 2.981068, 0.0 ], [ 101.682613, 2.980921, 0.0 ], [ 101.68132, 2.980842, 0.0 ], [ 101.680423, 2.980829, 0.0 ], [ 101.680155, 2.980823, 0.0 ], [ 101.679524, 2.980809, 0.0 ], [ 101.677728, 2.980753, 0.0 ], [ 101.677312, 2.980755, 0.0 ], [ 101.677255, 2.980755, 0.0 ], [ 101.67664, 2.980757, 0.0 ], [ 101.67627, 2.980758, 0.0 ], [ 101.676242, 2.980758, 0.0 ], [ 101.676095, 2.980759, 0.0 ], [ 101.675992, 2.980757, 0.0 ], [ 101.67595, 2.980756, 0.0 ], [ 101.675714, 2.980751, 0.0 ], [ 101.675686, 2.98075, 0.0 ], [ 101.675449, 2.980745, 0.0 ], [ 101.675407, 2.980745, 0.0 ], [ 101.674768, 2.980731, 0.0 ], [ 101.674495, 2.980726, 0.0 ], [ 101.674494, 2.980726, 0.0 ], [ 101.674296, 2.980721, 0.0 ], [ 101.674295, 2.980717, 0.0 ], [ 101.67416, 2.980714, 0.0 ], [ 101.673992, 2.980711, 0.0 ], [ 101.673882, 2.980708, 0.0 ], [ 101.673772, 2.980706, 0.0 ], [ 101.673663, 2.980703, 0.0 ], [ 101.673553, 2.980701, 0.0 ], [ 101.673444, 2.980698, 0.0 ], [ 101.673334, 2.980696, 0.0 ], [ 101.673224, 2.980694, 0.0 ], [ 101.673115, 2.980691, 0.0 ], [ 101.673005, 2.980689, 0.0 ], [ 101.67284, 2.980685, 0.0 ], [ 101.672676, 2.980681, 0.0 ], [ 101.672512, 2.980678, 0.0 ], [ 101.672501, 2.980677, 0.0 ], [ 101.672347, 2.980677, 0.0 ], [ 101.672183, 2.980676, 0.0 ], [ 101.672018, 2.980676, 0.0 ], [ 101.671854, 2.980675, 0.0 ], [ 101.671689, 2.980675, 0.0 ], [ 101.671525, 2.980674, 0.0 ], [ 101.67136, 2.980674, 0.0 ], [ 101.671196, 2.980673, 0.0 ], [ 101.671031, 2.980673, 0.0 ], [ 101.670881, 2.980676, 0.0 ], [ 101.670673, 2.980675, 0.0 ], [ 101.668875, 2.980636, 0.0 ], [ 101.668893, 2.980568, 0.0 ], [ 101.664358, 2.980558, 0.0 ], [ 101.664177, 2.980552, 0.0 ], [ 101.663399, 2.980526, 0.0 ], [ 101.662877, 2.980517, 0.0 ], [ 101.655353, 2.9804, 0.0 ], [ 101.645294, 2.980229, 0.0 ], [ 101.645301, 2.980078, 0.0 ], [ 101.645303, 2.980031, 0.0 ], [ 101.645307, 2.979914, 0.0 ], [ 101.643814, 2.979921, 0.0 ], [ 101.641821, 2.979932, 0.0 ], [ 101.641819, 2.979934, 0.0 ], [ 101.641631, 2.979929, 0.0 ], [ 101.641619, 2.979908, 0.0 ], [ 101.641411, 2.979909, 0.0 ], [ 101.64113, 2.97991, 0.0 ], [ 101.640871, 2.979911, 0.0 ], [ 101.640387, 2.979914, 0.0 ], [ 101.640075, 2.979915, 0.0 ], [ 101.640015, 2.979916, 0.0 ], [ 101.639937, 2.979917, 0.0 ], [ 101.63893, 2.97993, 0.0 ], [ 101.63829, 2.979938, 0.0 ], [ 101.637411, 2.979949, 0.0 ], [ 101.636825, 2.979957, 0.0 ], [ 101.636631, 2.979959, 0.0 ], [ 101.636508, 2.979961, 0.0 ], [ 101.635476, 2.979974, 0.0 ], [ 101.634581, 2.979986, 0.0 ], [ 101.633974, 2.979993, 0.0 ], [ 101.633882, 2.979997, 0.0 ], [ 101.633091, 2.980025, 0.0 ], [ 101.632178, 2.980058, 0.0 ], [ 101.631796, 2.980054, 0.0 ], [ 101.631456, 2.98005, 0.0 ], [ 101.630857, 2.980044, 0.0 ], [ 101.629089, 2.980097, 0.0 ], [ 101.628785, 2.980106, 0.0 ], [ 101.619879, 2.980055, 0.0 ], [ 101.619549, 2.980053, 0.0 ], [ 101.619418, 2.980123, 0.0 ], [ 101.619285, 2.98019, 0.0 ], [ 101.619283, 2.980191, 0.0 ], [ 101.619161, 2.980249, 0.0 ], [ 101.619039, 2.980306, 0.0 ], [ 101.618593, 2.980306, 0.0 ], [ 101.61742, 2.980306, 0.0 ], [ 101.615969, 2.980304, 0.0 ], [ 101.614941, 2.980303, 0.0 ], [ 101.614662, 2.980305, 0.0 ], [ 101.614629, 2.980305, 0.0 ], [ 101.612866, 2.980322, 0.0 ], [ 101.608586, 2.980363, 0.0 ], [ 101.608585, 2.980363, 0.0 ], [ 101.604339, 2.980115, 0.0 ], [ 101.603795, 2.980112, 0.0 ], [ 101.600821, 2.980095, 0.0 ], [ 101.600406, 2.9802, 0.0 ], [ 101.599772, 2.980199, 0.0 ], [ 101.599734, 2.980199, 0.0 ], [ 101.598409, 2.98019, 0.0 ], [ 101.597865, 2.980187, 0.0 ], [ 101.595972, 2.980175, 0.0 ], [ 101.595496, 2.980172, 0.0 ], [ 101.595053, 2.980105, 0.0 ], [ 101.594951, 2.980033, 0.0 ], [ 101.591523, 2.98009, 0.0 ], [ 101.591338, 2.980093, 0.0 ], [ 101.58711, 2.980073, 0.0 ], [ 101.585363, 2.980007, 0.0 ], [ 101.584365, 2.979966, 0.0 ], [ 101.584293, 2.979966, 0.0 ], [ 101.583741, 2.97973, 0.0 ], [ 101.582859, 2.979353, 0.0 ], [ 101.581572, 2.978803, 0.0 ], [ 101.58133, 2.978747, 0.0 ], [ 101.577068, 2.976852, 0.0 ], [ 101.57819, 2.974533, 0.0 ], [ 101.578201, 2.974509, 0.0 ], [ 101.579212, 2.972402, 0.0 ], [ 101.579213, 2.972403, 0.0 ], [ 101.57942, 2.971966, 0.0 ], [ 101.579906, 2.970949, 0.0 ], [ 101.581522, 2.96763, 0.0 ], [ 101.584618, 2.961578, 0.0 ], [ 101.584751, 2.961661, 0.0 ], [ 101.585027, 2.961834, 0.0 ], [ 101.58869, 2.953889, 0.0 ], [ 101.58923, 2.952856, 0.0 ], [ 101.589957, 2.951463, 0.0 ], [ 101.591207, 2.949116, 0.0 ], [ 101.592497, 2.946729, 0.0 ], [ 101.593535, 2.944538, 0.0 ], [ 101.593684, 2.944231, 0.0 ], [ 101.594196, 2.943215, 0.0 ], [ 101.594854, 2.941913, 0.0 ], [ 101.595278, 2.941133, 0.0 ], [ 101.595285, 2.94112, 0.0 ], [ 101.596176, 2.939481, 0.0 ], [ 101.597481, 2.937115, 0.0 ], [ 101.598406, 2.93535, 0.0 ], [ 101.599127, 2.933966, 0.0 ], [ 101.599435, 2.93413, 0.0 ], [ 101.600401, 2.932308, 0.0 ], [ 101.601006, 2.931151, 0.0 ], [ 101.601032, 2.931101, 0.0 ], [ 101.600756, 2.930958, 0.0 ], [ 101.600709, 2.930934, 0.0 ], [ 101.600902, 2.930564, 0.0 ], [ 101.601701, 2.929036, 0.0 ], [ 101.602113, 2.928246, 0.0 ], [ 101.602697, 2.927129, 0.0 ], [ 101.603848, 2.924676, 0.0 ], [ 101.604633, 2.923062, 0.0 ], [ 101.604635, 2.923059, 0.0 ], [ 101.604872, 2.92257, 0.0 ], [ 101.605125, 2.922081, 0.0 ], [ 101.605175, 2.922033, 0.0 ], [ 101.605177, 2.92203, 0.0 ], [ 101.605725, 2.920966, 0.0 ], [ 101.609116, 2.914739, 0.0 ], [ 101.610041, 2.913708, 0.0 ], [ 101.610273, 2.912853, 0.0 ], [ 101.610712, 2.911732, 0.0 ], [ 101.61082, 2.911432, 0.0 ], [ 101.61102, 2.911086, 0.0 ], [ 101.611306, 2.910559, 0.0 ], [ 101.611659, 2.909924, 0.0 ], [ 101.612115, 2.90938, 0.0 ], [ 101.612629, 2.908766, 0.0 ], [ 101.612779, 2.908441, 0.0 ], [ 101.612958, 2.90779, 0.0 ], [ 101.615961, 2.90153, 0.0 ], [ 101.616837, 2.899705, 0.0 ], [ 101.618746, 2.895725, 0.0 ], [ 101.619317, 2.894631, 0.0 ], [ 101.619912, 2.893405, 0.0 ], [ 101.620512, 2.89219, 0.0 ], [ 101.621649, 2.890062, 0.0 ], [ 101.622182, 2.889016, 0.0 ], [ 101.622871, 2.887677, 0.0 ], [ 101.623361, 2.886678, 0.0 ], [ 101.623752, 2.886068, 0.0 ], [ 101.624236, 2.885308, 0.0 ], [ 101.625407, 2.883688, 0.0 ], [ 101.625499, 2.883573, 0.0 ], [ 101.625937, 2.883029, 0.0 ], [ 101.629223, 2.876581, 0.0 ], [ 101.63423, 2.866754, 0.0 ], [ 101.63424, 2.866736, 0.0 ], [ 101.636535, 2.862366, 0.0 ], [ 101.636817, 2.861831, 0.0 ], [ 101.637476, 2.860577, 0.0 ], [ 101.638136, 2.859322, 0.0 ], [ 101.638843, 2.857976, 0.0 ], [ 101.639519, 2.856689, 0.0 ], [ 101.640536, 2.854759, 0.0 ], [ 101.641101, 2.853682, 0.0 ], [ 101.641194, 2.853505, 0.0 ], [ 101.641476, 2.852966, 0.0 ], [ 101.641602, 2.852725, 0.0 ], [ 101.642074, 2.851824, 0.0 ], [ 101.642318, 2.851357, 0.0 ], [ 101.642968, 2.850111, 0.0 ], [ 101.642803, 2.850034, 0.0 ], [ 101.640854, 2.848776, 0.0 ], [ 101.638599, 2.847321, 0.0 ], [ 101.637615, 2.846686, 0.0 ], [ 101.635359, 2.84523, 0.0 ], [ 101.634542, 2.844702, 0.0 ], [ 101.633886, 2.846024, 0.0 ], [ 101.633106, 2.847667, 0.0 ], [ 101.632416, 2.84912, 0.0 ], [ 101.631543, 2.850957, 0.0 ], [ 101.631073, 2.851938, 0.0 ], [ 101.630256, 2.853549, 0.0 ], [ 101.630253, 2.853563, 0.0 ], [ 101.627594, 2.853552, 0.0 ], [ 101.625387, 2.853542, 0.0 ], [ 101.62271, 2.853531, 0.0 ], [ 101.620051, 2.853519, 0.0 ], [ 101.61741, 2.853508, 0.0 ], [ 101.614877, 2.853498, 0.0 ], [ 101.613068, 2.853493, 0.0 ], [ 101.610934, 2.853493, 0.0 ], [ 101.609125, 2.853493, 0.0 ], [ 101.607504, 2.853494, 0.0 ], [ 101.60736, 2.853494, 0.0 ], [ 101.605977, 2.853494, 0.0 ], [ 101.604782, 2.853494, 0.0 ], [ 101.602937, 2.853494, 0.0 ], [ 101.602104, 2.853494, 0.0 ], [ 101.600755, 2.853494, 0.0 ], [ 101.599401, 2.853493, 0.0 ], [ 101.599036, 2.853493, 0.0 ], [ 101.597996, 2.853493, 0.0 ], [ 101.596038, 2.853478, 0.0 ], [ 101.59379, 2.853458, 0.0 ], [ 101.59108, 2.853444, 0.0 ], [ 101.590245, 2.853437, 0.0 ], [ 101.590246, 2.854148, 0.0 ], [ 101.590247, 2.855371, 0.0 ], [ 101.590247, 2.857317, 0.0 ], [ 101.590247, 2.857755, 0.0 ], [ 101.585244, 2.857948, 0.0 ], [ 101.585241, 2.858166, 0.0 ], [ 101.5848, 2.858166, 0.0 ], [ 101.584352, 2.858166, 0.0 ], [ 101.583904, 2.858166, 0.0 ], [ 101.583456, 2.858166, 0.0 ], [ 101.583008, 2.858166, 0.0 ], [ 101.58256, 2.858166, 0.0 ], [ 101.582112, 2.858166, 0.0 ], [ 101.581664, 2.858166, 0.0 ], [ 101.581215, 2.858166, 0.0 ], [ 101.580767, 2.858166, 0.0 ], [ 101.580344, 2.858166, 0.0 ], [ 101.580319, 2.858166, 0.0 ], [ 101.579971, 2.858166, 0.0 ], [ 101.579881, 2.858166, 0.0 ], [ 101.579681, 2.858178, 0.0 ], [ 101.579667, 2.854075, 0.0 ], [ 101.578699, 2.85313, 0.0 ], [ 101.578685, 2.853118, 0.0 ], [ 101.578323, 2.852799, 0.0 ], [ 101.578051, 2.852559, 0.0 ], [ 101.57795, 2.85247, 0.0 ], [ 101.576366, 2.851076, 0.0 ], [ 101.574328, 2.849282, 0.0 ], [ 101.57279, 2.847929, 0.0 ], [ 101.572389, 2.847577, 0.0 ], [ 101.572359, 2.84755, 0.0 ], [ 101.567474, 2.843427, 0.0 ], [ 101.563846, 2.840366, 0.0 ], [ 101.56188, 2.838568, 0.0 ], [ 101.56188, 2.838567, 0.0 ], [ 101.559015, 2.83856, 0.0 ], [ 101.559989, 2.835327, 0.0 ], [ 101.560296, 2.834213, 0.0 ], [ 101.561259, 2.830705, 0.0 ], [ 101.561463, 2.830006, 0.0 ], [ 101.56148, 2.829946, 0.0 ], [ 101.563002, 2.829927, 0.0 ], [ 101.566755, 2.829881, 0.0 ], [ 101.569613, 2.829937, 0.0 ], [ 101.573359, 2.830137, 0.0 ], [ 101.57848, 2.827948, 0.0 ], [ 101.57496, 2.823953, 0.0 ], [ 101.576495, 2.823468, 0.0 ], [ 101.576145, 2.822231, 0.0 ], [ 101.576115, 2.822047, 0.0 ], [ 101.576118, 2.821978, 0.0 ], [ 101.576127, 2.821909, 0.0 ], [ 101.576142, 2.821842, 0.0 ], [ 101.576163, 2.821776, 0.0 ], [ 101.57619, 2.821712, 0.0 ], [ 101.576222, 2.821651, 0.0 ], [ 101.57626, 2.821593, 0.0 ], [ 101.576303, 2.821538, 0.0 ], [ 101.576378, 2.821482, 0.0 ], [ 101.576457, 2.82143, 0.0 ], [ 101.576538, 2.821383, 0.0 ], [ 101.576622, 2.82134, 0.0 ], [ 101.576767, 2.821254, 0.0 ], [ 101.576864, 2.821156, 0.0 ], [ 101.577109, 2.821107, 0.0 ], [ 101.57697, 2.820934, 0.0 ], [ 101.576342, 2.818699, 0.0 ], [ 101.577422, 2.818353, 0.0 ], [ 101.577747, 2.818368, 0.0 ], [ 101.57771, 2.817791, 0.0 ], [ 101.577656, 2.816828, 0.0 ], [ 101.578109, 2.816735, 0.0 ], [ 101.579149, 2.816518, 0.0 ], [ 101.580279, 2.81641, 0.0 ], [ 101.581589, 2.816266, 0.0 ], [ 101.582611, 2.816482, 0.0 ], [ 101.583598, 2.816825, 0.0 ], [ 101.584175, 2.817076, 0.0 ], [ 101.584261, 2.817113, 0.0 ], [ 101.584527, 2.817381, 0.0 ], [ 101.584835, 2.817715, 0.0 ], [ 101.585149, 2.818055, 0.0 ], [ 101.585045, 2.817744, 0.0 ], [ 101.584948, 2.817431, 0.0 ], [ 101.584857, 2.817115, 0.0 ], [ 101.584772, 2.816798, 0.0 ], [ 101.584694, 2.81648, 0.0 ], [ 101.584622, 2.816159, 0.0 ], [ 101.584557, 2.815838, 0.0 ], [ 101.584498, 2.815515, 0.0 ], [ 101.58442, 2.815362, 0.0 ], [ 101.584348, 2.815206, 0.0 ], [ 101.584282, 2.815048, 0.0 ], [ 101.584223, 2.814887, 0.0 ], [ 101.584171, 2.814723, 0.0 ], [ 101.584125, 2.814557, 0.0 ], [ 101.584087, 2.81439, 0.0 ], [ 101.584055, 2.814221, 0.0 ], [ 101.584031, 2.814051, 0.0 ], [ 101.584013, 2.813881, 0.0 ], [ 101.584002, 2.813709, 0.0 ], [ 101.583999, 2.813537, 0.0 ], [ 101.584002, 2.813366, 0.0 ], [ 101.584013, 2.813194, 0.0 ], [ 101.584031, 2.813023, 0.0 ], [ 101.584056, 2.812853, 0.0 ], [ 101.584088, 2.812685, 0.0 ], [ 101.584126, 2.812517, 0.0 ], [ 101.584172, 2.812352, 0.0 ], [ 101.584224, 2.812188, 0.0 ], [ 101.584284, 2.812027, 0.0 ], [ 101.584343, 2.811883, 0.0 ], [ 101.584408, 2.811741, 0.0 ], [ 101.584478, 2.811602, 0.0 ], [ 101.584523, 2.811518, 0.0 ], [ 101.585114, 2.811002, 0.0 ], [ 101.585233, 2.810899, 0.0 ], [ 101.585405, 2.810821, 0.0 ], [ 101.585574, 2.810738, 0.0 ], [ 101.58574, 2.810648, 0.0 ], [ 101.585903, 2.810552, 0.0 ], [ 101.586063, 2.810451, 0.0 ], [ 101.586218, 2.810344, 0.0 ], [ 101.58637, 2.810231, 0.0 ], [ 101.586518, 2.810113, 0.0 ], [ 101.586661, 2.80999, 0.0 ], [ 101.5868, 2.809861, 0.0 ], [ 101.586934, 2.809728, 0.0 ], [ 101.587063, 2.80959, 0.0 ], [ 101.587188, 2.809447, 0.0 ], [ 101.587307, 2.8093, 0.0 ], [ 101.587421, 2.809149, 0.0 ], [ 101.587529, 2.808994, 0.0 ], [ 101.587632, 2.808835, 0.0 ], [ 101.587729, 2.808672, 0.0 ], [ 101.587821, 2.808506, 0.0 ], [ 101.587906, 2.808337, 0.0 ], [ 101.587985, 2.808165, 0.0 ], [ 101.588058, 2.80799, 0.0 ], [ 101.588125, 2.807812, 0.0 ], [ 101.588185, 2.807633, 0.0 ], [ 101.588239, 2.807451, 0.0 ], [ 101.588287, 2.807267, 0.0 ], [ 101.588328, 2.807082, 0.0 ], [ 101.588362, 2.806896, 0.0 ], [ 101.588389, 2.806708, 0.0 ], [ 101.58841, 2.806519, 0.0 ], [ 101.588425, 2.80633, 0.0 ], [ 101.588432, 2.806141, 0.0 ], [ 101.588294, 2.805382, 0.0 ], [ 101.58815, 2.804629, 0.0 ], [ 101.587999, 2.803878, 0.0 ], [ 101.58784, 2.803128, 0.0 ], [ 101.587675, 2.80238, 0.0 ], [ 101.587503, 2.801633, 0.0 ], [ 101.587351, 2.800997, 0.0 ], [ 101.587194, 2.800363, 0.0 ], [ 101.587031, 2.799729, 0.0 ], [ 101.586354, 2.799571, 0.0 ], [ 101.582253, 2.799821, 0.0 ], [ 101.582257, 2.799556, 0.0 ], [ 101.58232, 2.794323, 0.0 ], [ 101.582365, 2.791826, 0.0 ], [ 101.583207, 2.791949, 0.0 ], [ 101.583347, 2.791969, 0.0 ], [ 101.583798, 2.768499, 0.0 ], [ 101.583865, 2.768501, 0.0 ], [ 101.583866, 2.768501, 0.0 ], [ 101.583867, 2.768418, 0.0 ], [ 101.595517, 2.768757, 0.0 ], [ 101.595529, 2.763476, 0.0 ], [ 101.595565, 2.759124, 0.0 ], [ 101.59564, 2.749918, 0.0 ], [ 101.595707, 2.741761, 0.0 ], [ 101.595765, 2.728311, 0.0 ], [ 101.595833, 2.728311, 0.0 ], [ 101.595831, 2.727581, 0.0 ] ], [ [ 101.693349, 2.972338, 0.0 ], [ 101.693787, 2.973723, 0.0 ], [ 101.694929, 2.974113, 0.0 ], [ 101.69521, 2.975194, 0.0 ], [ 101.695578, 2.975634, 0.0 ], [ 101.696746, 2.97602, 0.0 ], [ 101.69706, 2.976284, 0.0 ], [ 101.697147, 2.976357, 0.0 ], [ 101.697482, 2.976637, 0.0 ], [ 101.697921, 2.976549, 0.0 ], [ 101.698292, 2.975563, 0.0 ], [ 101.698463, 2.975577, 0.0 ], [ 101.698797, 2.9763, 0.0 ], [ 101.699262, 2.976303, 0.0 ], [ 101.699839, 2.975364, 0.0 ], [ 101.700299, 2.975287, 0.0 ], [ 101.700826, 2.975599, 0.0 ], [ 101.702983, 2.97547, 0.0 ], [ 101.70317, 2.975381, 0.0 ], [ 101.702027, 2.974355, 0.0 ], [ 101.700791, 2.973246, 0.0 ], [ 101.700115, 2.971891, 0.0 ], [ 101.699999, 2.970194, 0.0 ], [ 101.699914, 2.9702, 0.0 ], [ 101.699795, 2.968465, 0.0 ], [ 101.701188, 2.968276, 0.0 ], [ 101.70208, 2.968155, 0.0 ], [ 101.703389, 2.967049, 0.0 ], [ 101.70339, 2.96681, 0.0 ], [ 101.703403, 2.964097, 0.0 ], [ 101.703406, 2.963493, 0.0 ], [ 101.703982, 2.963498, 0.0 ], [ 101.705953, 2.963514, 0.0 ], [ 101.708319, 2.963534, 0.0 ], [ 101.708655, 2.963537, 0.0 ], [ 101.708835, 2.963538, 0.0 ], [ 101.708844, 2.961977, 0.0 ], [ 101.709189, 2.962139, 0.0 ], [ 101.710108, 2.961952, 0.0 ], [ 101.710609, 2.961631, 0.0 ], [ 101.711375, 2.961629, 0.0 ], [ 101.712516, 2.962195, 0.0 ], [ 101.712869, 2.962521, 0.0 ], [ 101.712995, 2.962947, 0.0 ], [ 101.713471, 2.963278, 0.0 ], [ 101.713863, 2.964049, 0.0 ], [ 101.714235, 2.964146, 0.0 ], [ 101.714617, 2.963795, 0.0 ], [ 101.715375, 2.9641, 0.0 ], [ 101.715379, 2.963912, 0.0 ], [ 101.715379, 2.96189, 0.0 ], [ 101.715378, 2.960805, 0.0 ], [ 101.715378, 2.960769, 0.0 ], [ 101.715378, 2.960429, 0.0 ], [ 101.715377, 2.95958, 0.0 ], [ 101.715377, 2.958848, 0.0 ], [ 101.715304, 2.958241, 0.0 ], [ 101.715374, 2.957624, 0.0 ], [ 101.715374, 2.957396, 0.0 ], [ 101.715374, 2.956544, 0.0 ], [ 101.715374, 2.955302, 0.0 ], [ 101.717596, 2.955263, 0.0 ], [ 101.719853, 2.955251, 0.0 ], [ 101.721945, 2.955247, 0.0 ], [ 101.722716, 2.955246, 0.0 ], [ 101.723515, 2.955245, 0.0 ], [ 101.723515, 2.955264, 0.0 ], [ 101.724367, 2.955262, 0.0 ], [ 101.726599, 2.955256, 0.0 ], [ 101.728657, 2.955252, 0.0 ], [ 101.728818, 2.955266, 0.0 ], [ 101.72897, 2.955279, 0.0 ], [ 101.729082, 2.955223, 0.0 ], [ 101.730872, 2.955223, 0.0 ], [ 101.731117, 2.955222, 0.0 ], [ 101.73122, 2.955196, 0.0 ], [ 101.731385, 2.954974, 0.0 ], [ 101.732658, 2.953286, 0.0 ], [ 101.732529, 2.953288, 0.0 ], [ 101.73253, 2.95299, 0.0 ], [ 101.732531, 2.952294, 0.0 ], [ 101.732535, 2.950847, 0.0 ], [ 101.732538, 2.949201, 0.0 ], [ 101.732543, 2.947193, 0.0 ], [ 101.732546, 2.94594, 0.0 ], [ 101.732547, 2.945384, 0.0 ], [ 101.732549, 2.944552, 0.0 ], [ 101.732553, 2.942816, 0.0 ], [ 101.732562, 2.942635, 0.0 ], [ 101.732565, 2.94155, 0.0 ], [ 101.732576, 2.940456, 0.0 ], [ 101.732598, 2.93871, 0.0 ], [ 101.73262, 2.937092, 0.0 ], [ 101.732641, 2.935889, 0.0 ], [ 101.732654, 2.933936, 0.0 ], [ 101.732714, 2.931503, 0.0 ], [ 101.732724, 2.930762, 0.0 ], [ 101.732747, 2.929635, 0.0 ], [ 101.732755, 2.929233, 0.0 ], [ 101.731415, 2.929221, 0.0 ], [ 101.730524, 2.929219, 0.0 ], [ 101.729706, 2.929217, 0.0 ], [ 101.727349, 2.929185, 0.0 ], [ 101.72716, 2.929184, 0.0 ], [ 101.725757, 2.929199, 0.0 ], [ 101.72497, 2.929192, 0.0 ], [ 101.722078, 2.929164, 0.0 ], [ 101.721224, 2.929162, 0.0 ], [ 101.720621, 2.92916, 0.0 ], [ 101.720387, 2.92916, 0.0 ], [ 101.719551, 2.92914, 0.0 ], [ 101.718714, 2.929111, 0.0 ], [ 101.718435, 2.92911, 0.0 ], [ 101.717878, 2.9291, 0.0 ], [ 101.717041, 2.929089, 0.0 ], [ 101.716205, 2.929078, 0.0 ], [ 101.715386, 2.929067, 0.0 ], [ 101.715206, 2.929301, 0.0 ], [ 101.713254, 2.929288, 0.0 ], [ 101.711446, 2.92932, 0.0 ], [ 101.709827, 2.929334, 0.0 ], [ 101.707632, 2.929311, 0.0 ], [ 101.707644, 2.928036, 0.0 ], [ 101.707701, 2.926996, 0.0 ], [ 101.707776, 2.925323, 0.0 ], [ 101.707823, 2.92441, 0.0 ], [ 101.707861, 2.923696, 0.0 ], [ 101.707676, 2.92185, 0.0 ], [ 101.707509, 2.920294, 0.0 ], [ 101.707352, 2.918341, 0.0 ], [ 101.707272, 2.916753, 0.0 ], [ 101.707257, 2.91645, 0.0 ], [ 101.707261, 2.914877, 0.0 ], [ 101.707319, 2.913005, 0.0 ], [ 101.705177, 2.913033, 0.0 ], [ 101.705177, 2.913028, 0.0 ], [ 101.704307, 2.913045, 0.0 ], [ 101.704307, 2.913049, 0.0 ], [ 101.704126, 2.913053, 0.0 ], [ 101.703974, 2.913056, 0.0 ], [ 101.703253, 2.913068, 0.0 ], [ 101.70309, 2.913071, 0.0 ], [ 101.702909, 2.913072, 0.0 ], [ 101.70279, 2.913074, 0.0 ], [ 101.702332, 2.913081, 0.0 ], [ 101.701873, 2.913088, 0.0 ], [ 101.701844, 2.913088, 0.0 ], [ 101.701415, 2.913094, 0.0 ], [ 101.701118, 2.913099, 0.0 ], [ 101.700677, 2.913105, 0.0 ], [ 101.700679, 2.912635, 0.0 ], [ 101.700681, 2.912165, 0.0 ], [ 101.700683, 2.911697, 0.0 ], [ 101.700685, 2.911287, 0.0 ], [ 101.700685, 2.911225, 0.0 ], [ 101.700688, 2.910749, 0.0 ], [ 101.70069, 2.91027, 0.0 ], [ 101.700692, 2.909818, 0.0 ], [ 101.700694, 2.909398, 0.0 ], [ 101.700734, 2.909328, 0.0 ], [ 101.700513, 2.909351, 0.0 ], [ 101.700423, 2.909458, 0.0 ], [ 101.6997, 2.909467, 0.0 ], [ 101.697981, 2.909488, 0.0 ], [ 101.697447, 2.909502, 0.0 ], [ 101.697448, 2.909406, 0.0 ], [ 101.697451, 2.908472, 0.0 ], [ 101.697454, 2.907674, 0.0 ], [ 101.697458, 2.907395, 0.0 ], [ 101.697472, 2.906378, 0.0 ], [ 101.69879, 2.906051, 0.0 ], [ 101.700377, 2.905657, 0.0 ], [ 101.700458, 2.905567, 0.0 ], [ 101.701558, 2.90529, 0.0 ], [ 101.701573, 2.905287, 0.0 ], [ 101.701657, 2.905266, 0.0 ], [ 101.701662, 2.905202, 0.0 ], [ 101.701933, 2.901292, 0.0 ], [ 101.701936, 2.901245, 0.0 ], [ 101.701829, 2.901025, 0.0 ], [ 101.701834, 2.901024, 0.0 ], [ 101.701584, 2.900509, 0.0 ], [ 101.701583, 2.900507, 0.0 ], [ 101.701577, 2.900509, 0.0 ], [ 101.701307, 2.899954, 0.0 ], [ 101.701115, 2.899559, 0.0 ], [ 101.701058, 2.899511, 0.0 ], [ 101.700583, 2.899383, 0.0 ], [ 101.699342, 2.899049, 0.0 ], [ 101.698979, 2.898912, 0.0 ], [ 101.698751, 2.898826, 0.0 ], [ 101.698581, 2.898761, 0.0 ], [ 101.698478, 2.898722, 0.0 ], [ 101.698375, 2.898684, 0.0 ], [ 101.698273, 2.898645, 0.0 ], [ 101.69817, 2.898606, 0.0 ], [ 101.698067, 2.898567, 0.0 ], [ 101.697965, 2.898528, 0.0 ], [ 101.697862, 2.89849, 0.0 ], [ 101.697759, 2.898451, 0.0 ], [ 101.697521, 2.898361, 0.0 ], [ 101.697521, 2.89815, 0.0 ], [ 101.697522, 2.898039, 0.0 ], [ 101.697522, 2.897929, 0.0 ], [ 101.697522, 2.897819, 0.0 ], [ 101.697523, 2.897709, 0.0 ], [ 101.697522, 2.897598, 0.0 ], [ 101.697523, 2.897488, 0.0 ], [ 101.697523, 2.897378, 0.0 ], [ 101.697523, 2.897268, 0.0 ], [ 101.697524, 2.897157, 0.0 ], [ 101.697524, 2.897045, 0.0 ], [ 101.697524, 2.896763, 0.0 ], [ 101.697525, 2.896461, 0.0 ], [ 101.697525, 2.89628, 0.0 ], [ 101.697532, 2.895932, 0.0 ], [ 101.697532, 2.895799, 0.0 ], [ 101.697532, 2.895615, 0.0 ], [ 101.697533, 2.895208, 0.0 ], [ 101.697534, 2.894831, 0.0 ], [ 101.697534, 2.894649, 0.0 ], [ 101.697535, 2.894014, 0.0 ], [ 101.697535, 2.893992, 0.0 ], [ 101.69649, 2.893428, 0.0 ], [ 101.694269, 2.892944, 0.0 ], [ 101.691822, 2.89311, 0.0 ], [ 101.689925, 2.893015, 0.0 ], [ 101.688363, 2.891682, 0.0 ], [ 101.688081, 2.889213, 0.0 ], [ 101.687455, 2.88752, 0.0 ], [ 101.686985, 2.884598, 0.0 ], [ 101.686891, 2.884649, 0.0 ], [ 101.685366, 2.884723, 0.0 ], [ 101.685229, 2.88473, 0.0 ], [ 101.685136, 2.883872, 0.0 ], [ 101.685059, 2.883296, 0.0 ], [ 101.684949, 2.882644, 0.0 ], [ 101.684942, 2.882604, 0.0 ], [ 101.684795, 2.881728, 0.0 ], [ 101.68407, 2.881507, 0.0 ], [ 101.683504, 2.881781, 0.0 ], [ 101.683157, 2.881866, 0.0 ], [ 101.682539, 2.88187, 0.0 ], [ 101.68169, 2.881598, 0.0 ], [ 101.681197, 2.881604, 0.0 ], [ 101.680641, 2.881592, 0.0 ], [ 101.680633, 2.881094, 0.0 ], [ 101.680719, 2.880032, 0.0 ], [ 101.679509, 2.880063, 0.0 ], [ 101.679522, 2.879641, 0.0 ], [ 101.679496, 2.879627, 0.0 ], [ 101.678475, 2.879074, 0.0 ], [ 101.677553, 2.87998, 0.0 ], [ 101.677311, 2.880218, 0.0 ], [ 101.676891, 2.88063, 0.0 ], [ 101.676754, 2.880765, 0.0 ], [ 101.676553, 2.880963, 0.0 ], [ 101.676336, 2.88101, 0.0 ], [ 101.676245, 2.88101, 0.0 ], [ 101.675445, 2.881008, 0.0 ], [ 101.675502, 2.879625, 0.0 ], [ 101.675043, 2.879669, 0.0 ], [ 101.674963, 2.879207, 0.0 ], [ 101.67518, 2.878756, 0.0 ], [ 101.675001, 2.878303, 0.0 ], [ 101.675065, 2.877851, 0.0 ], [ 101.674815, 2.87738, 0.0 ], [ 101.674638, 2.876023, 0.0 ], [ 101.67351, 2.877621, 0.0 ], [ 101.672463, 2.879373, 0.0 ], [ 101.67202, 2.880123, 0.0 ], [ 101.671975, 2.880322, 0.0 ], [ 101.671948, 2.880438, 0.0 ], [ 101.671895, 2.880383, 0.0 ], [ 101.671546, 2.881959, 0.0 ], [ 101.671374, 2.882843, 0.0 ], [ 101.671252, 2.883435, 0.0 ], [ 101.665974, 2.8794, 0.0 ], [ 101.66595, 2.879461, 0.0 ], [ 101.665892, 2.8796, 0.0 ], [ 101.665831, 2.879738, 0.0 ], [ 101.665772, 2.879866, 0.0 ], [ 101.665709, 2.879993, 0.0 ], [ 101.665645, 2.880119, 0.0 ], [ 101.665633, 2.880144, 0.0 ], [ 101.665613, 2.880189, 0.0 ], [ 101.665579, 2.880261, 0.0 ], [ 101.665546, 2.880335, 0.0 ], [ 101.665513, 2.880409, 0.0 ], [ 101.665478, 2.880484, 0.0 ], [ 101.665444, 2.880554, 0.0 ], [ 101.665442, 2.880559, 0.0 ], [ 101.665406, 2.880635, 0.0 ], [ 101.665369, 2.88071, 0.0 ], [ 101.665331, 2.880785, 0.0 ], [ 101.665294, 2.880859, 0.0 ], [ 101.665258, 2.880933, 0.0 ], [ 101.665245, 2.88096, 0.0 ], [ 101.665223, 2.881007, 0.0 ], [ 101.665187, 2.881082, 0.0 ], [ 101.665149, 2.881157, 0.0 ], [ 101.665111, 2.881231, 0.0 ], [ 101.665073, 2.881304, 0.0 ], [ 101.665044, 2.881364, 0.0 ], [ 101.665037, 2.881378, 0.0 ], [ 101.665002, 2.881453, 0.0 ], [ 101.664966, 2.881529, 0.0 ], [ 101.664931, 2.881605, 0.0 ], [ 101.664897, 2.881682, 0.0 ], [ 101.664863, 2.88176, 0.0 ], [ 101.664856, 2.881775, 0.0 ], [ 101.664829, 2.881837, 0.0 ], [ 101.664795, 2.881915, 0.0 ], [ 101.664764, 2.881994, 0.0 ], [ 101.664733, 2.882074, 0.0 ], [ 101.664701, 2.882154, 0.0 ], [ 101.664686, 2.882193, 0.0 ], [ 101.66467, 2.882236, 0.0 ], [ 101.664639, 2.882318, 0.0 ], [ 101.664605, 2.8824, 0.0 ], [ 101.664572, 2.882481, 0.0 ], [ 101.664538, 2.882563, 0.0 ], [ 101.664517, 2.882612, 0.0 ], [ 101.664503, 2.882645, 0.0 ], [ 101.664465, 2.882728, 0.0 ], [ 101.664423, 2.882809, 0.0 ], [ 101.66438, 2.882889, 0.0 ], [ 101.664336, 2.88297, 0.0 ], [ 101.664311, 2.883014, 0.0 ], [ 101.66429, 2.88305, 0.0 ], [ 101.664244, 2.883131, 0.0 ], [ 101.664198, 2.883211, 0.0 ], [ 101.664152, 2.883287, 0.0 ], [ 101.664109, 2.883361, 0.0 ], [ 101.664084, 2.883404, 0.0 ], [ 101.664065, 2.883436, 0.0 ], [ 101.664022, 2.883512, 0.0 ], [ 101.663979, 2.883587, 0.0 ], [ 101.663938, 2.883661, 0.0 ], [ 101.663924, 2.883684, 0.0 ], [ 101.663859, 2.883795, 0.0 ], [ 101.663843, 2.883821, 0.0 ], [ 101.663797, 2.883896, 0.0 ], [ 101.663787, 2.883913, 0.0 ], [ 101.663755, 2.883972, 0.0 ], [ 101.663711, 2.884047, 0.0 ], [ 101.663633, 2.884186, 0.0 ], [ 101.663585, 2.884272, 0.0 ], [ 101.66339, 2.884566, 0.0 ], [ 101.663316, 2.884676, 0.0 ], [ 101.663274, 2.88474, 0.0 ], [ 101.663233, 2.8848, 0.0 ], [ 101.663195, 2.884858, 0.0 ], [ 101.663156, 2.884916, 0.0 ], [ 101.66314, 2.884942, 0.0 ], [ 101.663118, 2.884973, 0.0 ], [ 101.663083, 2.88504, 0.0 ], [ 101.663046, 2.885103, 0.0 ], [ 101.66301, 2.885164, 0.0 ], [ 101.662974, 2.885227, 0.0 ], [ 101.662944, 2.885277, 0.0 ], [ 101.662927, 2.885303, 0.0 ], [ 101.66291, 2.88533, 0.0 ], [ 101.66288, 2.885382, 0.0 ], [ 101.662852, 2.885436, 0.0 ], [ 101.662823, 2.885495, 0.0 ], [ 101.662791, 2.885551, 0.0 ], [ 101.662756, 2.885607, 0.0 ], [ 101.662716, 2.885628, 0.0 ], [ 101.662745, 2.885963, 0.0 ], [ 101.662766, 2.886204, 0.0 ], [ 101.662808, 2.886692, 0.0 ], [ 101.662866, 2.887364, 0.0 ], [ 101.663023, 2.887404, 0.0 ], [ 101.663097, 2.887385, 0.0 ], [ 101.66324, 2.887604, 0.0 ], [ 101.663427, 2.88789, 0.0 ], [ 101.663584, 2.88813, 0.0 ], [ 101.663732, 2.888356, 0.0 ], [ 101.663732, 2.888374, 0.0 ], [ 101.663731, 2.888663, 0.0 ], [ 101.66337, 2.889446, 0.0 ], [ 101.663033, 2.88962, 0.0 ], [ 101.662352, 2.890218, 0.0 ], [ 101.662048, 2.890574, 0.0 ], [ 101.661996, 2.890777, 0.0 ], [ 101.661908, 2.891122, 0.0 ], [ 101.661744, 2.891764, 0.0 ], [ 101.661683, 2.892005, 0.0 ], [ 101.661582, 2.892398, 0.0 ], [ 101.661415, 2.893055, 0.0 ], [ 101.661279, 2.893586, 0.0 ], [ 101.66121, 2.893859, 0.0 ], [ 101.66115, 2.894038, 0.0 ], [ 101.661126, 2.894133, 0.0 ], [ 101.660943, 2.894185, 0.0 ], [ 101.660724, 2.894245, 0.0 ], [ 101.660661, 2.894492, 0.0 ], [ 101.660169, 2.896421, 0.0 ], [ 101.659942, 2.89731, 0.0 ], [ 101.659431, 2.899317, 0.0 ], [ 101.659579, 2.900115, 0.0 ], [ 101.65976, 2.901084, 0.0 ], [ 101.659845, 2.901541, 0.0 ], [ 101.660212, 2.901532, 0.0 ], [ 101.661842, 2.903056, 0.0 ], [ 101.661974, 2.903184, 0.0 ], [ 101.662388, 2.90357, 0.0 ], [ 101.663159, 2.90429, 0.0 ], [ 101.663381, 2.905306, 0.0 ], [ 101.663548, 2.906069, 0.0 ], [ 101.663587, 2.906246, 0.0 ], [ 101.663525, 2.906266, 0.0 ], [ 101.663525, 2.906336, 0.0 ], [ 101.663666, 2.907171, 0.0 ], [ 101.663673, 2.907336, 0.0 ], [ 101.663726, 2.907501, 0.0 ], [ 101.663749, 2.907624, 0.0 ], [ 101.663755, 2.907795, 0.0 ], [ 101.663735, 2.908015, 0.0 ], [ 101.663778, 2.90814, 0.0 ], [ 101.663913, 2.908323, 0.0 ], [ 101.663977, 2.908589, 0.0 ], [ 101.664025, 2.908641, 0.0 ], [ 101.664158, 2.908608, 0.0 ], [ 101.6643, 2.908533, 0.0 ], [ 101.664716, 2.908229, 0.0 ], [ 101.664862, 2.908214, 0.0 ], [ 101.665009, 2.908265, 0.0 ], [ 101.665142, 2.908345, 0.0 ], [ 101.665287, 2.908469, 0.0 ], [ 101.665451, 2.908655, 0.0 ], [ 101.665666, 2.909015, 0.0 ], [ 101.666416, 2.90923, 0.0 ], [ 101.666297, 2.909521, 0.0 ], [ 101.666538, 2.909538, 0.0 ], [ 101.66687, 2.90957, 0.0 ], [ 101.667109, 2.909593, 0.0 ], [ 101.668341, 2.90971, 0.0 ], [ 101.668366, 2.909713, 0.0 ], [ 101.668618, 2.909759, 0.0 ], [ 101.668854, 2.909843, 0.0 ], [ 101.669052, 2.909949, 0.0 ], [ 101.66919, 2.910047, 0.0 ], [ 101.669345, 2.910188, 0.0 ], [ 101.669489, 2.910361, 0.0 ], [ 101.669606, 2.910551, 0.0 ], [ 101.669676, 2.910703, 0.0 ], [ 101.669746, 2.910928, 0.0 ], [ 101.669772, 2.911065, 0.0 ], [ 101.669786, 2.911219, 0.0 ], [ 101.669787, 2.911343, 0.0 ], [ 101.669771, 2.911519, 0.0 ], [ 101.669425, 2.913857, 0.0 ], [ 101.669296, 2.914727, 0.0 ], [ 101.66928, 2.914838, 0.0 ], [ 101.669245, 2.915073, 0.0 ], [ 101.669664, 2.915063, 0.0 ], [ 101.669664, 2.915521, 0.0 ], [ 101.669664, 2.915611, 0.0 ], [ 101.670853, 2.915583, 0.0 ], [ 101.671533, 2.915567, 0.0 ], [ 101.671754, 2.915562, 0.0 ], [ 101.671901, 2.915621, 0.0 ], [ 101.67191, 2.916216, 0.0 ], [ 101.671914, 2.916433, 0.0 ], [ 101.671925, 2.91653, 0.0 ], [ 101.671928, 2.916557, 0.0 ], [ 101.671929, 2.916565, 0.0 ], [ 101.671961, 2.91669, 0.0 ], [ 101.671986, 2.916751, 0.0 ], [ 101.672013, 2.916818, 0.0 ], [ 101.67208, 2.916935, 0.0 ], [ 101.672093, 2.916967, 0.0 ], [ 101.672169, 2.917166, 0.0 ], [ 101.672172, 2.917181, 0.0 ], [ 101.672204, 2.917378, 0.0 ], [ 101.672208, 2.917407, 0.0 ], [ 101.6722, 2.91758, 0.0 ], [ 101.672196, 2.917667, 0.0 ], [ 101.672187, 2.917805, 0.0 ], [ 101.672178, 2.917927, 0.0 ], [ 101.672148, 2.918032, 0.0 ], [ 101.672104, 2.918187, 0.0 ], [ 101.672095, 2.918235, 0.0 ], [ 101.67207, 2.918364, 0.0 ], [ 101.672067, 2.918432, 0.0 ], [ 101.67206, 2.918603, 0.0 ], [ 101.672066, 2.918634, 0.0 ], [ 101.672091, 2.918751, 0.0 ], [ 101.672101, 2.918798, 0.0 ], [ 101.672156, 2.918911, 0.0 ], [ 101.672182, 2.918964, 0.0 ], [ 101.672287, 2.919136, 0.0 ], [ 101.672323, 2.9192, 0.0 ], [ 101.672382, 2.919308, 0.0 ], [ 101.672426, 2.91949, 0.0 ], [ 101.672404, 2.919615, 0.0 ], [ 101.672395, 2.919667, 0.0 ], [ 101.67231, 2.919832, 0.0 ], [ 101.672287, 2.919876, 0.0 ], [ 101.672217, 2.92001, 0.0 ], [ 101.67213, 2.920177, 0.0 ], [ 101.672023, 2.92038, 0.0 ], [ 101.671916, 2.920582, 0.0 ], [ 101.671857, 2.920696, 0.0 ], [ 101.671826, 2.920777, 0.0 ], [ 101.671758, 2.920954, 0.0 ], [ 101.671753, 2.920999, 0.0 ], [ 101.671727, 2.921229, 0.0 ], [ 101.671758, 2.921453, 0.0 ], [ 101.671765, 2.921504, 0.0 ], [ 101.671848, 2.921709, 0.0 ], [ 101.671873, 2.92177, 0.0 ], [ 101.672004, 2.921913, 0.0 ], [ 101.672024, 2.921936, 0.0 ], [ 101.672096, 2.922014, 0.0 ], [ 101.672187, 2.922086, 0.0 ], [ 101.672306, 2.922179, 0.0 ], [ 101.672413, 2.922247, 0.0 ], [ 101.672515, 2.922312, 0.0 ], [ 101.67257, 2.922335, 0.0 ], [ 101.672512, 2.922715, 0.0 ], [ 101.672483, 2.922905, 0.0 ], [ 101.672293, 2.923115, 0.0 ], [ 101.672192, 2.923227, 0.0 ], [ 101.672063, 2.92337, 0.0 ], [ 101.672022, 2.923415, 0.0 ], [ 101.671952, 2.923524, 0.0 ], [ 101.671849, 2.923683, 0.0 ], [ 101.671746, 2.923842, 0.0 ], [ 101.671734, 2.923861, 0.0 ], [ 101.671644, 2.924002, 0.0 ], [ 101.671614, 2.924048, 0.0 ], [ 101.671599, 2.924071, 0.0 ], [ 101.67151, 2.924209, 0.0 ], [ 101.671407, 2.924368, 0.0 ], [ 101.671304, 2.924528, 0.0 ], [ 101.671202, 2.924687, 0.0 ], [ 101.671184, 2.924715, 0.0 ], [ 101.671149, 2.924879, 0.0 ], [ 101.671107, 2.925078, 0.0 ], [ 101.671041, 2.92539, 0.0 ], [ 101.670963, 2.925764, 0.0 ], [ 101.670526, 2.925967, 0.0 ], [ 101.670182, 2.926127, 0.0 ], [ 101.669977, 2.926222, 0.0 ], [ 101.669916, 2.92625, 0.0 ], [ 101.670042, 2.92644, 0.0 ], [ 101.669275, 2.926525, 0.0 ], [ 101.669355, 2.92661, 0.0 ], [ 101.669438, 2.926698, 0.0 ], [ 101.669545, 2.927024, 0.0 ], [ 101.669643, 2.927377, 0.0 ], [ 101.668473, 2.927817, 0.0 ], [ 101.668284, 2.927926, 0.0 ], [ 101.66822, 2.928233, 0.0 ], [ 101.668336, 2.928667, 0.0 ], [ 101.668372, 2.928857, 0.0 ], [ 101.668353, 2.929056, 0.0 ], [ 101.668244, 2.92958, 0.0 ], [ 101.668118, 2.929815, 0.0 ], [ 101.66782, 2.93033, 0.0 ], [ 101.667675, 2.930556, 0.0 ], [ 101.667548, 2.930854, 0.0 ], [ 101.667512, 2.931042, 0.0 ], [ 101.667677, 2.931018, 0.0 ], [ 101.66912, 2.931113, 0.0 ], [ 101.668907, 2.931625, 0.0 ], [ 101.669481, 2.932572, 0.0 ], [ 101.669666, 2.933094, 0.0 ], [ 101.669575, 2.934142, 0.0 ], [ 101.66981, 2.934897, 0.0 ], [ 101.669861, 2.935606, 0.0 ], [ 101.670358, 2.936765, 0.0 ], [ 101.67034, 2.937422, 0.0 ], [ 101.669763, 2.938167, 0.0 ], [ 101.670407, 2.939198, 0.0 ], [ 101.669823, 2.940254, 0.0 ], [ 101.670487, 2.941408, 0.0 ], [ 101.670308, 2.941913, 0.0 ], [ 101.66778, 2.941527, 0.0 ], [ 101.667283, 2.94145, 0.0 ], [ 101.664903, 2.944677, 0.0 ], [ 101.666149, 2.944865, 0.0 ], [ 101.666807, 2.945253, 0.0 ], [ 101.66767, 2.945568, 0.0 ], [ 101.668597, 2.94578, 0.0 ], [ 101.668858, 2.945814, 0.0 ], [ 101.669593, 2.945909, 0.0 ], [ 101.67175, 2.946118, 0.0 ], [ 101.67362, 2.946299, 0.0 ], [ 101.674004, 2.946336, 0.0 ], [ 101.67418, 2.946444, 0.0 ], [ 101.67424, 2.94648, 0.0 ], [ 101.67434, 2.946687, 0.0 ], [ 101.674482, 2.946978, 0.0 ], [ 101.674915, 2.94973, 0.0 ], [ 101.674804, 2.950443, 0.0 ], [ 101.674318, 2.951082, 0.0 ], [ 101.673155, 2.95206, 0.0 ], [ 101.672729, 2.95256, 0.0 ], [ 101.672379, 2.952971, 0.0 ], [ 101.672163, 2.953225, 0.0 ], [ 101.671382, 2.953799, 0.0 ], [ 101.668221, 2.95523, 0.0 ], [ 101.666677, 2.95636, 0.0 ], [ 101.666583, 2.956416, 0.0 ], [ 101.665709, 2.956933, 0.0 ], [ 101.66504, 2.957485, 0.0 ], [ 101.664354, 2.95805, 0.0 ], [ 101.663273, 2.960974, 0.0 ], [ 101.66326, 2.961092, 0.0 ], [ 101.66323, 2.961361, 0.0 ], [ 101.663143, 2.962128, 0.0 ], [ 101.662941, 2.963925, 0.0 ], [ 101.663016, 2.964262, 0.0 ], [ 101.663108, 2.964575, 0.0 ], [ 101.663181, 2.96487, 0.0 ], [ 101.663167, 2.965074, 0.0 ], [ 101.664305, 2.965939, 0.0 ], [ 101.665596, 2.966921, 0.0 ], [ 101.665756, 2.966738, 0.0 ], [ 101.665905, 2.966955, 0.0 ], [ 101.666114, 2.967159, 0.0 ], [ 101.666346, 2.967325, 0.0 ], [ 101.666587, 2.967472, 0.0 ], [ 101.666854, 2.967619, 0.0 ], [ 101.666972, 2.967649, 0.0 ], [ 101.666703, 2.967799, 0.0 ], [ 101.666582, 2.968058, 0.0 ], [ 101.666607, 2.968074, 0.0 ], [ 101.667145, 2.968428, 0.0 ], [ 101.667711, 2.968709, 0.0 ], [ 101.667791, 2.969116, 0.0 ], [ 101.668223, 2.96938, 0.0 ], [ 101.668483, 2.969507, 0.0 ], [ 101.668762, 2.969571, 0.0 ], [ 101.669292, 2.969636, 0.0 ], [ 101.669544, 2.969718, 0.0 ], [ 101.669769, 2.969899, 0.0 ], [ 101.670496, 2.97057, 0.0 ], [ 101.671035, 2.970788, 0.0 ], [ 101.671934, 2.971089, 0.0 ], [ 101.6725, 2.971099, 0.0 ], [ 101.672761, 2.971235, 0.0 ], [ 101.673354, 2.971552, 0.0 ], [ 101.673354, 2.971553, 0.0 ], [ 101.67339, 2.971571, 0.0 ], [ 101.674316, 2.971646, 0.0 ], [ 101.674699, 2.971581, 0.0 ], [ 101.674718, 2.971578, 0.0 ], [ 101.675738, 2.971405, 0.0 ], [ 101.676152, 2.971681, 0.0 ], [ 101.67616, 2.971687, 0.0 ], [ 101.676159, 2.971696, 0.0 ], [ 101.67615, 2.971904, 0.0 ], [ 101.67749, 2.971934, 0.0 ], [ 101.678111, 2.971872, 0.0 ], [ 101.678197, 2.971864, 0.0 ], [ 101.6782, 2.971864, 0.0 ], [ 101.680062, 2.972035, 0.0 ], [ 101.68128, 2.971685, 0.0 ], [ 101.681366, 2.971699, 0.0 ], [ 101.681366, 2.971691, 0.0 ], [ 101.682176, 2.971473, 0.0 ], [ 101.68285, 2.971872, 0.0 ], [ 101.68312, 2.971608, 0.0 ], [ 101.68289, 2.971229, 0.0 ], [ 101.68286, 2.970886, 0.0 ], [ 101.683119, 2.970295, 0.0 ], [ 101.683956, 2.969879, 0.0 ], [ 101.684566, 2.969152, 0.0 ], [ 101.684958, 2.969018, 0.0 ], [ 101.685656, 2.969256, 0.0 ], [ 101.686291, 2.969707, 0.0 ], [ 101.687009, 2.971001, 0.0 ], [ 101.688741, 2.971856, 0.0 ], [ 101.690518, 2.972094, 0.0 ], [ 101.692229, 2.972437, 0.0 ], [ 101.693349, 2.972338, 0.0 ] ] ] } },
{ "type": "Feature", "properties": { "Name": "N.54 TANJONG SEPAT", "description": "11354    <br>       <br>   KODDUNA   11354    <br>   NAMADUNA   TANJONG SEPAT    <br>   LUAS   276211412.028    <br>   KRITERIA       <br>   Status   0    <br>   JUMLAH_PEM   22026    <br>   SHAPE_Leng   100924.593704", "timestamp": null, "begin": null, "end": null, "altitudeMode": null, "tessellate": -1, "extrude": 0, "visibility": -1, "drawOrder": null, "icon": null }, "geometry": { "type": "Polygon", "coordinates": [ [ [ 101.582253, 2.799821, 0.0 ], [ 101.580548, 2.799938, 0.0 ], [ 101.578807, 2.800059, 0.0 ], [ 101.577416, 2.800157, 0.0 ], [ 101.576299, 2.800236, 0.0 ], [ 101.575235, 2.800312, 0.0 ], [ 101.573166, 2.800461, 0.0 ], [ 101.572003, 2.800587, 0.0 ], [ 101.570312, 2.800769, 0.0 ], [ 101.568339, 2.800983, 0.0 ], [ 101.565797, 2.801192, 0.0 ], [ 101.564669, 2.801287, 0.0 ], [ 101.562553, 2.801465, 0.0 ], [ 101.560491, 2.801639, 0.0 ], [ 101.55921, 2.801804, 0.0 ], [ 101.556673, 2.802034, 0.0 ], [ 101.554165, 2.802262, 0.0 ], [ 101.552145, 2.802328, 0.0 ], [ 101.550101, 2.802421, 0.0 ], [ 101.547764, 2.802528, 0.0 ], [ 101.545738, 2.80262, 0.0 ], [ 101.542128, 2.802778, 0.0 ], [ 101.542127, 2.802778, 0.0 ], [ 101.542124, 2.802711, 0.0 ], [ 101.542124, 2.802707, 0.0 ], [ 101.542114, 2.802419, 0.0 ], [ 101.542112, 2.801971, 0.0 ], [ 101.542081, 2.80032, 0.0 ], [ 101.542064, 2.799506, 0.0 ], [ 101.538629, 2.799575, 0.0 ], [ 101.53728, 2.799607, 0.0 ], [ 101.535752, 2.799643, 0.0 ], [ 101.535403, 2.799652, 0.0 ], [ 101.53539, 2.799651, 0.0 ], [ 101.535352, 2.799649, 0.0 ], [ 101.535277, 2.799645, 0.0 ], [ 101.535284, 2.796715, 0.0 ], [ 101.535218, 2.796716, 0.0 ], [ 101.53379, 2.796734, 0.0 ], [ 101.53208, 2.796756, 0.0 ], [ 101.529414, 2.79679, 0.0 ], [ 101.526874, 2.796822, 0.0 ], [ 101.526069, 2.796832, 0.0 ], [ 101.524474, 2.796853, 0.0 ], [ 101.522761, 2.796875, 0.0 ], [ 101.519906, 2.796911, 0.0 ], [ 101.519775, 2.79704, 0.0 ], [ 101.518382, 2.798411, 0.0 ], [ 101.517037, 2.799733, 0.0 ], [ 101.515498, 2.801247, 0.0 ], [ 101.512942, 2.801177, 0.0 ], [ 101.512932, 2.801177, 0.0 ], [ 101.512933, 2.801129, 0.0 ], [ 101.512936, 2.800867, 0.0 ], [ 101.512942, 2.800415, 0.0 ], [ 101.512949, 2.799963, 0.0 ], [ 101.512955, 2.799511, 0.0 ], [ 101.512961, 2.799059, 0.0 ], [ 101.512967, 2.798607, 0.0 ], [ 101.512971, 2.798365, 0.0 ], [ 101.512974, 2.798155, 0.0 ], [ 101.512979, 2.797735, 0.0 ], [ 101.51298, 2.797703, 0.0 ], [ 101.512981, 2.797614, 0.0 ], [ 101.512984, 2.797496, 0.0 ], [ 101.512985, 2.79738, 0.0 ], [ 101.512987, 2.797265, 0.0 ], [ 101.512987, 2.797251, 0.0 ], [ 101.512988, 2.79715, 0.0 ], [ 101.512989, 2.797036, 0.0 ], [ 101.51299, 2.79698, 0.0 ], [ 101.51299, 2.796974, 0.0 ], [ 101.51299, 2.796921, 0.0 ], [ 101.512992, 2.796807, 0.0 ], [ 101.512993, 2.796798, 0.0 ], [ 101.512994, 2.796693, 0.0 ], [ 101.512995, 2.796579, 0.0 ], [ 101.512996, 2.796466, 0.0 ], [ 101.512997, 2.796353, 0.0 ], [ 101.512997, 2.796346, 0.0 ], [ 101.512998, 2.796241, 0.0 ], [ 101.512999, 2.796149, 0.0 ], [ 101.513, 2.79605, 0.0 ], [ 101.5129, 2.796078, 0.0 ], [ 101.512828, 2.796099, 0.0 ], [ 101.512798, 2.796106, 0.0 ], [ 101.51276, 2.796119, 0.0 ], [ 101.512745, 2.796124, 0.0 ], [ 101.512718, 2.796133, 0.0 ], [ 101.512674, 2.79615, 0.0 ], [ 101.512629, 2.796166, 0.0 ], [ 101.512576, 2.796186, 0.0 ], [ 101.512572, 2.796188, 0.0 ], [ 101.512328, 2.796278, 0.0 ], [ 101.512263, 2.7963, 0.0 ], [ 101.512199, 2.796323, 0.0 ], [ 101.512149, 2.79634, 0.0 ], [ 101.512134, 2.796345, 0.0 ], [ 101.512065, 2.796368, 0.0 ], [ 101.511999, 2.79639, 0.0 ], [ 101.511933, 2.796413, 0.0 ], [ 101.511866, 2.796436, 0.0 ], [ 101.511798, 2.796458, 0.0 ], [ 101.511722, 2.796482, 0.0 ], [ 101.511523, 2.796546, 0.0 ], [ 101.511455, 2.796569, 0.0 ], [ 101.511387, 2.796592, 0.0 ], [ 101.511318, 2.796617, 0.0 ], [ 101.511296, 2.796624, 0.0 ], [ 101.51125, 2.79664, 0.0 ], [ 101.511182, 2.796664, 0.0 ], [ 101.511114, 2.796687, 0.0 ], [ 101.511046, 2.796711, 0.0 ], [ 101.510979, 2.796734, 0.0 ], [ 101.51087, 2.796771, 0.0 ], [ 101.510445, 2.796917, 0.0 ], [ 101.510308, 2.796965, 0.0 ], [ 101.510241, 2.796989, 0.0 ], [ 101.510174, 2.79701, 0.0 ], [ 101.510019, 2.797062, 0.0 ], [ 101.509692, 2.797174, 0.0 ], [ 101.509594, 2.797208, 0.0 ], [ 101.509168, 2.797353, 0.0 ], [ 101.509079, 2.797383, 0.0 ], [ 101.508742, 2.797498, 0.0 ], [ 101.508316, 2.797644, 0.0 ], [ 101.507891, 2.797789, 0.0 ], [ 101.507465, 2.797935, 0.0 ], [ 101.507039, 2.79808, 0.0 ], [ 101.50687, 2.798138, 0.0 ], [ 101.506809, 2.798159, 0.0 ], [ 101.506748, 2.798179, 0.0 ], [ 101.5067, 2.798194, 0.0 ], [ 101.506686, 2.798199, 0.0 ], [ 101.506309, 2.797756, 0.0 ], [ 101.506006, 2.797399, 0.0 ], [ 101.505871, 2.797241, 0.0 ], [ 101.50551, 2.796816, 0.0 ], [ 101.505293, 2.796561, 0.0 ], [ 101.505059, 2.796286, 0.0 ], [ 101.50488, 2.796076, 0.0 ], [ 101.504595, 2.79574, 0.0 ], [ 101.504404, 2.795516, 0.0 ], [ 101.504142, 2.795208, 0.0 ], [ 101.503958, 2.794992, 0.0 ], [ 101.503586, 2.794555, 0.0 ], [ 101.503426, 2.794367, 0.0 ], [ 101.503423, 2.794363, 0.0 ], [ 101.503324, 2.794247, 0.0 ], [ 101.503273, 2.794187, 0.0 ], [ 101.503333, 2.794135, 0.0 ], [ 101.503303, 2.794099, 0.0 ], [ 101.505152, 2.793278, 0.0 ], [ 101.506777, 2.792556, 0.0 ], [ 101.506891, 2.792507, 0.0 ], [ 101.506886, 2.792501, 0.0 ], [ 101.506787, 2.792383, 0.0 ], [ 101.506961, 2.792318, 0.0 ], [ 101.507967, 2.791892, 0.0 ], [ 101.508037, 2.791855, 0.0 ], [ 101.508062, 2.791841, 0.0 ], [ 101.508088, 2.79187, 0.0 ], [ 101.508166, 2.791959, 0.0 ], [ 101.508243, 2.791918, 0.0 ], [ 101.509357, 2.791317, 0.0 ], [ 101.509253, 2.791202, 0.0 ], [ 101.509743, 2.790933, 0.0 ], [ 101.509926, 2.790832, 0.0 ], [ 101.510093, 2.79074, 0.0 ], [ 101.51022, 2.790671, 0.0 ], [ 101.5102, 2.790649, 0.0 ], [ 101.510313, 2.790569, 0.0 ], [ 101.510626, 2.790397, 0.0 ], [ 101.510694, 2.790359, 0.0 ], [ 101.510724, 2.790394, 0.0 ], [ 101.510859, 2.79032, 0.0 ], [ 101.510939, 2.790275, 0.0 ], [ 101.511202, 2.79013, 0.0 ], [ 101.511681, 2.789866, 0.0 ], [ 101.512153, 2.789606, 0.0 ], [ 101.512446, 2.789444, 0.0 ], [ 101.51263, 2.789346, 0.0 ], [ 101.512697, 2.789308, 0.0 ], [ 101.512768, 2.789267, 0.0 ], [ 101.512788, 2.789222, 0.0 ], [ 101.512879, 2.789018, 0.0 ], [ 101.513006, 2.788933, 0.0 ], [ 101.513457, 2.788632, 0.0 ], [ 101.513936, 2.788313, 0.0 ], [ 101.514448, 2.787972, 0.0 ], [ 101.514695, 2.787808, 0.0 ], [ 101.514967, 2.787627, 0.0 ], [ 101.51549, 2.78728, 0.0 ], [ 101.515614, 2.787198, 0.0 ], [ 101.516015, 2.78693, 0.0 ], [ 101.516545, 2.786575, 0.0 ], [ 101.516495, 2.786513, 0.0 ], [ 101.51669, 2.78638, 0.0 ], [ 101.516839, 2.786276, 0.0 ], [ 101.518263, 2.785302, 0.0 ], [ 101.518762, 2.784892, 0.0 ], [ 101.520354, 2.784029, 0.0 ], [ 101.520514, 2.783943, 0.0 ], [ 101.521336, 2.783497, 0.0 ], [ 101.522159, 2.78305, 0.0 ], [ 101.522322, 2.782965, 0.0 ], [ 101.523955, 2.782182, 0.0 ], [ 101.524282, 2.782027, 0.0 ], [ 101.52592, 2.78125, 0.0 ], [ 101.526077, 2.78116, 0.0 ], [ 101.527206, 2.78051, 0.0 ], [ 101.52834, 2.779857, 0.0 ], [ 101.528502, 2.779767, 0.0 ], [ 101.530071, 2.778864, 0.0 ], [ 101.530381, 2.778684, 0.0 ], [ 101.531148, 2.778286, 0.0 ], [ 101.531299, 2.778208, 0.0 ], [ 101.531467, 2.778139, 0.0 ], [ 101.531634, 2.778044, 0.0 ], [ 101.531657, 2.778031, 0.0 ], [ 101.531836, 2.778034, 0.0 ], [ 101.532338, 2.778008, 0.0 ], [ 101.533096, 2.777968, 0.0 ], [ 101.533856, 2.777929, 0.0 ], [ 101.534037, 2.777939, 0.0 ], [ 101.53527, 2.778009, 0.0 ], [ 101.535485, 2.778004, 0.0 ], [ 101.535622, 2.75934, 0.0 ], [ 101.535622, 2.7593, 0.0 ], [ 101.535426, 2.759302, 0.0 ], [ 101.531703, 2.75933, 0.0 ], [ 101.524807, 2.759222, 0.0 ], [ 101.523491, 2.759191, 0.0 ], [ 101.523329, 2.758873, 0.0 ], [ 101.523257, 2.758872, 0.0 ], [ 101.523216, 2.758795, 0.0 ], [ 101.520719, 2.75402, 0.0 ], [ 101.518937, 2.750614, 0.0 ], [ 101.518478, 2.749738, 0.0 ], [ 101.518279, 2.749417, 0.0 ], [ 101.518365, 2.749344, 0.0 ], [ 101.51744, 2.747747, 0.0 ], [ 101.514898, 2.742796, 0.0 ], [ 101.509556, 2.732933, 0.0 ], [ 101.508424, 2.733766, 0.0 ], [ 101.505623, 2.735528, 0.0 ], [ 101.504993, 2.735914, 0.0 ], [ 101.504962, 2.735933, 0.0 ], [ 101.502411, 2.737495, 0.0 ], [ 101.499209, 2.739566, 0.0 ], [ 101.499207, 2.739564, 0.0 ], [ 101.499029, 2.739382, 0.0 ], [ 101.497849, 2.738243, 0.0 ], [ 101.497699, 2.738044, 0.0 ], [ 101.497349, 2.737418, 0.0 ], [ 101.496808, 2.73645, 0.0 ], [ 101.495288, 2.733732, 0.0 ], [ 101.494927, 2.733175, 0.0 ], [ 101.494923, 2.733168, 0.0 ], [ 101.494909, 2.733175, 0.0 ], [ 101.494308, 2.733487, 0.0 ], [ 101.490369, 2.735807, 0.0 ], [ 101.48722, 2.737655, 0.0 ], [ 101.48295, 2.74018, 0.0 ], [ 101.480606, 2.741582, 0.0 ], [ 101.481444, 2.743004, 0.0 ], [ 101.482489, 2.744954, 0.0 ], [ 101.484414, 2.748229, 0.0 ], [ 101.471968, 2.755545, 0.0 ], [ 101.471972, 2.755551, 0.0 ], [ 101.471774, 2.755677, 0.0 ], [ 101.468466, 2.757937, 0.0 ], [ 101.467228, 2.758784, 0.0 ], [ 101.467199, 2.758803, 0.0 ], [ 101.465714, 2.759818, 0.0 ], [ 101.462383, 2.762094, 0.0 ], [ 101.462123, 2.761749, 0.0 ], [ 101.461551, 2.760988, 0.0 ], [ 101.460722, 2.759706, 0.0 ], [ 101.460122, 2.758767, 0.0 ], [ 101.460099, 2.758731, 0.0 ], [ 101.459955, 2.758466, 0.0 ], [ 101.456312, 2.751792, 0.0 ], [ 101.455034, 2.749445, 0.0 ], [ 101.454577, 2.748472, 0.0 ], [ 101.453467, 2.746112, 0.0 ], [ 101.452469, 2.743987, 0.0 ], [ 101.451636, 2.742216, 0.0 ], [ 101.451612, 2.742164, 0.0 ], [ 101.451582, 2.742102, 0.0 ], [ 101.451067, 2.741006, 0.0 ], [ 101.450387, 2.73956, 0.0 ], [ 101.450379, 2.739542, 0.0 ], [ 101.450321, 2.739419, 0.0 ], [ 101.450297, 2.739366, 0.0 ], [ 101.450273, 2.739316, 0.0 ], [ 101.4501, 2.738887, 0.0 ], [ 101.449441, 2.737249, 0.0 ], [ 101.449328, 2.73697, 0.0 ], [ 101.449127, 2.736453, 0.0 ], [ 101.449069, 2.736306, 0.0 ], [ 101.448831, 2.735696, 0.0 ], [ 101.449216, 2.734927, 0.0 ], [ 101.449659, 2.734159, 0.0 ], [ 101.450219, 2.733657, 0.0 ], [ 101.45084, 2.73286, 0.0 ], [ 101.451135, 2.73221, 0.0 ], [ 101.451342, 2.731825, 0.0 ], [ 101.451579, 2.731293, 0.0 ], [ 101.452022, 2.730791, 0.0 ], [ 101.452258, 2.730348, 0.0 ], [ 101.452525, 2.729816, 0.0 ], [ 101.452908, 2.729551, 0.0 ], [ 101.453203, 2.729137, 0.0 ], [ 101.453528, 2.728753, 0.0 ], [ 101.453676, 2.728369, 0.0 ], [ 101.453795, 2.727955, 0.0 ], [ 101.453854, 2.727777, 0.0 ], [ 101.453944, 2.727215, 0.0 ], [ 101.453945, 2.72686, 0.0 ], [ 101.454152, 2.726269, 0.0 ], [ 101.454448, 2.725796, 0.0 ], [ 101.45495, 2.725176, 0.0 ], [ 101.455239, 2.724709, 0.0 ], [ 101.455339, 2.724465, 0.0 ], [ 101.455484, 2.723977, 0.0 ], [ 101.45561, 2.723742, 0.0 ], [ 101.455839, 2.723239, 0.0 ], [ 101.455873, 2.723164, 0.0 ], [ 101.455991, 2.722767, 0.0 ], [ 101.456127, 2.722297, 0.0 ], [ 101.456176, 2.722136, 0.0 ], [ 101.456261, 2.721858, 0.0 ], [ 101.456453, 2.721231, 0.0 ], [ 101.456743, 2.720427, 0.0 ], [ 101.456917, 2.719971, 0.0 ], [ 101.45706, 2.719596, 0.0 ], [ 101.457376, 2.718756, 0.0 ], [ 101.457503, 2.718476, 0.0 ], [ 101.457756, 2.717889, 0.0 ], [ 101.458054, 2.717338, 0.0 ], [ 101.458074, 2.717302, 0.0 ], [ 101.458307, 2.716868, 0.0 ], [ 101.458452, 2.716733, 0.0 ], [ 101.458474, 2.7167, 0.0 ], [ 101.458808, 2.716225, 0.0 ], [ 101.458876, 2.716128, 0.0 ], [ 101.458966, 2.715911, 0.0 ], [ 101.459103, 2.715658, 0.0 ], [ 101.459077, 2.715643, 0.0 ], [ 101.459416, 2.714875, 0.0 ], [ 101.4598, 2.714093, 0.0 ], [ 101.460287, 2.713122, 0.0 ], [ 101.460391, 2.712931, 0.0 ], [ 101.460885, 2.712018, 0.0 ], [ 101.461123, 2.712148, 0.0 ], [ 101.461365, 2.712281, 0.0 ], [ 101.461358, 2.712313, 0.0 ], [ 101.46143, 2.71221, 0.0 ], [ 101.461512, 2.712002, 0.0 ], [ 101.461648, 2.711406, 0.0 ], [ 101.46165, 2.710709, 0.0 ], [ 101.46165, 2.710628, 0.0 ], [ 101.461687, 2.710276, 0.0 ], [ 101.461706, 2.710185, 0.0 ], [ 101.461747, 2.709999, 0.0 ], [ 101.461769, 2.709779, 0.0 ], [ 101.461797, 2.709453, 0.0 ], [ 101.461869, 2.709173, 0.0 ], [ 101.462213, 2.708559, 0.0 ], [ 101.462294, 2.708216, 0.0 ], [ 101.462286, 2.708008, 0.0 ], [ 101.462584, 2.707584, 0.0 ], [ 101.462116, 2.707646, 0.0 ], [ 101.462134, 2.70751, 0.0 ], [ 101.46236, 2.707212, 0.0 ], [ 101.462495, 2.70714, 0.0 ], [ 101.462639, 2.707104, 0.0 ], [ 101.462595, 2.706788, 0.0 ], [ 101.462586, 2.70648, 0.0 ], [ 101.462641, 2.706182, 0.0 ], [ 101.462759, 2.705929, 0.0 ], [ 101.463011, 2.70565, 0.0 ], [ 101.463209, 2.705533, 0.0 ], [ 101.463597, 2.705145, 0.0 ], [ 101.463931, 2.704721, 0.0 ], [ 101.464066, 2.704621, 0.0 ], [ 101.464192, 2.70445, 0.0 ], [ 101.464265, 2.704215, 0.0 ], [ 101.464301, 2.703917, 0.0 ], [ 101.464599, 2.70342, 0.0 ], [ 101.465157, 2.703159, 0.0 ], [ 101.465266, 2.702979, 0.0 ], [ 101.465177, 2.702716, 0.0 ], [ 101.465348, 2.702518, 0.0 ], [ 101.465618, 2.702383, 0.0 ], [ 101.465798, 2.702157, 0.0 ], [ 101.466105, 2.70176, 0.0 ], [ 101.466412, 2.701444, 0.0 ], [ 101.466529, 2.701164, 0.0 ], [ 101.466682, 2.700993, 0.0 ], [ 101.467034, 2.700831, 0.0 ], [ 101.467259, 2.700597, 0.0 ], [ 101.467593, 2.700082, 0.0 ], [ 101.467711, 2.699748, 0.0 ], [ 101.468215, 2.699505, 0.0 ], [ 101.468539, 2.699424, 0.0 ], [ 101.468602, 2.699235, 0.0 ], [ 101.468512, 2.699108, 0.0 ], [ 101.468388, 2.698969, 0.0 ], [ 101.468334, 2.698664, 0.0 ], [ 101.468478, 2.698583, 0.0 ], [ 101.469045, 2.698431, 0.0 ], [ 101.46918, 2.698296, 0.0 ], [ 101.469577, 2.697836, 0.0 ], [ 101.469829, 2.697682, 0.0 ], [ 101.470009, 2.697556, 0.0 ], [ 101.470388, 2.696897, 0.0 ], [ 101.470506, 2.696744, 0.0 ], [ 101.470686, 2.696482, 0.0 ], [ 101.470803, 2.696356, 0.0 ], [ 101.471055, 2.696221, 0.0 ], [ 101.471424, 2.696122, 0.0 ], [ 101.471577, 2.696068, 0.0 ], [ 101.471803, 2.695834, 0.0 ], [ 101.471926, 2.695675, 0.0 ], [ 101.472118, 2.695428, 0.0 ], [ 101.472299, 2.695193, 0.0 ], [ 101.472623, 2.694968, 0.0 ], [ 101.473019, 2.694842, 0.0 ], [ 101.473352, 2.694825, 0.0 ], [ 101.473639, 2.694835, 0.0 ], [ 101.473936, 2.694772, 0.0 ], [ 101.474107, 2.694673, 0.0 ], [ 101.474369, 2.694457, 0.0 ], [ 101.474657, 2.694331, 0.0 ], [ 101.474864, 2.694322, 0.0 ], [ 101.47516, 2.694413, 0.0 ], [ 101.475367, 2.694468, 0.0 ], [ 101.47552, 2.694432, 0.0 ], [ 101.475836, 2.693818, 0.0 ], [ 101.476052, 2.693539, 0.0 ], [ 101.476269, 2.693367, 0.0 ], [ 101.476476, 2.69325, 0.0 ], [ 101.476692, 2.693115, 0.0 ], [ 101.476791, 2.692989, 0.0 ], [ 101.476729, 2.692781, 0.0 ], [ 101.476657, 2.692636, 0.0 ], [ 101.476676, 2.692482, 0.0 ], [ 101.476739, 2.692329, 0.0 ], [ 101.476569, 2.692057, 0.0 ], [ 101.476425, 2.691903, 0.0 ], [ 101.476381, 2.691767, 0.0 ], [ 101.476624, 2.691506, 0.0 ], [ 101.476877, 2.69119, 0.0 ], [ 101.477111, 2.691009, 0.0 ], [ 101.477264, 2.690956, 0.0 ], [ 101.477407, 2.691164, 0.0 ], [ 101.477353, 2.691336, 0.0 ], [ 101.477271, 2.691552, 0.0 ], [ 101.477361, 2.691661, 0.0 ], [ 101.477586, 2.691562, 0.0 ], [ 101.477767, 2.691219, 0.0 ], [ 101.47792, 2.691129, 0.0 ], [ 101.478145, 2.691048, 0.0 ], [ 101.478244, 2.690949, 0.0 ], [ 101.478254, 2.690578, 0.0 ], [ 101.478317, 2.690452, 0.0 ], [ 101.478714, 2.690082, 0.0 ], [ 101.47884, 2.689992, 0.0 ], [ 101.479046, 2.690146, 0.0 ], [ 101.479253, 2.69012, 0.0 ], [ 101.479451, 2.690039, 0.0 ], [ 101.479667, 2.690012, 0.0 ], [ 101.479676, 2.68984, 0.0 ], [ 101.479425, 2.689776, 0.0 ], [ 101.479596, 2.689487, 0.0 ], [ 101.47957, 2.689261, 0.0 ], [ 101.479669, 2.689153, 0.0 ], [ 101.479804, 2.689117, 0.0 ], [ 101.48011, 2.689127, 0.0 ], [ 101.48037, 2.689417, 0.0 ], [ 101.480486, 2.689752, 0.0 ], [ 101.480634, 2.689895, 0.0 ], [ 101.480648, 2.689941, 0.0 ], [ 101.480569, 2.688902, 0.0 ], [ 101.48101, 2.688542, 0.0 ], [ 101.48128, 2.688407, 0.0 ], [ 101.481416, 2.688235, 0.0 ], [ 101.481512, 2.688144, 0.0 ], [ 101.481758, 2.687968, 0.0 ], [ 101.481848, 2.687911, 0.0 ], [ 101.4821, 2.687839, 0.0 ], [ 101.482388, 2.68765, 0.0 ], [ 101.483027, 2.687543, 0.0 ], [ 101.483216, 2.687444, 0.0 ], [ 101.483846, 2.687129, 0.0 ], [ 101.484134, 2.686967, 0.0 ], [ 101.484909, 2.686562, 0.0 ], [ 101.485169, 2.686572, 0.0 ], [ 101.48534, 2.686608, 0.0 ], [ 101.485502, 2.686573, 0.0 ], [ 101.485727, 2.68641, 0.0 ], [ 101.486025, 2.686058, 0.0 ], [ 101.486241, 2.68595, 0.0 ], [ 101.486538, 2.685816, 0.0 ], [ 101.486682, 2.685707, 0.0 ], [ 101.486935, 2.685419, 0.0 ], [ 101.487043, 2.685166, 0.0 ], [ 101.487385, 2.684986, 0.0 ], [ 101.487502, 2.684905, 0.0 ], [ 101.487683, 2.684715, 0.0 ], [ 101.48789, 2.684607, 0.0 ], [ 101.488061, 2.68459, 0.0 ], [ 101.48806, 2.684789, 0.0 ], [ 101.488231, 2.684816, 0.0 ], [ 101.488447, 2.68479, 0.0 ], [ 101.488366, 2.684554, 0.0 ], [ 101.488268, 2.684373, 0.0 ], [ 101.488448, 2.684256, 0.0 ], [ 101.488628, 2.684238, 0.0 ], [ 101.488808, 2.684157, 0.0 ], [ 101.489204, 2.683869, 0.0 ], [ 101.489483, 2.683951, 0.0 ], [ 101.489716, 2.684105, 0.0 ], [ 101.489735, 2.683744, 0.0 ], [ 101.489772, 2.683572, 0.0 ], [ 101.489862, 2.683464, 0.0 ], [ 101.490132, 2.683347, 0.0 ], [ 101.490402, 2.68332, 0.0 ], [ 101.490725, 2.68333, 0.0 ], [ 101.490914, 2.683249, 0.0 ], [ 101.49113, 2.683169, 0.0 ], [ 101.491481, 2.683151, 0.0 ], [ 101.492363, 2.682729, 0.0 ], [ 101.492696, 2.682657, 0.0 ], [ 101.493101, 2.682649, 0.0 ], [ 101.49374, 2.68247, 0.0 ], [ 101.494055, 2.682335, 0.0 ], [ 101.494594, 2.682264, 0.0 ], [ 101.494767, 2.682188, 0.0 ], [ 101.4949, 2.682129, 0.0 ], [ 101.494923, 2.682117, 0.0 ], [ 101.495297, 2.681913, 0.0 ], [ 101.495495, 2.681841, 0.0 ], [ 101.495801, 2.681634, 0.0 ], [ 101.495954, 2.68158, 0.0 ], [ 101.49617, 2.681427, 0.0 ], [ 101.496449, 2.68122, 0.0 ], [ 101.496719, 2.681103, 0.0 ], [ 101.496989, 2.681103, 0.0 ], [ 101.497195, 2.681285, 0.0 ], [ 101.497438, 2.681249, 0.0 ], [ 101.497519, 2.681105, 0.0 ], [ 101.497664, 2.68096, 0.0 ], [ 101.497807, 2.681015, 0.0 ], [ 101.497924, 2.681151, 0.0 ], [ 101.498049, 2.681332, 0.0 ], [ 101.498166, 2.681441, 0.0 ], [ 101.49831, 2.681495, 0.0 ], [ 101.498723, 2.681533, 0.0 ], [ 101.498849, 2.681587, 0.0 ], [ 101.498796, 2.681352, 0.0 ], [ 101.498725, 2.681053, 0.0 ], [ 101.498878, 2.680909, 0.0 ], [ 101.499355, 2.680802, 0.0 ], [ 101.499607, 2.680613, 0.0 ], [ 101.499985, 2.680415, 0.0 ], [ 101.500165, 2.680216, 0.0 ], [ 101.500382, 2.679819, 0.0 ], [ 101.500364, 2.679656, 0.0 ], [ 101.500131, 2.679701, 0.0 ], [ 101.499942, 2.679564, 0.0 ], [ 101.499987, 2.679393, 0.0 ], [ 101.500159, 2.679258, 0.0 ], [ 101.50042, 2.679132, 0.0 ], [ 101.500744, 2.678924, 0.0 ], [ 101.50096, 2.678862, 0.0 ], [ 101.501293, 2.67879, 0.0 ], [ 101.501824, 2.678538, 0.0 ], [ 101.502832, 2.677926, 0.0 ], [ 101.503192, 2.6778, 0.0 ], [ 101.503372, 2.677801, 0.0 ], [ 101.503606, 2.677973, 0.0 ], [ 101.503636, 2.678076, 0.0 ], [ 101.503974, 2.677846, 0.0 ], [ 101.504038, 2.677694, 0.0 ], [ 101.504254, 2.677432, 0.0 ], [ 101.504561, 2.677162, 0.0 ], [ 101.505038, 2.676864, 0.0 ], [ 101.505182, 2.676801, 0.0 ], [ 101.505731, 2.676495, 0.0 ], [ 101.506208, 2.676325, 0.0 ], [ 101.506352, 2.676289, 0.0 ], [ 101.506649, 2.676118, 0.0 ], [ 101.507099, 2.67592, 0.0 ], [ 101.507711, 2.675759, 0.0 ], [ 101.5096, 2.675393, 0.0 ], [ 101.510131, 2.675367, 0.0 ], [ 101.510625, 2.675422, 0.0 ], [ 101.511048, 2.67546, 0.0 ], [ 101.511516, 2.675424, 0.0 ], [ 101.512056, 2.675218, 0.0 ], [ 101.512254, 2.675146, 0.0 ], [ 101.512578, 2.674993, 0.0 ], [ 101.512937, 2.674931, 0.0 ], [ 101.515195, 2.674018, 0.0 ], [ 101.520696, 2.671794, 0.0 ], [ 101.520876, 2.671713, 0.0 ], [ 101.521209, 2.671651, 0.0 ], [ 101.522072, 2.671644, 0.0 ], [ 101.522396, 2.67159, 0.0 ], [ 101.52308, 2.671185, 0.0 ], [ 101.523461, 2.671095, 0.0 ], [ 101.523575, 2.671069, 0.0 ], [ 101.524025, 2.671015, 0.0 ], [ 101.524187, 2.670971, 0.0 ], [ 101.524421, 2.670817, 0.0 ], [ 101.524711, 2.670612, 0.0 ], [ 101.52497, 2.670385, 0.0 ], [ 101.525204, 2.670295, 0.0 ], [ 101.52569, 2.670278, 0.0 ], [ 101.525861, 2.670188, 0.0 ], [ 101.526014, 2.670026, 0.0 ], [ 101.526067, 2.6699, 0.0 ], [ 101.526087, 2.669854, 0.0 ], [ 101.526159, 2.669664, 0.0 ], [ 101.526321, 2.669556, 0.0 ], [ 101.526645, 2.669421, 0.0 ], [ 101.526897, 2.669196, 0.0 ], [ 101.527149, 2.669115, 0.0 ], [ 101.527383, 2.669043, 0.0 ], [ 101.527555, 2.668917, 0.0 ], [ 101.528041, 2.668394, 0.0 ], [ 101.52823, 2.668313, 0.0 ], [ 101.528392, 2.668331, 0.0 ], [ 101.528572, 2.668386, 0.0 ], [ 101.528816, 2.667971, 0.0 ], [ 101.528978, 2.667808, 0.0 ], [ 101.529158, 2.667664, 0.0 ], [ 101.529392, 2.667421, 0.0 ], [ 101.529654, 2.667177, 0.0 ], [ 101.530023, 2.666943, 0.0 ], [ 101.530266, 2.666871, 0.0 ], [ 101.530527, 2.666818, 0.0 ], [ 101.530689, 2.666746, 0.0 ], [ 101.531112, 2.666539, 0.0 ], [ 101.531191, 2.666509, 0.0 ], [ 101.531976, 2.666215, 0.0 ], [ 101.532219, 2.666089, 0.0 ], [ 101.53239, 2.666017, 0.0 ], [ 101.532747, 2.665943, 0.0 ], [ 101.533119, 2.665865, 0.0 ], [ 101.53329, 2.665748, 0.0 ], [ 101.533379, 2.665665, 0.0 ], [ 101.533551, 2.665505, 0.0 ], [ 101.53383, 2.665361, 0.0 ], [ 101.534235, 2.665235, 0.0 ], [ 101.534384, 2.665215, 0.0 ], [ 101.534631, 2.665182, 0.0 ], [ 101.534769, 2.665043, 0.0 ], [ 101.534901, 2.664911, 0.0 ], [ 101.535081, 2.664848, 0.0 ], [ 101.53554, 2.664777, 0.0 ], [ 101.535729, 2.664651, 0.0 ], [ 101.536162, 2.664381, 0.0 ], [ 101.536531, 2.66421, 0.0 ], [ 101.537052, 2.664085, 0.0 ], [ 101.537332, 2.66376, 0.0 ], [ 101.537584, 2.66348, 0.0 ], [ 101.538979, 2.662837, 0.0 ], [ 101.539304, 2.66267, 0.0 ], [ 101.539988, 2.662428, 0.0 ], [ 101.540195, 2.662356, 0.0 ], [ 101.540807, 2.661996, 0.0 ], [ 101.541185, 2.661716, 0.0 ], [ 101.541869, 2.661465, 0.0 ], [ 101.542157, 2.661294, 0.0 ], [ 101.542473, 2.661059, 0.0 ], [ 101.54367, 2.660438, 0.0 ], [ 101.543904, 2.66033, 0.0 ], [ 101.544255, 2.660196, 0.0 ], [ 101.544849, 2.660116, 0.0 ], [ 101.545173, 2.659999, 0.0 ], [ 101.546027, 2.659911, 0.0 ], [ 101.546405, 2.659731, 0.0 ], [ 101.546783, 2.659496, 0.0 ], [ 101.547899, 2.659228, 0.0 ], [ 101.548349, 2.658994, 0.0 ], [ 101.549519, 2.658554, 0.0 ], [ 101.550284, 2.658185, 0.0 ], [ 101.551391, 2.657708, 0.0 ], [ 101.551816, 2.657589, 0.0 ], [ 101.553224, 2.656804, 0.0 ], [ 101.553399, 2.656691, 0.0 ], [ 101.55345, 2.656677, 0.0 ], [ 101.553723, 2.656602, 0.0 ], [ 101.554015, 2.656593, 0.0 ], [ 101.55402, 2.656593, 0.0 ], [ 101.554289, 2.65673, 0.0 ], [ 101.554684, 2.657137, 0.0 ], [ 101.554752, 2.657236, 0.0 ], [ 101.555157, 2.657054, 0.0 ], [ 101.555396, 2.657544, 0.0 ], [ 101.555766, 2.657337, 0.0 ], [ 101.55578, 2.657312, 0.0 ], [ 101.555826, 2.65686, 0.0 ], [ 101.555855, 2.656738, 0.0 ], [ 101.555947, 2.656572, 0.0 ], [ 101.555962, 2.656553, 0.0 ], [ 101.55652, 2.656436, 0.0 ], [ 101.556763, 2.656365, 0.0 ], [ 101.557051, 2.656266, 0.0 ], [ 101.557374, 2.656258, 0.0 ], [ 101.558593, 2.655779, 0.0 ], [ 101.558586, 2.655742, 0.0 ], [ 101.559222, 2.655383, 0.0 ], [ 101.559302, 2.655374, 0.0 ], [ 101.559379, 2.65608, 0.0 ], [ 101.559398, 2.656073, 0.0 ], [ 101.559614, 2.656028, 0.0 ], [ 101.560301, 2.656165, 0.0 ], [ 101.560204, 2.655276, 0.0 ], [ 101.56078, 2.655214, 0.0 ], [ 101.561652, 2.655024, 0.0 ], [ 101.563597, 2.654599, 0.0 ], [ 101.563714, 2.655141, 0.0 ], [ 101.563752, 2.655269, 0.0 ], [ 101.564435, 2.655244, 0.0 ], [ 101.564652, 2.655214, 0.0 ], [ 101.564885, 2.655182, 0.0 ], [ 101.565092, 2.655083, 0.0 ], [ 101.565533, 2.654722, 0.0 ], [ 101.565563, 2.65467, 0.0 ], [ 101.565705, 2.654415, 0.0 ], [ 101.566047, 2.654163, 0.0 ], [ 101.566758, 2.653839, 0.0 ], [ 101.567172, 2.653686, 0.0 ], [ 101.567514, 2.653533, 0.0 ], [ 101.567902, 2.65319, 0.0 ], [ 101.56864, 2.652803, 0.0 ], [ 101.568982, 2.652687, 0.0 ], [ 101.569369, 2.652498, 0.0 ], [ 101.569585, 2.652462, 0.0 ], [ 101.569729, 2.652372, 0.0 ], [ 101.570269, 2.652156, 0.0 ], [ 101.57067, 2.651967, 0.0 ], [ 101.570935, 2.651841, 0.0 ], [ 101.571259, 2.651706, 0.0 ], [ 101.571586, 2.651638, 0.0 ], [ 101.572537, 2.651438, 0.0 ], [ 101.573203, 2.651241, 0.0 ], [ 101.573842, 2.651025, 0.0 ], [ 101.573865, 2.651012, 0.0 ], [ 101.574535, 2.650647, 0.0 ], [ 101.574832, 2.650539, 0.0 ], [ 101.575264, 2.650369, 0.0 ], [ 101.575885, 2.650153, 0.0 ], [ 101.576785, 2.64983, 0.0 ], [ 101.577045, 2.649794, 0.0 ], [ 101.577476, 2.649791, 0.0 ], [ 101.577654, 2.649789, 0.0 ], [ 101.577665, 2.649782, 0.0 ], [ 101.578445, 2.649319, 0.0 ], [ 101.578804, 2.649106, 0.0 ], [ 101.579288, 2.648851, 0.0 ], [ 101.579722, 2.648599, 0.0 ], [ 101.580364, 2.649785, 0.0 ], [ 101.580417, 2.649766, 0.0 ], [ 101.58094, 2.649496, 0.0 ], [ 101.581651, 2.648901, 0.0 ], [ 101.582138, 2.648405, 0.0 ], [ 101.582426, 2.648161, 0.0 ], [ 101.582669, 2.648071, 0.0 ], [ 101.582831, 2.648081, 0.0 ], [ 101.583289, 2.648308, 0.0 ], [ 101.583155, 2.647973, 0.0 ], [ 101.583803, 2.647712, 0.0 ], [ 101.584217, 2.647542, 0.0 ], [ 101.584649, 2.647289, 0.0 ], [ 101.585181, 2.646884, 0.0 ], [ 101.585424, 2.646704, 0.0 ], [ 101.585694, 2.646442, 0.0 ], [ 101.586055, 2.646099, 0.0 ], [ 101.58628, 2.645792, 0.0 ], [ 101.586379, 2.645693, 0.0 ], [ 101.586578, 2.64544, 0.0 ], [ 101.586812, 2.645305, 0.0 ], [ 101.586974, 2.645278, 0.0 ], [ 101.587244, 2.645315, 0.0 ], [ 101.587486, 2.645352, 0.0 ], [ 101.587527, 2.645317, 0.0 ], [ 101.587197, 2.644666, 0.0 ], [ 101.587593, 2.644462, 0.0 ], [ 101.587667, 2.644303, 0.0 ], [ 101.587696, 2.64424, 0.0 ], [ 101.58811, 2.64406, 0.0 ], [ 101.588188, 2.643957, 0.0 ], [ 101.588227, 2.643907, 0.0 ], [ 101.588326, 2.643754, 0.0 ], [ 101.588713, 2.643872, 0.0 ], [ 101.588867, 2.643321, 0.0 ], [ 101.589119, 2.643177, 0.0 ], [ 101.589425, 2.642942, 0.0 ], [ 101.589902, 2.642627, 0.0 ], [ 101.590089, 2.642464, 0.0 ], [ 101.590245, 2.642248, 0.0 ], [ 101.590201, 2.641949, 0.0 ], [ 101.590156, 2.64166, 0.0 ], [ 101.590175, 2.641515, 0.0 ], [ 101.590777, 2.641526, 0.0 ], [ 101.590954, 2.641578, 0.0 ], [ 101.590995, 2.637137, 0.0 ], [ 101.594387, 2.635558, 0.0 ], [ 101.597676, 2.634027, 0.0 ], [ 101.601023, 2.632469, 0.0 ], [ 101.604946, 2.630643, 0.0 ], [ 101.607985, 2.629228, 0.0 ], [ 101.610432, 2.628089, 0.0 ], [ 101.612556, 2.6271, 0.0 ], [ 101.615797, 2.626609, 0.0 ], [ 101.617997, 2.626275, 0.0 ], [ 101.624769, 2.625248, 0.0 ], [ 101.63, 2.624458, 0.0 ], [ 101.632743, 2.624043, 0.0 ], [ 101.635529, 2.62362, 0.0 ], [ 101.635835, 2.623574, 0.0 ], [ 101.639342, 2.62361, 0.0 ], [ 101.643341, 2.62249, 0.0 ], [ 101.647186, 2.621415, 0.0 ], [ 101.649489, 2.62077, 0.0 ], [ 101.650839, 2.620277, 0.0 ], [ 101.65195, 2.619871, 0.0 ], [ 101.654559, 2.618917, 0.0 ], [ 101.657612, 2.6178, 0.0 ], [ 101.660832, 2.616623, 0.0 ], [ 101.661703, 2.616304, 0.0 ], [ 101.663407, 2.614973, 0.0 ], [ 101.665828, 2.613081, 0.0 ], [ 101.668802, 2.61076, 0.0 ], [ 101.669673, 2.610081, 0.0 ], [ 101.673297, 2.60725, 0.0 ], [ 101.67655, 2.604708, 0.0 ], [ 101.67849, 2.603188, 0.0 ], [ 101.681434, 2.60127, 0.0 ], [ 101.683461, 2.603465, 0.0 ], [ 101.685833, 2.606032, 0.0 ], [ 101.686624, 2.607652, 0.0 ], [ 101.68703, 2.608513, 0.0 ], [ 101.685555, 2.60865, 0.0 ], [ 101.685826, 2.610236, 0.0 ], [ 101.685884, 2.610576, 0.0 ], [ 101.685508, 2.61137, 0.0 ], [ 101.684603, 2.612353, 0.0 ], [ 101.684278, 2.612706, 0.0 ], [ 101.684028, 2.613639, 0.0 ], [ 101.683947, 2.613943, 0.0 ], [ 101.683942, 2.61396, 0.0 ], [ 101.683941, 2.6144, 0.0 ], [ 101.68443, 2.615196, 0.0 ], [ 101.684583, 2.615447, 0.0 ], [ 101.684427, 2.616771, 0.0 ], [ 101.684393, 2.617057, 0.0 ], [ 101.685242, 2.61844, 0.0 ], [ 101.685805, 2.618441, 0.0 ], [ 101.686532, 2.618443, 0.0 ], [ 101.687113, 2.618988, 0.0 ], [ 101.687138, 2.619263, 0.0 ], [ 101.68717, 2.619616, 0.0 ], [ 101.68719, 2.619842, 0.0 ], [ 101.686902, 2.620077, 0.0 ], [ 101.68646, 2.620437, 0.0 ], [ 101.686102, 2.620728, 0.0 ], [ 101.684458, 2.621168, 0.0 ], [ 101.684029, 2.621283, 0.0 ], [ 101.68289, 2.621712, 0.0 ], [ 101.682232, 2.622206, 0.0 ], [ 101.682182, 2.622244, 0.0 ], [ 101.681739, 2.622667, 0.0 ], [ 101.681625, 2.622777, 0.0 ], [ 101.681624, 2.622942, 0.0 ], [ 101.681623, 2.623488, 0.0 ], [ 101.682733, 2.624252, 0.0 ], [ 101.682809, 2.624304, 0.0 ], [ 101.684728, 2.624239, 0.0 ], [ 101.687596, 2.624767, 0.0 ], [ 101.688151, 2.625777, 0.0 ], [ 101.688202, 2.625869, 0.0 ], [ 101.688025, 2.627266, 0.0 ], [ 101.687044, 2.628784, 0.0 ], [ 101.686909, 2.628992, 0.0 ], [ 101.68694, 2.62929, 0.0 ], [ 101.687285, 2.629613, 0.0 ], [ 101.687547, 2.629931, 0.0 ], [ 101.687739, 2.630039, 0.0 ], [ 101.688228, 2.630313, 0.0 ], [ 101.688293, 2.630424, 0.0 ], [ 101.688407, 2.630619, 0.0 ], [ 101.688458, 2.632143, 0.0 ], [ 101.688115, 2.632506, 0.0 ], [ 101.687771, 2.633409, 0.0 ], [ 101.687874, 2.633827, 0.0 ], [ 101.687993, 2.635584, 0.0 ], [ 101.688059, 2.636564, 0.0 ], [ 101.688062, 2.63661, 0.0 ], [ 101.687249, 2.638869, 0.0 ], [ 101.686957, 2.639411, 0.0 ], [ 101.686894, 2.639529, 0.0 ], [ 101.686911, 2.640538, 0.0 ], [ 101.687325, 2.64292, 0.0 ], [ 101.687595, 2.643379, 0.0 ], [ 101.687694, 2.643546, 0.0 ], [ 101.6886, 2.644096, 0.0 ], [ 101.6887, 2.644156, 0.0 ], [ 101.688896, 2.644223, 0.0 ], [ 101.689319, 2.644406, 0.0 ], [ 101.690119, 2.645105, 0.0 ], [ 101.690126, 2.646304, 0.0 ], [ 101.689832, 2.646746, 0.0 ], [ 101.689362, 2.646884, 0.0 ], [ 101.688964, 2.646936, 0.0 ], [ 101.688912, 2.646943, 0.0 ], [ 101.687778, 2.646279, 0.0 ], [ 101.687684, 2.646817, 0.0 ], [ 101.687601, 2.647464, 0.0 ], [ 101.687586, 2.647532, 0.0 ], [ 101.687482, 2.648004, 0.0 ], [ 101.688102, 2.649753, 0.0 ], [ 101.688183, 2.649981, 0.0 ], [ 101.68833, 2.650427, 0.0 ], [ 101.688366, 2.650539, 0.0 ], [ 101.689607, 2.651386, 0.0 ], [ 101.689858, 2.651995, 0.0 ], [ 101.689452, 2.653007, 0.0 ], [ 101.688595, 2.653563, 0.0 ], [ 101.688582, 2.653577, 0.0 ], [ 101.688538, 2.653627, 0.0 ], [ 101.688224, 2.653984, 0.0 ], [ 101.688194, 2.654274, 0.0 ], [ 101.688124, 2.654759, 0.0 ], [ 101.688207, 2.656188, 0.0 ], [ 101.688219, 2.656433, 0.0 ], [ 101.688104, 2.657176, 0.0 ], [ 101.687723, 2.659149, 0.0 ], [ 101.687721, 2.659149, 0.0 ], [ 101.687536, 2.659917, 0.0 ], [ 101.686409, 2.661277, 0.0 ], [ 101.685362, 2.662043, 0.0 ], [ 101.685329, 2.662117, 0.0 ], [ 101.684421, 2.664108, 0.0 ], [ 101.68439, 2.664175, 0.0 ], [ 101.684393, 2.66421, 0.0 ], [ 101.684437, 2.664815, 0.0 ], [ 101.684445, 2.664918, 0.0 ], [ 101.684266, 2.665336, 0.0 ], [ 101.68418, 2.665535, 0.0 ], [ 101.68386, 2.665957, 0.0 ], [ 101.683679, 2.666195, 0.0 ], [ 101.683318, 2.666548, 0.0 ], [ 101.683107, 2.666724, 0.0 ], [ 101.683064, 2.666782, 0.0 ], [ 101.683013, 2.666852, 0.0 ], [ 101.682887, 2.667023, 0.0 ], [ 101.682886, 2.667031, 0.0 ], [ 101.68288, 2.667073, 0.0 ], [ 101.682798, 2.667652, 0.0 ], [ 101.68278, 2.667782, 0.0 ], [ 101.682825, 2.667982, 0.0 ], [ 101.68298, 2.668673, 0.0 ], [ 101.682609, 2.668653, 0.0 ], [ 101.682244, 2.668682, 0.0 ], [ 101.679491, 2.66862, 0.0 ], [ 101.678465, 2.668631, 0.0 ], [ 101.678465, 2.66864, 0.0 ], [ 101.678386, 2.670523, 0.0 ], [ 101.678335, 2.671747, 0.0 ], [ 101.678331, 2.672446, 0.0 ], [ 101.678331, 2.672455, 0.0 ], [ 101.67833, 2.672455, 0.0 ], [ 101.678272, 2.67243, 0.0 ], [ 101.677793, 2.672423, 0.0 ], [ 101.677392, 2.67241, 0.0 ], [ 101.674193, 2.672305, 0.0 ], [ 101.673452, 2.672286, 0.0 ], [ 101.673103, 2.672277, 0.0 ], [ 101.671256, 2.672231, 0.0 ], [ 101.670959, 2.672214, 0.0 ], [ 101.670952, 2.672263, 0.0 ], [ 101.670869, 2.675814, 0.0 ], [ 101.670882, 2.677672, 0.0 ], [ 101.670869, 2.67936, 0.0 ], [ 101.670805, 2.682245, 0.0 ], [ 101.6708, 2.683589, 0.0 ], [ 101.6708, 2.683599, 0.0 ], [ 101.670785, 2.687073, 0.0 ], [ 101.670795, 2.68878, 0.0 ], [ 101.670806, 2.690468, 0.0 ], [ 101.670807, 2.690535, 0.0 ], [ 101.6708, 2.691178, 0.0 ], [ 101.673409, 2.691186, 0.0 ], [ 101.673869, 2.691187, 0.0 ], [ 101.673387, 2.70077, 0.0 ], [ 101.673385, 2.700796, 0.0 ], [ 101.673342, 2.701662, 0.0 ], [ 101.67221, 2.702307, 0.0 ], [ 101.669862, 2.703643, 0.0 ], [ 101.66758, 2.704941, 0.0 ], [ 101.665228, 2.706279, 0.0 ], [ 101.663052, 2.707517, 0.0 ], [ 101.661138, 2.708606, 0.0 ], [ 101.658821, 2.709924, 0.0 ], [ 101.657464, 2.710696, 0.0 ], [ 101.65295, 2.713265, 0.0 ], [ 101.65297, 2.713806, 0.0 ], [ 101.651986, 2.713805, 0.0 ], [ 101.647077, 2.716659, 0.0 ], [ 101.646051, 2.717255, 0.0 ], [ 101.644487, 2.718162, 0.0 ], [ 101.642204, 2.719486, 0.0 ], [ 101.639864, 2.720845, 0.0 ], [ 101.637815, 2.722034, 0.0 ], [ 101.636063, 2.723051, 0.0 ], [ 101.63448, 2.723969, 0.0 ], [ 101.632922, 2.724873, 0.0 ], [ 101.632961, 2.726546, 0.0 ], [ 101.63299, 2.7276, 0.0 ], [ 101.632808, 2.727597, 0.0 ], [ 101.631549, 2.727597, 0.0 ], [ 101.628887, 2.727598, 0.0 ], [ 101.626189, 2.727598, 0.0 ], [ 101.623491, 2.727598, 0.0 ], [ 101.620793, 2.727599, 0.0 ], [ 101.618096, 2.727599, 0.0 ], [ 101.615398, 2.7276, 0.0 ], [ 101.612879, 2.727599, 0.0 ], [ 101.610406, 2.727599, 0.0 ], [ 101.607708, 2.7276, 0.0 ], [ 101.60501, 2.7276, 0.0 ], [ 101.603122, 2.727601, 0.0 ], [ 101.601741, 2.727602, 0.0 ], [ 101.596132, 2.727582, 0.0 ], [ 101.595831, 2.727581, 0.0 ], [ 101.595833, 2.728311, 0.0 ], [ 101.595765, 2.728311, 0.0 ], [ 101.595707, 2.741761, 0.0 ], [ 101.59564, 2.749918, 0.0 ], [ 101.595565, 2.759124, 0.0 ], [ 101.595529, 2.763476, 0.0 ], [ 101.595517, 2.768757, 0.0 ], [ 101.583867, 2.768418, 0.0 ], [ 101.583866, 2.768501, 0.0 ], [ 101.583865, 2.768501, 0.0 ], [ 101.583798, 2.768499, 0.0 ], [ 101.583347, 2.791969, 0.0 ], [ 101.583207, 2.791949, 0.0 ], [ 101.582365, 2.791826, 0.0 ], [ 101.58232, 2.794323, 0.0 ], [ 101.582257, 2.799556, 0.0 ], [ 101.582253, 2.799821, 0.0 ] ] ] } },
{ "type": "Feature", "properties": { "Name": "N.56 SUNGAI PELEK", "description": "11356    <br>       <br>   KODDUNA   11356    <br>   NAMADUNA   SUNGAI PELEK    <br>   LUAS   238600944.996    <br>   KRITERIA       <br>   Status   0    <br>   JUMLAH_PEM   23989    <br>   SHAPE_Leng   93039.906938", "timestamp": null, "begin": null, "end": null, "altitudeMode": null, "tessellate": -1, "extrude": 0, "visibility": -1, "drawOrder": null, "icon": null }, "geometry": { "type": "Polygon", "coordinates": [ [ [ 101.7334, 2.868669, 0.0 ], [ 101.733423, 2.868793, 0.0 ], [ 101.73349, 2.869172, 0.0 ], [ 101.733535, 2.869421, 0.0 ], [ 101.733587, 2.86971, 0.0 ], [ 101.733809, 2.870947, 0.0 ], [ 101.733824, 2.87102, 0.0 ], [ 101.732849, 2.871127, 0.0 ], [ 101.732599, 2.871379, 0.0 ], [ 101.732503, 2.871402, 0.0 ], [ 101.732344, 2.871419, 0.0 ], [ 101.732057, 2.871454, 0.0 ], [ 101.731903, 2.871473, 0.0 ], [ 101.73161, 2.871509, 0.0 ], [ 101.731609, 2.87151, 0.0 ], [ 101.731518, 2.871523, 0.0 ], [ 101.731428, 2.871535, 0.0 ], [ 101.731341, 2.871547, 0.0 ], [ 101.731261, 2.871558, 0.0 ], [ 101.731167, 2.871577, 0.0 ], [ 101.731166, 2.871578, 0.0 ], [ 101.731104, 2.871583, 0.0 ], [ 101.73098, 2.871625, 0.0 ], [ 101.73098, 2.871624, 0.0 ], [ 101.73098, 2.87158, 0.0 ], [ 101.73098, 2.871536, 0.0 ], [ 101.730994, 2.871478, 0.0 ], [ 101.730994, 2.871434, 0.0 ], [ 101.731009, 2.871391, 0.0 ], [ 101.731009, 2.871333, 0.0 ], [ 101.731023, 2.871289, 0.0 ], [ 101.731038, 2.871231, 0.0 ], [ 101.731052, 2.871187, 0.0 ], [ 101.731067, 2.871143, 0.0 ], [ 101.731081, 2.871085, 0.0 ], [ 101.731096, 2.871041, 0.0 ], [ 101.731125, 2.870998, 0.0 ], [ 101.731139, 2.870954, 0.0 ], [ 101.731168, 2.87091, 0.0 ], [ 101.731211, 2.870823, 0.0 ], [ 101.73124, 2.87078, 0.0 ], [ 101.731255, 2.870736, 0.0 ], [ 101.731284, 2.870707, 0.0 ], [ 101.731313, 2.870663, 0.0 ], [ 101.731356, 2.870619, 0.0 ], [ 101.731392, 2.870579, 0.0 ], [ 101.731574, 2.870268, 0.0 ], [ 101.731719, 2.869947, 0.0 ], [ 101.731516, 2.869729, 0.0 ], [ 101.731122, 2.869466, 0.0 ], [ 101.730758, 2.869102, 0.0 ], [ 101.730598, 2.868768, 0.0 ], [ 101.730584, 2.868283, 0.0 ], [ 101.730584, 2.868258, 0.0 ], [ 101.73083, 2.867646, 0.0 ], [ 101.731121, 2.867181, 0.0 ], [ 101.731558, 2.866467, 0.0 ], [ 101.732024, 2.865898, 0.0 ], [ 101.732869, 2.865447, 0.0 ], [ 101.733058, 2.865214, 0.0 ], [ 101.733262, 2.864719, 0.0 ], [ 101.733437, 2.863729, 0.0 ], [ 101.733568, 2.863146, 0.0 ], [ 101.733752, 2.86257, 0.0 ], [ 101.733801, 2.862418, 0.0 ], [ 101.733892, 2.862323, 0.0 ], [ 101.734238, 2.86196, 0.0 ], [ 101.734381, 2.861809, 0.0 ], [ 101.734412, 2.861777, 0.0 ], [ 101.734415, 2.861772, 0.0 ], [ 101.734493, 2.861643, 0.0 ], [ 101.73462, 2.861433, 0.0 ], [ 101.734656, 2.861351, 0.0 ], [ 101.734626, 2.861008, 0.0 ], [ 101.734554, 2.860189, 0.0 ], [ 101.734553, 2.860177, 0.0 ], [ 101.734542, 2.860059, 0.0 ], [ 101.734411, 2.859229, 0.0 ], [ 101.734402, 2.859055, 0.0 ], [ 101.734369, 2.858398, 0.0 ], [ 101.734368, 2.858386, 0.0 ], [ 101.734419, 2.858118, 0.0 ], [ 101.734521, 2.858091, 0.0 ], [ 101.734806, 2.858015, 0.0 ], [ 101.735185, 2.857915, 0.0 ], [ 101.735298, 2.857838, 0.0 ], [ 101.735557, 2.857664, 0.0 ], [ 101.735548, 2.857633, 0.0 ], [ 101.735487, 2.857418, 0.0 ], [ 101.735382, 2.857051, 0.0 ], [ 101.735372, 2.857015, 0.0 ], [ 101.735212, 2.856447, 0.0 ], [ 101.73543, 2.856083, 0.0 ], [ 101.736317, 2.855389, 0.0 ], [ 101.736916, 2.854903, 0.0 ], [ 101.737032, 2.854875, 0.0 ], [ 101.737057, 2.854872, 0.0 ], [ 101.737555, 2.854817, 0.0 ], [ 101.737775, 2.854553, 0.0 ], [ 101.73805, 2.854277, 0.0 ], [ 101.737239, 2.853984, 0.0 ], [ 101.736554, 2.853873, 0.0 ], [ 101.729566, 2.852741, 0.0 ], [ 101.726404, 2.85196, 0.0 ], [ 101.723627, 2.851029, 0.0 ], [ 101.722372, 2.85015, 0.0 ], [ 101.721581, 2.849573, 0.0 ], [ 101.719229, 2.848046, 0.0 ], [ 101.719147, 2.84435, 0.0 ], [ 101.719048, 2.842177, 0.0 ], [ 101.71896, 2.840379, 0.0 ], [ 101.718951, 2.840196, 0.0 ], [ 101.718916, 2.839558, 0.0 ], [ 101.718806, 2.837784, 0.0 ], [ 101.718706, 2.835068, 0.0 ], [ 101.718726, 2.834875, 0.0 ], [ 101.717152, 2.834964, 0.0 ], [ 101.717102, 2.83358, 0.0 ], [ 101.717034, 2.831594, 0.0 ], [ 101.717, 2.830604, 0.0 ], [ 101.716929, 2.828647, 0.0 ], [ 101.716981, 2.827305, 0.0 ], [ 101.716954, 2.825525, 0.0 ], [ 101.716932, 2.824361, 0.0 ], [ 101.717054, 2.824144, 0.0 ], [ 101.716693, 2.824166, 0.0 ], [ 101.716692, 2.824166, 0.0 ], [ 101.716692, 2.819336, 0.0 ], [ 101.716498, 2.819141, 0.0 ], [ 101.715556, 2.819141, 0.0 ], [ 101.715462, 2.818775, 0.0 ], [ 101.715179, 2.818775, 0.0 ], [ 101.715089, 2.818775, 0.0 ], [ 101.714963, 2.818775, 0.0 ], [ 101.714964, 2.818653, 0.0 ], [ 101.7141, 2.818641, 0.0 ], [ 101.713915, 2.816704, 0.0 ], [ 101.713935, 2.816128, 0.0 ], [ 101.713787, 2.815872, 0.0 ], [ 101.714936, 2.815787, 0.0 ], [ 101.715129, 2.815877, 0.0 ], [ 101.715264, 2.81594, 0.0 ], [ 101.716762, 2.815917, 0.0 ], [ 101.71673, 2.814417, 0.0 ], [ 101.7166, 2.81449, 0.0 ], [ 101.716299, 2.814493, 0.0 ], [ 101.716157, 2.814188, 0.0 ], [ 101.715791, 2.814279, 0.0 ], [ 101.715291, 2.814236, 0.0 ], [ 101.715282, 2.813141, 0.0 ], [ 101.715051, 2.812795, 0.0 ], [ 101.714922, 2.812383, 0.0 ], [ 101.714747, 2.812047, 0.0 ], [ 101.714374, 2.811725, 0.0 ], [ 101.714294, 2.81147, 0.0 ], [ 101.714109, 2.810845, 0.0 ], [ 101.714556, 2.810802, 0.0 ], [ 101.714549, 2.810077, 0.0 ], [ 101.714539, 2.809147, 0.0 ], [ 101.714523, 2.807492, 0.0 ], [ 101.714506, 2.805836, 0.0 ], [ 101.714512, 2.805573, 0.0 ], [ 101.714512, 2.805547, 0.0 ], [ 101.714436, 2.805545, 0.0 ], [ 101.714389, 2.805543, 0.0 ], [ 101.714349, 2.805542, 0.0 ], [ 101.714261, 2.805541, 0.0 ], [ 101.714172, 2.805539, 0.0 ], [ 101.714081, 2.805537, 0.0 ], [ 101.71399, 2.805536, 0.0 ], [ 101.713939, 2.805535, 0.0 ], [ 101.713897, 2.805535, 0.0 ], [ 101.713803, 2.805534, 0.0 ], [ 101.713708, 2.805532, 0.0 ], [ 101.713611, 2.80553, 0.0 ], [ 101.713515, 2.805528, 0.0 ], [ 101.71349, 2.805527, 0.0 ], [ 101.713418, 2.805526, 0.0 ], [ 101.71332, 2.805524, 0.0 ], [ 101.713221, 2.805522, 0.0 ], [ 101.713123, 2.80552, 0.0 ], [ 101.71304, 2.805519, 0.0 ], [ 101.713025, 2.805518, 0.0 ], [ 101.712943, 2.805516, 0.0 ], [ 101.712928, 2.805516, 0.0 ], [ 101.712833, 2.805514, 0.0 ], [ 101.712739, 2.805513, 0.0 ], [ 101.712646, 2.805511, 0.0 ], [ 101.712591, 2.80551, 0.0 ], [ 101.712558, 2.805509, 0.0 ], [ 101.712554, 2.805509, 0.0 ], [ 101.712521, 2.805508, 0.0 ], [ 101.712461, 2.805508, 0.0 ], [ 101.712393, 2.805507, 0.0 ], [ 101.712367, 2.805507, 0.0 ], [ 101.712271, 2.805505, 0.0 ], [ 101.712267, 2.805505, 0.0 ], [ 101.712175, 2.805503, 0.0 ], [ 101.712141, 2.805502, 0.0 ], [ 101.712078, 2.8055, 0.0 ], [ 101.71198, 2.805498, 0.0 ], [ 101.711882, 2.805495, 0.0 ], [ 101.711879, 2.805495, 0.0 ], [ 101.711785, 2.805493, 0.0 ], [ 101.711692, 2.805492, 0.0 ], [ 101.711687, 2.805492, 0.0 ], [ 101.711591, 2.80549, 0.0 ], [ 101.711496, 2.805488, 0.0 ], [ 101.711402, 2.805486, 0.0 ], [ 101.711242, 2.805482, 0.0 ], [ 101.71117, 2.80548, 0.0 ], [ 101.711045, 2.805477, 0.0 ], [ 101.710918, 2.805474, 0.0 ], [ 101.710789, 2.805471, 0.0 ], [ 101.710658, 2.805469, 0.0 ], [ 101.710525, 2.805467, 0.0 ], [ 101.710391, 2.805464, 0.0 ], [ 101.710253, 2.805461, 0.0 ], [ 101.710113, 2.805459, 0.0 ], [ 101.709972, 2.805456, 0.0 ], [ 101.709964, 2.805456, 0.0 ], [ 101.7099, 2.805454, 0.0 ], [ 101.709894, 2.805454, 0.0 ], [ 101.709829, 2.805452, 0.0 ], [ 101.709684, 2.805449, 0.0 ], [ 101.709538, 2.805448, 0.0 ], [ 101.709444, 2.805446, 0.0 ], [ 101.709392, 2.805445, 0.0 ], [ 101.709246, 2.805442, 0.0 ], [ 101.709101, 2.80544, 0.0 ], [ 101.708995, 2.805438, 0.0 ], [ 101.708957, 2.805437, 0.0 ], [ 101.708815, 2.805434, 0.0 ], [ 101.708673, 2.80543, 0.0 ], [ 101.708545, 2.805428, 0.0 ], [ 101.708533, 2.805428, 0.0 ], [ 101.708509, 2.805427, 0.0 ], [ 101.708394, 2.805426, 0.0 ], [ 101.708257, 2.805423, 0.0 ], [ 101.708121, 2.80542, 0.0 ], [ 101.708096, 2.80542, 0.0 ], [ 101.707987, 2.805418, 0.0 ], [ 101.707855, 2.805415, 0.0 ], [ 101.707724, 2.805413, 0.0 ], [ 101.707646, 2.805411, 0.0 ], [ 101.707596, 2.80541, 0.0 ], [ 101.707469, 2.805408, 0.0 ], [ 101.707345, 2.805406, 0.0 ], [ 101.707222, 2.805405, 0.0 ], [ 101.707196, 2.805404, 0.0 ], [ 101.707101, 2.805403, 0.0 ], [ 101.706981, 2.805401, 0.0 ], [ 101.70686, 2.805398, 0.0 ], [ 101.706747, 2.805396, 0.0 ], [ 101.706739, 2.805396, 0.0 ], [ 101.706618, 2.805394, 0.0 ], [ 101.706495, 2.805392, 0.0 ], [ 101.706372, 2.80539, 0.0 ], [ 101.706297, 2.805388, 0.0 ], [ 101.706247, 2.805387, 0.0 ], [ 101.706121, 2.805385, 0.0 ], [ 101.705993, 2.805382, 0.0 ], [ 101.705987, 2.805382, 0.0 ], [ 101.705864, 2.805379, 0.0 ], [ 101.705848, 2.805379, 0.0 ], [ 101.705734, 2.805377, 0.0 ], [ 101.705727, 2.805377, 0.0 ], [ 101.705602, 2.805374, 0.0 ], [ 101.705468, 2.80537, 0.0 ], [ 101.705399, 2.805368, 0.0 ], [ 101.705333, 2.805366, 0.0 ], [ 101.705196, 2.805362, 0.0 ], [ 101.705059, 2.805359, 0.0 ], [ 101.704949, 2.805358, 0.0 ], [ 101.704921, 2.805358, 0.0 ], [ 101.704785, 2.805356, 0.0 ], [ 101.704649, 2.805353, 0.0 ], [ 101.704513, 2.805351, 0.0 ], [ 101.7045, 2.80535, 0.0 ], [ 101.704375, 2.805348, 0.0 ], [ 101.704237, 2.805345, 0.0 ], [ 101.704097, 2.805341, 0.0 ], [ 101.70405, 2.80534, 0.0 ], [ 101.703955, 2.805337, 0.0 ], [ 101.703812, 2.805334, 0.0 ], [ 101.703668, 2.805331, 0.0 ], [ 101.703601, 2.80533, 0.0 ], [ 101.703525, 2.805328, 0.0 ], [ 101.703382, 2.805327, 0.0 ], [ 101.70324, 2.805326, 0.0 ], [ 101.703151, 2.805325, 0.0 ], [ 101.7031, 2.805324, 0.0 ], [ 101.702961, 2.805321, 0.0 ], [ 101.702822, 2.805318, 0.0 ], [ 101.702702, 2.805316, 0.0 ], [ 101.702684, 2.805315, 0.0 ], [ 101.702548, 2.805313, 0.0 ], [ 101.702414, 2.80531, 0.0 ], [ 101.702281, 2.805307, 0.0 ], [ 101.702252, 2.805306, 0.0 ], [ 101.702149, 2.805304, 0.0 ], [ 101.702019, 2.805303, 0.0 ], [ 101.701892, 2.805302, 0.0 ], [ 101.701802, 2.8053, 0.0 ], [ 101.701766, 2.8053, 0.0 ], [ 101.70164, 2.805299, 0.0 ], [ 101.701514, 2.805298, 0.0 ], [ 101.70139, 2.805296, 0.0 ], [ 101.701353, 2.805295, 0.0 ], [ 101.701267, 2.805292, 0.0 ], [ 101.701144, 2.805289, 0.0 ], [ 101.701023, 2.805287, 0.0 ], [ 101.700903, 2.805285, 0.0 ], [ 101.700902, 2.805285, 0.0 ], [ 101.700783, 2.805282, 0.0 ], [ 101.700664, 2.80528, 0.0 ], [ 101.700546, 2.805277, 0.0 ], [ 101.700454, 2.805275, 0.0 ], [ 101.700427, 2.805274, 0.0 ], [ 101.700307, 2.805271, 0.0 ], [ 101.700188, 2.805268, 0.0 ], [ 101.70018, 2.805268, 0.0 ], [ 101.700069, 2.805266, 0.0 ], [ 101.700004, 2.805264, 0.0 ], [ 101.69995, 2.805263, 0.0 ], [ 101.699831, 2.805261, 0.0 ], [ 101.699711, 2.805259, 0.0 ], [ 101.699591, 2.805257, 0.0 ], [ 101.699555, 2.805256, 0.0 ], [ 101.699471, 2.805255, 0.0 ], [ 101.699351, 2.805254, 0.0 ], [ 101.699231, 2.805251, 0.0 ], [ 101.699109, 2.805247, 0.0 ], [ 101.699106, 2.805247, 0.0 ], [ 101.698987, 2.805243, 0.0 ], [ 101.698863, 2.80524, 0.0 ], [ 101.698739, 2.805238, 0.0 ], [ 101.698656, 2.805237, 0.0 ], [ 101.698616, 2.805236, 0.0 ], [ 101.698494, 2.805234, 0.0 ], [ 101.698373, 2.805233, 0.0 ], [ 101.698253, 2.805231, 0.0 ], [ 101.698206, 2.80523, 0.0 ], [ 101.698134, 2.805228, 0.0 ], [ 101.698046, 2.805226, 0.0 ], [ 101.698015, 2.805225, 0.0 ], [ 101.697897, 2.805223, 0.0 ], [ 101.69778, 2.80522, 0.0 ], [ 101.697757, 2.80522, 0.0 ], [ 101.697663, 2.805218, 0.0 ], [ 101.697546, 2.805216, 0.0 ], [ 101.697429, 2.805213, 0.0 ], [ 101.697313, 2.805212, 0.0 ], [ 101.697307, 2.805212, 0.0 ], [ 101.697197, 2.80521, 0.0 ], [ 101.697083, 2.805209, 0.0 ], [ 101.696969, 2.805207, 0.0 ], [ 101.696858, 2.805205, 0.0 ], [ 101.696855, 2.805205, 0.0 ], [ 101.696741, 2.805203, 0.0 ], [ 101.696626, 2.8052, 0.0 ], [ 101.696513, 2.805198, 0.0 ], [ 101.696408, 2.805196, 0.0 ], [ 101.6964, 2.805196, 0.0 ], [ 101.696287, 2.805193, 0.0 ], [ 101.696175, 2.805191, 0.0 ], [ 101.696063, 2.805189, 0.0 ], [ 101.695959, 2.805186, 0.0 ], [ 101.695951, 2.805186, 0.0 ], [ 101.695838, 2.805182, 0.0 ], [ 101.695725, 2.80518, 0.0 ], [ 101.695609, 2.805179, 0.0 ], [ 101.695592, 2.805179, 0.0 ], [ 101.695509, 2.805179, 0.0 ], [ 101.695494, 2.805179, 0.0 ], [ 101.695377, 2.805179, 0.0 ], [ 101.69526, 2.805177, 0.0 ], [ 101.695153, 2.805176, 0.0 ], [ 101.695142, 2.805176, 0.0 ], [ 101.69506, 2.805175, 0.0 ], [ 101.695023, 2.805175, 0.0 ], [ 101.694905, 2.805173, 0.0 ], [ 101.694786, 2.805171, 0.0 ], [ 101.694665, 2.805169, 0.0 ], [ 101.69461, 2.805167, 0.0 ], [ 101.694544, 2.805166, 0.0 ], [ 101.694423, 2.805164, 0.0 ], [ 101.694302, 2.805163, 0.0 ], [ 101.694179, 2.805163, 0.0 ], [ 101.694161, 2.805163, 0.0 ], [ 101.694056, 2.805163, 0.0 ], [ 101.693931, 2.805161, 0.0 ], [ 101.693805, 2.805159, 0.0 ], [ 101.693711, 2.805158, 0.0 ], [ 101.693676, 2.805157, 0.0 ], [ 101.693547, 2.805155, 0.0 ], [ 101.693417, 2.805152, 0.0 ], [ 101.693392, 2.805151, 0.0 ], [ 101.693286, 2.80515, 0.0 ], [ 101.693262, 2.80515, 0.0 ], [ 101.693156, 2.805148, 0.0 ], [ 101.693026, 2.805146, 0.0 ], [ 101.692897, 2.805145, 0.0 ], [ 101.692812, 2.805144, 0.0 ], [ 101.692767, 2.805144, 0.0 ], [ 101.692638, 2.805143, 0.0 ], [ 101.692509, 2.805142, 0.0 ], [ 101.69238, 2.805142, 0.0 ], [ 101.692363, 2.805141, 0.0 ], [ 101.692251, 2.805141, 0.0 ], [ 101.692122, 2.805141, 0.0 ], [ 101.691993, 2.80514, 0.0 ], [ 101.691913, 2.805139, 0.0 ], [ 101.691864, 2.805139, 0.0 ], [ 101.691735, 2.805137, 0.0 ], [ 101.691639, 2.805136, 0.0 ], [ 101.691608, 2.805136, 0.0 ], [ 101.691483, 2.805134, 0.0 ], [ 101.691464, 2.805134, 0.0 ], [ 101.691359, 2.805133, 0.0 ], [ 101.691236, 2.80513, 0.0 ], [ 101.691158, 2.805127, 0.0 ], [ 101.691177, 2.805208, 0.0 ], [ 101.691048, 2.805387, 0.0 ], [ 101.690854, 2.805532, 0.0 ], [ 101.690708, 2.805759, 0.0 ], [ 101.690659, 2.8061, 0.0 ], [ 101.690626, 2.806376, 0.0 ], [ 101.690414, 2.807106, 0.0 ], [ 101.689896, 2.807771, 0.0 ], [ 101.689669, 2.80816, 0.0 ], [ 101.688861, 2.808629, 0.0 ], [ 101.68831, 2.809391, 0.0 ], [ 101.688148, 2.809731, 0.0 ], [ 101.687759, 2.810233, 0.0 ], [ 101.687209, 2.810589, 0.0 ], [ 101.687063, 2.810881, 0.0 ], [ 101.686981, 2.811563, 0.0 ], [ 101.686787, 2.811855, 0.0 ], [ 101.686528, 2.811968, 0.0 ], [ 101.68656, 2.812081, 0.0 ], [ 101.686543, 2.812309, 0.0 ], [ 101.686171, 2.812811, 0.0 ], [ 101.685654, 2.813053, 0.0 ], [ 101.685007, 2.81362, 0.0 ], [ 101.684554, 2.813733, 0.0 ], [ 101.684166, 2.813992, 0.0 ], [ 101.683359, 2.813974, 0.0 ], [ 101.683165, 2.814038, 0.0 ], [ 101.682875, 2.814389, 0.0 ], [ 101.673733, 2.803578, 0.0 ], [ 101.671377, 2.800793, 0.0 ], [ 101.670819, 2.800636, 0.0 ], [ 101.670704, 2.800499, 0.0 ], [ 101.670706, 2.800497, 0.0 ], [ 101.670127, 2.799804, 0.0 ], [ 101.669514, 2.799067, 0.0 ], [ 101.669509, 2.798889, 0.0 ], [ 101.669447, 2.798819, 0.0 ], [ 101.667791, 2.796854, 0.0 ], [ 101.664519, 2.792971, 0.0 ], [ 101.664519, 2.792972, 0.0 ], [ 101.664383, 2.79281, 0.0 ], [ 101.639783, 2.764394, 0.0 ], [ 101.635996, 2.759748, 0.0 ], [ 101.634503, 2.757918, 0.0 ], [ 101.633164, 2.756276, 0.0 ], [ 101.633182, 2.754724, 0.0 ], [ 101.633204, 2.752784, 0.0 ], [ 101.633226, 2.750843, 0.0 ], [ 101.633248, 2.74888, 0.0 ], [ 101.633271, 2.746916, 0.0 ], [ 101.63324, 2.745678, 0.0 ], [ 101.633178, 2.74309, 0.0 ], [ 101.633142, 2.741606, 0.0 ], [ 101.633117, 2.740502, 0.0 ], [ 101.633055, 2.737903, 0.0 ], [ 101.633023, 2.736567, 0.0 ], [ 101.632992, 2.735305, 0.0 ], [ 101.63293, 2.732696, 0.0 ], [ 101.632868, 2.730087, 0.0 ], [ 101.632808, 2.727597, 0.0 ], [ 101.63299, 2.7276, 0.0 ], [ 101.632961, 2.726546, 0.0 ], [ 101.632922, 2.724873, 0.0 ], [ 101.63448, 2.723969, 0.0 ], [ 101.636063, 2.723051, 0.0 ], [ 101.637815, 2.722034, 0.0 ], [ 101.639864, 2.720845, 0.0 ], [ 101.642204, 2.719486, 0.0 ], [ 101.644487, 2.718162, 0.0 ], [ 101.646051, 2.717255, 0.0 ], [ 101.647077, 2.716659, 0.0 ], [ 101.651986, 2.713805, 0.0 ], [ 101.65297, 2.713806, 0.0 ], [ 101.65295, 2.713265, 0.0 ], [ 101.657464, 2.710696, 0.0 ], [ 101.658821, 2.709924, 0.0 ], [ 101.661138, 2.708606, 0.0 ], [ 101.663052, 2.707517, 0.0 ], [ 101.665228, 2.706279, 0.0 ], [ 101.66758, 2.704941, 0.0 ], [ 101.669862, 2.703643, 0.0 ], [ 101.67221, 2.702307, 0.0 ], [ 101.673342, 2.701662, 0.0 ], [ 101.673385, 2.700796, 0.0 ], [ 101.673387, 2.70077, 0.0 ], [ 101.673869, 2.691187, 0.0 ], [ 101.673409, 2.691186, 0.0 ], [ 101.6708, 2.691178, 0.0 ], [ 101.670807, 2.690535, 0.0 ], [ 101.670806, 2.690468, 0.0 ], [ 101.670795, 2.68878, 0.0 ], [ 101.670785, 2.687073, 0.0 ], [ 101.6708, 2.683599, 0.0 ], [ 101.6708, 2.683589, 0.0 ], [ 101.670805, 2.682245, 0.0 ], [ 101.670869, 2.67936, 0.0 ], [ 101.670882, 2.677672, 0.0 ], [ 101.670869, 2.675814, 0.0 ], [ 101.670952, 2.672263, 0.0 ], [ 101.670959, 2.672214, 0.0 ], [ 101.671256, 2.672231, 0.0 ], [ 101.673103, 2.672277, 0.0 ], [ 101.673452, 2.672286, 0.0 ], [ 101.674193, 2.672305, 0.0 ], [ 101.677392, 2.67241, 0.0 ], [ 101.677793, 2.672423, 0.0 ], [ 101.678272, 2.67243, 0.0 ], [ 101.67833, 2.672455, 0.0 ], [ 101.678331, 2.672455, 0.0 ], [ 101.678331, 2.672446, 0.0 ], [ 101.678335, 2.671747, 0.0 ], [ 101.678386, 2.670523, 0.0 ], [ 101.678465, 2.66864, 0.0 ], [ 101.678465, 2.668631, 0.0 ], [ 101.679491, 2.66862, 0.0 ], [ 101.682244, 2.668682, 0.0 ], [ 101.682609, 2.668653, 0.0 ], [ 101.68298, 2.668673, 0.0 ], [ 101.682825, 2.667982, 0.0 ], [ 101.68278, 2.667782, 0.0 ], [ 101.682798, 2.667652, 0.0 ], [ 101.68288, 2.667073, 0.0 ], [ 101.682886, 2.667031, 0.0 ], [ 101.682887, 2.667023, 0.0 ], [ 101.683013, 2.666852, 0.0 ], [ 101.683064, 2.666782, 0.0 ], [ 101.683107, 2.666724, 0.0 ], [ 101.683318, 2.666548, 0.0 ], [ 101.683679, 2.666195, 0.0 ], [ 101.68386, 2.665957, 0.0 ], [ 101.68418, 2.665535, 0.0 ], [ 101.684266, 2.665336, 0.0 ], [ 101.684445, 2.664918, 0.0 ], [ 101.684437, 2.664815, 0.0 ], [ 101.684393, 2.66421, 0.0 ], [ 101.68439, 2.664175, 0.0 ], [ 101.684421, 2.664108, 0.0 ], [ 101.685329, 2.662117, 0.0 ], [ 101.685362, 2.662043, 0.0 ], [ 101.686409, 2.661277, 0.0 ], [ 101.687536, 2.659917, 0.0 ], [ 101.687721, 2.659149, 0.0 ], [ 101.687723, 2.659149, 0.0 ], [ 101.688104, 2.657176, 0.0 ], [ 101.688219, 2.656433, 0.0 ], [ 101.688207, 2.656188, 0.0 ], [ 101.688124, 2.654759, 0.0 ], [ 101.688194, 2.654274, 0.0 ], [ 101.688224, 2.653984, 0.0 ], [ 101.688538, 2.653627, 0.0 ], [ 101.688582, 2.653577, 0.0 ], [ 101.688595, 2.653563, 0.0 ], [ 101.689452, 2.653007, 0.0 ], [ 101.689858, 2.651995, 0.0 ], [ 101.689607, 2.651386, 0.0 ], [ 101.688366, 2.650539, 0.0 ], [ 101.68833, 2.650427, 0.0 ], [ 101.688183, 2.649981, 0.0 ], [ 101.688102, 2.649753, 0.0 ], [ 101.687482, 2.648004, 0.0 ], [ 101.687586, 2.647532, 0.0 ], [ 101.687601, 2.647464, 0.0 ], [ 101.687684, 2.646817, 0.0 ], [ 101.687778, 2.646279, 0.0 ], [ 101.688912, 2.646943, 0.0 ], [ 101.688964, 2.646936, 0.0 ], [ 101.689362, 2.646884, 0.0 ], [ 101.689832, 2.646746, 0.0 ], [ 101.690126, 2.646304, 0.0 ], [ 101.690119, 2.645105, 0.0 ], [ 101.689319, 2.644406, 0.0 ], [ 101.688896, 2.644223, 0.0 ], [ 101.6887, 2.644156, 0.0 ], [ 101.6886, 2.644096, 0.0 ], [ 101.687694, 2.643546, 0.0 ], [ 101.687595, 2.643379, 0.0 ], [ 101.687325, 2.64292, 0.0 ], [ 101.686911, 2.640538, 0.0 ], [ 101.686894, 2.639529, 0.0 ], [ 101.686957, 2.639411, 0.0 ], [ 101.687249, 2.638869, 0.0 ], [ 101.688062, 2.63661, 0.0 ], [ 101.688059, 2.636564, 0.0 ], [ 101.687993, 2.635584, 0.0 ], [ 101.687874, 2.633827, 0.0 ], [ 101.687771, 2.633409, 0.0 ], [ 101.688115, 2.632506, 0.0 ], [ 101.688458, 2.632143, 0.0 ], [ 101.688407, 2.630619, 0.0 ], [ 101.688293, 2.630424, 0.0 ], [ 101.688228, 2.630313, 0.0 ], [ 101.687739, 2.630039, 0.0 ], [ 101.687547, 2.629931, 0.0 ], [ 101.687285, 2.629613, 0.0 ], [ 101.68694, 2.62929, 0.0 ], [ 101.686909, 2.628992, 0.0 ], [ 101.687044, 2.628784, 0.0 ], [ 101.688025, 2.627266, 0.0 ], [ 101.688202, 2.625869, 0.0 ], [ 101.688151, 2.625777, 0.0 ], [ 101.687596, 2.624767, 0.0 ], [ 101.684728, 2.624239, 0.0 ], [ 101.682809, 2.624304, 0.0 ], [ 101.682733, 2.624252, 0.0 ], [ 101.681623, 2.623488, 0.0 ], [ 101.681624, 2.622942, 0.0 ], [ 101.681625, 2.622777, 0.0 ], [ 101.681739, 2.622667, 0.0 ], [ 101.682182, 2.622244, 0.0 ], [ 101.682232, 2.622206, 0.0 ], [ 101.68289, 2.621712, 0.0 ], [ 101.684029, 2.621283, 0.0 ], [ 101.684458, 2.621168, 0.0 ], [ 101.686102, 2.620728, 0.0 ], [ 101.68646, 2.620437, 0.0 ], [ 101.686902, 2.620077, 0.0 ], [ 101.68719, 2.619842, 0.0 ], [ 101.68717, 2.619616, 0.0 ], [ 101.687138, 2.619263, 0.0 ], [ 101.687113, 2.618988, 0.0 ], [ 101.686532, 2.618443, 0.0 ], [ 101.685805, 2.618441, 0.0 ], [ 101.685242, 2.61844, 0.0 ], [ 101.684393, 2.617057, 0.0 ], [ 101.684427, 2.616771, 0.0 ], [ 101.684583, 2.615447, 0.0 ], [ 101.68443, 2.615196, 0.0 ], [ 101.683941, 2.6144, 0.0 ], [ 101.683942, 2.61396, 0.0 ], [ 101.683947, 2.613943, 0.0 ], [ 101.684028, 2.613639, 0.0 ], [ 101.684278, 2.612706, 0.0 ], [ 101.684603, 2.612353, 0.0 ], [ 101.685508, 2.61137, 0.0 ], [ 101.685884, 2.610576, 0.0 ], [ 101.685826, 2.610236, 0.0 ], [ 101.685555, 2.60865, 0.0 ], [ 101.68703, 2.608513, 0.0 ], [ 101.686624, 2.607652, 0.0 ], [ 101.685833, 2.606032, 0.0 ], [ 101.683461, 2.603465, 0.0 ], [ 101.681434, 2.60127, 0.0 ], [ 101.67979, 2.599489, 0.0 ], [ 101.679309, 2.597723, 0.0 ], [ 101.682883, 2.593879, 0.0 ], [ 101.685104, 2.591901, 0.0 ], [ 101.688406, 2.588565, 0.0 ], [ 101.689211, 2.588429, 0.0 ], [ 101.692266, 2.590797, 0.0 ], [ 101.695544, 2.590419, 0.0 ], [ 101.698805, 2.589877, 0.0 ], [ 101.701692, 2.589062, 0.0 ], [ 101.707666, 2.587008, 0.0 ], [ 101.711065, 2.585841, 0.0 ], [ 101.711979, 2.586175, 0.0 ], [ 101.711948, 2.591, 0.0 ], [ 101.711929, 2.593894, 0.0 ], [ 101.711918, 2.595602, 0.0 ], [ 101.712144, 2.595891, 0.0 ], [ 101.712913, 2.595931, 0.0 ], [ 101.712371, 2.597465, 0.0 ], [ 101.709536, 2.599899, 0.0 ], [ 101.705218, 2.602193, 0.0 ], [ 101.703328, 2.603634, 0.0 ], [ 101.702741, 2.605124, 0.0 ], [ 101.703006, 2.607383, 0.0 ], [ 101.703237, 2.60823, 0.0 ], [ 101.706666, 2.612053, 0.0 ], [ 101.706884, 2.61193, 0.0 ], [ 101.708659, 2.613502, 0.0 ], [ 101.708661, 2.613504, 0.0 ], [ 101.709224, 2.613938, 0.0 ], [ 101.709781, 2.614454, 0.0 ], [ 101.710651, 2.615153, 0.0 ], [ 101.711559, 2.615616, 0.0 ], [ 101.712824, 2.616478, 0.0 ], [ 101.713074, 2.616612, 0.0 ], [ 101.714037, 2.617131, 0.0 ], [ 101.714989, 2.61773, 0.0 ], [ 101.71665, 2.618638, 0.0 ], [ 101.717656, 2.619029, 0.0 ], [ 101.718716, 2.619511, 0.0 ], [ 101.720244, 2.620012, 0.0 ], [ 101.72161, 2.620223, 0.0 ], [ 101.722437, 2.620297, 0.0 ], [ 101.72313, 2.620217, 0.0 ], [ 101.724057, 2.619839, 0.0 ], [ 101.724822, 2.619226, 0.0 ], [ 101.725543, 2.618468, 0.0 ], [ 101.726589, 2.617114, 0.0 ], [ 101.727202, 2.616473, 0.0 ], [ 101.727778, 2.616384, 0.0 ], [ 101.728614, 2.616504, 0.0 ], [ 101.729135, 2.616668, 0.0 ], [ 101.729718, 2.617302, 0.0 ], [ 101.729852, 2.617818, 0.0 ], [ 101.729872, 2.617933, 0.0 ], [ 101.729976, 2.618532, 0.0 ], [ 101.73, 2.618662, 0.0 ], [ 101.730101, 2.619211, 0.0 ], [ 101.73018, 2.619934, 0.0 ], [ 101.730219, 2.620713, 0.0 ], [ 101.730223, 2.620803, 0.0 ], [ 101.730239, 2.62196, 0.0 ], [ 101.730164, 2.622991, 0.0 ], [ 101.730153, 2.624013, 0.0 ], [ 101.730024, 2.625315, 0.0 ], [ 101.729763, 2.62671, 0.0 ], [ 101.729733, 2.626869, 0.0 ], [ 101.729726, 2.626894, 0.0 ], [ 101.729271, 2.628478, 0.0 ], [ 101.729141, 2.628859, 0.0 ], [ 101.728882, 2.629616, 0.0 ], [ 101.728448, 2.630484, 0.0 ], [ 101.727961, 2.63145, 0.0 ], [ 101.727275, 2.632461, 0.0 ], [ 101.726635, 2.633138, 0.0 ], [ 101.725701, 2.633853, 0.0 ], [ 101.725563, 2.633959, 0.0 ], [ 101.725149, 2.634338, 0.0 ], [ 101.724941, 2.634681, 0.0 ], [ 101.724743, 2.63497, 0.0 ], [ 101.724616, 2.635412, 0.0 ], [ 101.724633, 2.635819, 0.0 ], [ 101.724798, 2.636261, 0.0 ], [ 101.725018, 2.636851, 0.0 ], [ 101.725411, 2.637729, 0.0 ], [ 101.726299, 2.63897, 0.0 ], [ 101.72647, 2.639254, 0.0 ], [ 101.727353, 2.640717, 0.0 ], [ 101.727289, 2.640835, 0.0 ], [ 101.729168, 2.643499, 0.0 ], [ 101.731667, 2.646391, 0.0 ], [ 101.734477, 2.648265, 0.0 ], [ 101.736433, 2.649105, 0.0 ], [ 101.741943, 2.65153, 0.0 ], [ 101.744638, 2.652208, 0.0 ], [ 101.747181, 2.654228, 0.0 ], [ 101.747549, 2.655672, 0.0 ], [ 101.747099, 2.65791, 0.0 ], [ 101.746352, 2.660072, 0.0 ], [ 101.74595, 2.663131, 0.0 ], [ 101.745153, 2.665392, 0.0 ], [ 101.743865, 2.666509, 0.0 ], [ 101.741785, 2.667474, 0.0 ], [ 101.740992, 2.668119, 0.0 ], [ 101.740271, 2.669884, 0.0 ], [ 101.740169, 2.671028, 0.0 ], [ 101.739673, 2.671574, 0.0 ], [ 101.739672, 2.672221, 0.0 ], [ 101.740359, 2.674834, 0.0 ], [ 101.741321, 2.676105, 0.0 ], [ 101.74401, 2.67917, 0.0 ], [ 101.744429, 2.680042, 0.0 ], [ 101.746676, 2.681639, 0.0 ], [ 101.747294, 2.681789, 0.0 ], [ 101.748234, 2.681722, 0.0 ], [ 101.75074, 2.681, 0.0 ], [ 101.751616, 2.681226, 0.0 ], [ 101.752349, 2.683243, 0.0 ], [ 101.752404, 2.68376, 0.0 ], [ 101.75275, 2.684489, 0.0 ], [ 101.752666, 2.685034, 0.0 ], [ 101.752134, 2.686404, 0.0 ], [ 101.751586, 2.687027, 0.0 ], [ 101.75147, 2.687442, 0.0 ], [ 101.751472, 2.687475, 0.0 ], [ 101.751487, 2.687767, 0.0 ], [ 101.751612, 2.688184, 0.0 ], [ 101.751791, 2.688582, 0.0 ], [ 101.752015, 2.689044, 0.0 ], [ 101.752203, 2.689523, 0.0 ], [ 101.752248, 2.689656, 0.0 ], [ 101.752283, 2.689759, 0.0 ], [ 101.752372, 2.690048, 0.0 ], [ 101.752515, 2.690428, 0.0 ], [ 101.752703, 2.6908, 0.0 ], [ 101.752883, 2.691017, 0.0 ], [ 101.753033, 2.691124, 0.0 ], [ 101.753251, 2.69128, 0.0 ], [ 101.753431, 2.691289, 0.0 ], [ 101.753745, 2.691281, 0.0 ], [ 101.75406, 2.691264, 0.0 ], [ 101.754546, 2.691238, 0.0 ], [ 101.754788, 2.691347, 0.0 ], [ 101.75495, 2.691645, 0.0 ], [ 101.755003, 2.692034, 0.0 ], [ 101.75502, 2.692351, 0.0 ], [ 101.755047, 2.692532, 0.0 ], [ 101.755126, 2.693129, 0.0 ], [ 101.755116, 2.693626, 0.0 ], [ 101.754693, 2.693933, 0.0 ], [ 101.754342, 2.694004, 0.0 ], [ 101.75418, 2.694212, 0.0 ], [ 101.754053, 2.694687, 0.0 ], [ 101.754035, 2.694754, 0.0 ], [ 101.754195, 2.695186, 0.0 ], [ 101.754213, 2.695234, 0.0 ], [ 101.754401, 2.695705, 0.0 ], [ 101.75476, 2.696058, 0.0 ], [ 101.755029, 2.696438, 0.0 ], [ 101.755154, 2.696782, 0.0 ], [ 101.755198, 2.697235, 0.0 ], [ 101.755359, 2.697651, 0.0 ], [ 101.755647, 2.697878, 0.0 ], [ 101.755704, 2.697911, 0.0 ], [ 101.755979, 2.698068, 0.0 ], [ 101.756275, 2.698295, 0.0 ], [ 101.756581, 2.698305, 0.0 ], [ 101.756896, 2.698269, 0.0 ], [ 101.757444, 2.698551, 0.0 ], [ 101.757758, 2.698741, 0.0 ], [ 101.757955, 2.699257, 0.0 ], [ 101.75869, 2.699293, 0.0 ], [ 101.758746, 2.699295, 0.0 ], [ 101.758814, 2.699266, 0.0 ], [ 101.759016, 2.699178, 0.0 ], [ 101.75934, 2.69879, 0.0 ], [ 101.759727, 2.698728, 0.0 ], [ 101.760212, 2.698973, 0.0 ], [ 101.760499, 2.699371, 0.0 ], [ 101.760463, 2.699625, 0.0 ], [ 101.760292, 2.699796, 0.0 ], [ 101.76003, 2.700067, 0.0 ], [ 101.759813, 2.7005, 0.0 ], [ 101.759939, 2.700763, 0.0 ], [ 101.760162, 2.70127, 0.0 ], [ 101.760539, 2.701632, 0.0 ], [ 101.760609, 2.701835, 0.0 ], [ 101.760691, 2.702076, 0.0 ], [ 101.761714, 2.703154, 0.0 ], [ 101.761789, 2.703335, 0.0 ], [ 101.762144, 2.703548, 0.0 ], [ 101.762059, 2.704833, 0.0 ], [ 101.761856, 2.70781, 0.0 ], [ 101.761806, 2.710651, 0.0 ], [ 101.761421, 2.722714, 0.0 ], [ 101.761184, 2.726026, 0.0 ], [ 101.760372, 2.737372, 0.0 ], [ 101.760121, 2.740888, 0.0 ], [ 101.760095, 2.741244, 0.0 ], [ 101.760051, 2.741872, 0.0 ], [ 101.758683, 2.761014, 0.0 ], [ 101.758114, 2.768603, 0.0 ], [ 101.757937, 2.770972, 0.0 ], [ 101.757376, 2.778465, 0.0 ], [ 101.757242, 2.78098, 0.0 ], [ 101.756871, 2.787945, 0.0 ], [ 101.756825, 2.788818, 0.0 ], [ 101.756822, 2.788878, 0.0 ], [ 101.756635, 2.792381, 0.0 ], [ 101.756562, 2.793455, 0.0 ], [ 101.756254, 2.797969, 0.0 ], [ 101.755934, 2.802136, 0.0 ], [ 101.755885, 2.802773, 0.0 ], [ 101.755837, 2.803403, 0.0 ], [ 101.755696, 2.805931, 0.0 ], [ 101.755687, 2.80608, 0.0 ], [ 101.755592, 2.807688, 0.0 ], [ 101.755538, 2.808593, 0.0 ], [ 101.755182, 2.815594, 0.0 ], [ 101.754955, 2.820059, 0.0 ], [ 101.754416, 2.82372, 0.0 ], [ 101.754415, 2.824, 0.0 ], [ 101.754385, 2.825375, 0.0 ], [ 101.754163, 2.828205, 0.0 ], [ 101.754072, 2.829973, 0.0 ], [ 101.753985, 2.831668, 0.0 ], [ 101.753715, 2.835447, 0.0 ], [ 101.753635, 2.836866, 0.0 ], [ 101.753435, 2.840411, 0.0 ], [ 101.753429, 2.840534, 0.0 ], [ 101.753423, 2.840683, 0.0 ], [ 101.753321, 2.843043, 0.0 ], [ 101.753116, 2.84628, 0.0 ], [ 101.753036, 2.847591, 0.0 ], [ 101.752901, 2.849833, 0.0 ], [ 101.752773, 2.854115, 0.0 ], [ 101.752707, 2.856344, 0.0 ], [ 101.752455, 2.860368, 0.0 ], [ 101.752189, 2.862501, 0.0 ], [ 101.751236, 2.870408, 0.0 ], [ 101.751116, 2.870403, 0.0 ], [ 101.74818, 2.870004, 0.0 ], [ 101.747427, 2.869975, 0.0 ], [ 101.745115, 2.870125, 0.0 ], [ 101.742305, 2.869964, 0.0 ], [ 101.74023, 2.869804, 0.0 ], [ 101.738553, 2.869654, 0.0 ], [ 101.737103, 2.869471, 0.0 ], [ 101.737012, 2.86946, 0.0 ], [ 101.736115, 2.869303, 0.0 ], [ 101.733379, 2.868624, 0.0 ], [ 101.7334, 2.868669, 0.0 ] ] ] } }
]
}
