{
"type": "FeatureCollection",
"name": "masjid",
"crs": { "type": "name", "properties": { "name": "urn:ogc:def:crs:OGC:1.3:CRS84" } },
"features": [
{ "type": "Feature", "properties": { "Field1": null, "Field2": null, "Field3": null, "Field4": null, "Field5": null, "Field6": null, "Field7": null }, "geometry": null },
{ "type": "Feature", "properties": { "Field1": "LOKASI MASJID MENGIKUT DAERAH DI NEGERI SELANGOR", "Field2": null, "Field3": null, "Field4": null, "Field5": null, "Field6": null, "Field7": null }, "geometry": null },
{ "type": "Feature", "properties": { "Field1": null, "Field2": null, "Field3": null, "Field4": null, "Field5": null, "Field6": null, "Field7": null }, "geometry": null },
{ "type": "Feature", "properties": { "Field1": "DAERAH ", "Field2": "MUKIM", "Field3": "NAMA MASJID", "Field4": "Alamat", "Field5": "POSKOD", "Field6": "LATITUD ", "Field7": "LONGITUD " }, "geometry": null },
{ "type": "Feature", "properties": { "Field1": "Gombak", "Field2": "Ulu Kelang", "Field3": "Masjid Al-Ansar", "Field4": "Jalan Enggang Timur 1, Taman Keramat, 54200 Kuala Lumpur, Selangor Darul Ehsan", "Field5": null, "Field6": "3.16978436", "Field7": "101.74429720000001" }, "geometry": { "type": "Point", "coordinates": [ 101.7442972, 3.16978436 ] } },
{ "type": "Feature", "properties": { "Field1": "Gombak", "Field2": "Rawang", "Field3": "Masjid Al-Ehsaniah", "Field4": "Kampung Melayu Batu 16, 48000 Rawang, Selangor Darul Ehsan", "Field5": null, "Field6": "3.3065310999999999", "Field7": "101.59480790000001" }, "geometry": { "type": "Point", "coordinates": [ 101.5948079, 3.3065311 ] } },
{ "type": "Feature", "properties": { "Field1": "Gombak", "Field2": "Batu", "Field3": "Masjid Al-Faizin", "Field4": "Jalan 1, Desa Jaya, Taman Ehsan, 52100 Kepong, Selangor Darul Ehsan", "Field5": null, "Field6": "3.21515336", "Field7": "101.6295471" }, "geometry": { "type": "Point", "coordinates": [ 101.6295471, 3.21515336 ] } },
{ "type": "Feature", "properties": { "Field1": "Gombak", "Field2": "Batu", "Field3": "Masjid Al-Firdaus", "Field4": "Persiaran Pegawai KM16 Jalan Rawang, Bandar Baru Selayang, 68100 Batu Caves, Selangor Darul Ehsan", "Field5": null, "Field6": "3.2628425499999998", "Field7": "101.6548854" }, "geometry": { "type": "Point", "coordinates": [ 101.6548854, 3.26284255 ] } },
{ "type": "Feature", "properties": { "Field1": "Gombak", "Field2": "Ulu Kelang", "Field3": "Masjid Al-Hidayah", "Field4": "Jalan Melawati 5, Taman Melawati, 53100 Kuala Lumpur, Selangor Darul Ehsan", "Field5": null, "Field6": "3.2134849000000001", "Field7": "101.753747" }, "geometry": { "type": "Point", "coordinates": [ 101.753747, 3.2134849 ] } },
{ "type": "Feature", "properties": { "Field1": "Gombak", "Field2": "Ulu Kelang", "Field3": "Masjid Al-Hidayah", "Field4": "Jalan Bukit Antarabangsa, Taman Bukit Antarabangsa, 68000 Ampang, Selangor Darul Ehsan", "Field5": null, "Field6": "3.1776128899999998", "Field7": "101.7687262" }, "geometry": { "type": "Point", "coordinates": [ 101.7687262, 3.17761289 ] } },
{ "type": "Feature", "properties": { "Field1": "Gombak", "Field2": "Batu", "Field3": "Masjid Al-Ikhlas", "Field4": "Jalan Melati 18 Taman Seri Melati, 68100 Batu Caves, Selangor Darul Ehsan", "Field5": null, "Field6": "3.24091547", "Field7": "101.652468" }, "geometry": { "type": "Point", "coordinates": [ 101.652468, 3.24091547 ] } },
{ "type": "Feature", "properties": { "Field1": "Gombak", "Field2": "Ulu Kelang", "Field3": "Masjid Al-Iman", "Field4": "Persimpangan Jalan 5, Kemensah Height, Bandar Hulu Kelang, 68000 Ampang, Selangor Darul Ehsan", "Field5": null, "Field6": "3.21473919", "Field7": "101.760255" }, "geometry": { "type": "Point", "coordinates": [ 101.760255, 3.21473919 ] } },
{ "type": "Feature", "properties": { "Field1": "Gombak", "Field2": "Rawang", "Field3": "Masjid Al-Islahiah", "Field4": "Batu 17┬╛ Kampung Damai Kuang, 48050 Kuang, Selangor Darul Ehsan", "Field5": null, "Field6": "3.23096848", "Field7": "101.5359505" }, "geometry": { "type": "Point", "coordinates": [ 101.5359505, 3.23096848 ] } },
{ "type": "Feature", "properties": { "Field1": "Gombak", "Field2": "Ulu Kelang", "Field3": "Masjid Al-Khairiah", "Field4": "AU 3/7A Medan Sri Keramat, 54200 Kuala Lumpur, Selangor Darul Ehsan", "Field5": null, "Field6": "3.1847673799999998", "Field7": "101.7581666" }, "geometry": { "type": "Point", "coordinates": [ 101.7581666, 3.18476738 ] } },
{ "type": "Feature", "properties": { "Field1": "Gombak", "Field2": "Batu", "Field3": "Masjid Al-Khairiyah", "Field4": "Jalan SG7/1 Taman Sri Gombak, 68100 Batu Caves, Selangor Darul Ehsan", "Field5": null, "Field6": "3.2466418500000001", "Field7": "101.70268660000001" }, "geometry": { "type": "Point", "coordinates": [ 101.7026866, 3.24664185 ] } },
{ "type": "Feature", "properties": { "Field1": "Gombak", "Field2": "Ulu Kelang", "Field3": "Masjid Al-Marhdiyah", "Field4": "Fasa 5 Jalan Taman Melawati, Taman Melawati, 53100 Kuala Lumpur, Selangor Darul Ehsan", "Field5": null, "Field6": "3.2268702500000002", "Field7": "101.7487668" }, "geometry": { "type": "Point", "coordinates": [ 101.7487668, 3.22687025 ] } },
{ "type": "Feature", "properties": { "Field1": "Gombak", "Field2": "Batu", "Field3": "Masjid Al-Muttaqin", "Field4": "Jalan Surau, Kampung Selayang Pandang, 68100 Batu Caves, Selangor Darul Ehsan", "Field5": null, "Field6": "3.2429776399999999", "Field7": "101.65828980000001" }, "geometry": { "type": "Point", "coordinates": [ 101.6582898, 3.24297764 ] } },
{ "type": "Feature", "properties": { "Field1": "Gombak", "Field2": "Ulu Kelang", "Field3": "Masjid Al-Ridhuan", "Field4": "Jalan Lingkaran Tengah 2, batu 7┬╜ Hulu Kelang, Taman Lembah Keramat, Kampung Pasir, 54200 Kuala Lumpur, Selangor Darul Ehsan", "Field5": null, "Field6": "3.1972457200000002", "Field7": "101.7620629" }, "geometry": { "type": "Point", "coordinates": [ 101.7620629, 3.19724572 ] } },
{ "type": "Feature", "properties": { "Field1": "Gombak", "Field2": "Batu", "Field3": "Masjid Al-Sharif", "Field4": "Jalan Batu Caves, Kampung Simpang Tiga, 53100 Batu Caves, Selangor Darul Ehsan", "Field5": null, "Field6": "3.2330682500000001", "Field7": "101.7115745" }, "geometry": { "type": "Point", "coordinates": [ 101.7115745, 3.23306825 ] } },
{ "type": "Feature", "properties": { "Field1": "Gombak", "Field2": "Batu", "Field3": "Masjid Al-Syakirin", "Field4": "KM9 Kampung Batu 7┬╜, Jalan Gombak, 53100 Gombak, Selangor Darul Ehsan", "Field5": null, "Field6": "3.2180354800000002", "Field7": "101.71228549999999" }, "geometry": { "type": "Point", "coordinates": [ 101.7122855, 3.21803548 ] } },
{ "type": "Feature", "properties": { "Field1": "Gombak", "Field2": "Batu", "Field3": "Masjid An-Nur", "Field4": "Kampung Melayu Wira Damai, 68100 Batu Caves, Selangor Darul Ehsan", "Field5": null, "Field6": "3.2493068799999998", "Field7": "101.6876618" }, "geometry": { "type": "Point", "coordinates": [ 101.6876618, 3.24930688 ] } },
{ "type": "Feature", "properties": { "Field1": "Gombak", "Field2": "Batu", "Field3": "Masjid Ar-Rahimah", "Field4": "Jalan 14 Taman Greenwood 61800 Batu Caves, Selangor Darul Ehsan", "Field5": null, "Field6": "3.23248574", "Field7": "101.70198860000001" }, "geometry": { "type": "Point", "coordinates": [ 101.7019886, 3.23248574 ] } },
{ "type": "Feature", "properties": { "Field1": "Gombak", "Field2": "Ulu Kelang", "Field3": "Masjid As-Sobirin", "Field4": "Jalan AU5C/5, Lembah Keramat, Ulu Kelang, 54200 Kuala Lumpur, Selangor Darul Ehsan", "Field5": null, "Field6": "3.2030743699999999", "Field7": "101.7528246" }, "geometry": { "type": "Point", "coordinates": [ 101.7528246, 3.20307437 ] } },
{ "type": "Feature", "properties": { "Field1": "Gombak", "Field2": "Batu", "Field3": "Masjid At-Ittifaqiah", "Field4": "Jalan SG 1/26 Taman Seri Gombak, 68100 Batu Caves, Selangor Darul Ehsan", "Field5": null, "Field6": "3.2454932400000001", "Field7": "101.69789489999999" }, "geometry": { "type": "Point", "coordinates": [ 101.6978949, 3.24549324 ] } },
{ "type": "Feature", "properties": { "Field1": "Gombak", "Field2": "Batu", "Field3": "Masjid At-Taqwa", "Field4": "Jalan 11C, Kampung Selayang Baru, 68100 Batu Caves, Selangor Darul Ehsan", "Field5": null, "Field6": "3.24916099", "Field7": "101.6699904" }, "geometry": { "type": "Point", "coordinates": [ 101.6699904, 3.24916099 ] } },
{ "type": "Feature", "properties": { "Field1": "Gombak", "Field2": "Batu", "Field3": "Masjid At-Tayyibin", "Field4": "Jalan Bidara 1, Taman Bidara, 68100 Batu Caves, Selangor Darul Ehsan", "Field5": null, "Field6": "3.24151341", "Field7": "101.6407258" }, "geometry": { "type": "Point", "coordinates": [ 101.6407258, 3.24151341 ] } },
{ "type": "Feature", "properties": { "Field1": "Gombak", "Field2": "Rawang", "Field3": "Masjid Bandar Tasik Puteri", "Field4": "Persiaran Lembah Hijau 4, Bandar Tasik Puteri, 48020 Rawang, Selangor Darul Ehsan", "Field5": null, "Field6": "3.2911023799999999", "Field7": "101.4745018" }, "geometry": { "type": "Point", "coordinates": [ 101.4745018, 3.29110238 ] } },
{ "type": "Feature", "properties": { "Field1": "Gombak", "Field2": "Setapak", "Field3": "Masjid Batu 6 (Lama)", "Field4": "Batu 6 Jalan Gombak, 53100 Kuala Lumpur, Selangor Darul Ehsan", "Field5": null, "Field6": "3.2234537799999998", "Field7": "101.71380190000001" }, "geometry": { "type": "Point", "coordinates": [ 101.7138019, 3.22345378 ] } },
{ "type": "Feature", "properties": { "Field1": "Gombak", "Field2": "Ulu Kelang", "Field3": "Masjid Bukit Indah", "Field4": "Jalan Lengkungan Bukit Indah 2, Taman Bukit Indah, 68000 Ampang, Selangor Darul Ehsan", "Field5": null, "Field6": "3.1546535000000002", "Field7": "101.7755389" }, "geometry": { "type": "Point", "coordinates": [ 101.7755389, 3.1546535 ] } },
{ "type": "Feature", "properties": { "Field1": "Gombak", "Field2": "Rawang", "Field3": "Masjid Cahaya Iman (An-Nur)", "Field4": "No 11 Jalan Desa 6/9 Bandar Country Homes, 48000 Rawang, Selangor Darul Ehsan", "Field5": null, "Field6": "3.3294453900000001", "Field7": "101.52633830000001" }, "geometry": { "type": "Point", "coordinates": [ 101.5263383, 3.32944539 ] } },
{ "type": "Feature", "properties": { "Field1": "Gombak", "Field2": "Ulu Kelang", "Field3": "Masjid Darul Ehsan", "Field4": "Jalan 12 Taman Tun Abdul Razak, Ampang Jaya, 68000 Ampang, Selangor Darul Ehsan", "Field5": null, "Field6": "3.329402", "Field7": "101.526437" }, "geometry": { "type": "Point", "coordinates": [ 101.526437, 3.329402 ] } },
{ "type": "Feature", "properties": { "Field1": "Gombak", "Field2": "Batu", "Field3": "Masjid FRIM Kepong", "Field4": "Institut Penyelidikan Perhutanan Malaysia, 52100 Kepong, Selangor Darul Ehsan", "Field5": null, "Field6": "3.2356472599999999", "Field7": "101.63154" }, "geometry": { "type": "Point", "coordinates": [ 101.63154, 3.23564726 ] } },
{ "type": "Feature", "properties": { "Field1": "Gombak", "Field2": "Batu", "Field3": "Masjid Ibnu Sina Hospital Sungai Buloh", "Field4": "Jalan Hospital, 47000 Sungai Buloh, Selangor Darul Ehsan", "Field5": null, "Field6": "3.2186904799999998", "Field7": "101.5966463" }, "geometry": { "type": "Point", "coordinates": [ 101.5966463, 3.21869048 ] } },
{ "type": "Feature", "properties": { "Field1": "Gombak", "Field2": "Batu", "Field3": "Masjid Jamek Al-Amaniah", "Field4": "Jalan Sungai Tua, Taman Amaniah 68100 Batu Caves, Selangor Darul Ehsan", "Field5": null, "Field6": "3.2363166400000001", "Field7": "101.6742588" }, "geometry": { "type": "Point", "coordinates": [ 101.6742588, 3.23631664 ] } },
{ "type": "Feature", "properties": { "Field1": "Gombak", "Field2": "Rawang", "Field3": "Masjid Jamek Al-Hikmah", "Field4": "Kampung Setia, Batu 20 Kuang, 48050 Rawang, Selangor Darul Ehsan", "Field5": null, "Field6": "3.2546375799999998", "Field7": "101.5499287" }, "geometry": { "type": "Point", "coordinates": [ 101.5499287, 3.25463758 ] } },
{ "type": "Feature", "properties": { "Field1": "Gombak", "Field2": "Rawang", "Field3": "Masjid Jamek Batu Arang", "Field4": "Kampung Batu Arang, 48100 Batu Arang, Selangor Darul Ehsan", "Field5": null, "Field6": "3.3181344199999998", "Field7": "101.4707946" }, "geometry": { "type": "Point", "coordinates": [ 101.4707946, 3.31813442 ] } },
{ "type": "Feature", "properties": { "Field1": "Gombak", "Field2": "Rawang", "Field3": "Masjid Jamek Kampung Sungai Serai", "Field4": "Kampung Sungai Serai Kuang, 48050 Rawang, Selangor Darul Ehsan", "Field5": null, "Field6": "3.2830637", "Field7": "101.5467955" }, "geometry": { "type": "Point", "coordinates": [ 101.5467955, 3.2830637 ] } },
{ "type": "Feature", "properties": { "Field1": "Gombak", "Field2": "Batu", "Field3": "Masjid Jamiatus Solahiah", "Field4": "Jalan Bunga Melati, Kampung Sungai Tua Baru, 61800 Batu Caves, Selangor Darul Ehsan", "Field5": null, "Field6": "3.2536247399999998", "Field7": "101.67501040000001" }, "geometry": { "type": "Point", "coordinates": [ 101.6750104, 3.25362474 ] } },
{ "type": "Feature", "properties": { "Field1": "Gombak", "Field2": "Rawang", "Field3": "Masjid Kampung Gombak", "Field4": "Jalan Masjid, Batu 19 Kuang, 48050 Kuang, Selangor Darul Ehsan", "Field5": null, "Field6": "3.24331792", "Field7": "101.5441088" }, "geometry": { "type": "Point", "coordinates": [ 101.5441088, 3.24331792 ] } },
{ "type": "Feature", "properties": { "Field1": "Gombak", "Field2": "Ulu Kelang", "Field3": "Masjid Kampung Klang Gates Baru", "Field4": "Lorong Sekolah, Jalan Genting, Kampung Kelang Gates Bharu, 53100 Ulu Kelang, Selangor Darul Ehsan", "Field5": null, "Field6": "3.2158625399999998", "Field7": "101.7397617" }, "geometry": { "type": "Point", "coordinates": [ 101.7397617, 3.21586254 ] } },
{ "type": "Feature", "properties": { "Field1": "Gombak", "Field2": "Batu", "Field3": "Masjid Kampung Nakhoda", "Field4": "Jalan Nakhoda Tengah, Kampung Nakhoda, 68100 Batu Caves, Selangor Darul Ehsan", "Field5": null, "Field6": "3.2498274999999999", "Field7": "101.6777755" }, "geometry": { "type": "Point", "coordinates": [ 101.6777755, 3.2498275 ] } },
{ "type": "Feature", "properties": { "Field1": "Gombak", "Field2": "Setapak", "Field3": "Masjid Kampung Sungai Chinchin", "Field4": "Batu 7┬╛ Kampung Sungai Chinchin, Jalan Gombak, 53100 Gombak, Selangor Darul Ehsan", "Field5": null, "Field6": "3.24602754", "Field7": "101.71598899999999" }, "geometry": { "type": "Point", "coordinates": [ 101.715989, 3.24602754 ] } },
{ "type": "Feature", "properties": { "Field1": "Gombak", "Field2": "Rawang", "Field3": "Masjid Nurul Iman", "Field4": "Batu 18 Jalan Kuala Lumpur - Ipoh, 48000 Pekan Rawang, Selangor Darul Ehsan", "Field5": null, "Field6": "3.3156891499999999", "Field7": "101.5782021" }, "geometry": { "type": "Point", "coordinates": [ 101.5782021, 3.31568915 ] } },
{ "type": "Feature", "properties": { "Field1": "Gombak", "Field2": "Rawang", "Field3": "Masjid Nurul Yaqin", "Field4": "Kampung Melayu Seri Kundang, 48050 Rawang, Selangor Darul Ehsan", "Field5": null, "Field6": "3.2540233999999999", "Field7": "101.5245479" }, "geometry": { "type": "Point", "coordinates": [ 101.5245479, 3.2540234 ] } },
{ "type": "Feature", "properties": { "Field1": "Gombak", "Field2": "Setapak", "Field3": "Masjid Sultan Haji Ahmad Shah", "Field4": "International Islamic University Malaysia, P.O.Box 10, 50728 Kuala Lumpur, Malaysia, 53100, Selangor Darul Ehsan", "Field5": null, "Field6": "3.2513282100000001", "Field7": "101.73500079999999" }, "geometry": { "type": "Point", "coordinates": [ 101.7350008, 3.25132821 ] } },
{ "type": "Feature", "properties": { "Field1": "Gombak", "Field2": "Ulu Kelang", "Field3": "Masjid Ukay Perdana", "Field4": "Jalan Ukay Perdana, Taman Ukay Perdana, 68000 Ampang, Selangor Darul Ehsan", "Field5": null, "Field6": "3.20587168", "Field7": "101.7802714" }, "geometry": { "type": "Point", "coordinates": [ 101.7802714, 3.20587168 ] } },
{ "type": "Feature", "properties": { "Field1": "Gombak", "Field2": "Setapak", "Field3": "Masjid Zakaria (Lama)", "Field4": "Batu 8┬╜ Jalan Gombak, 53100 Gombak, Selangor Darul Ehsan", "Field5": null, "Field6": "3.2513277", "Field7": "101.7239659" }, "geometry": { "type": "Point", "coordinates": [ 101.7239659, 3.2513277 ] } },
{ "type": "Feature", "properties": { "Field1": "Gombak", "Field2": "Setapak", "Field3": "Masjid Zakaria (Tapak Baru)", "Field4": "Batu 8┬╜ Jalan Gombak, 53100 Gombak, Selangor Darul Ehsan", "Field5": null, "Field6": "3.2515474599999998", "Field7": "101.7229361" }, "geometry": { "type": "Point", "coordinates": [ 101.7229361, 3.25154746 ] } },
{ "type": "Feature", "properties": { "Field1": "Hulu Langat", "Field2": "Ampang", "Field3": "Masjid Al-Aman", "Field4": "Jalan 10, Kampung Lembah Jaya Selatan, 68000 Ampang, Selangor Darul Ehsan.", "Field5": null, "Field6": "3.1388107299999999", "Field7": "101.7873736" }, "geometry": { "type": "Point", "coordinates": [ 101.7873736, 3.13881073 ] } },
{ "type": "Feature", "properties": { "Field1": "Hulu Langat", "Field2": "Hulu Langat", "Field3": "Masjid Al-Amin", "Field4": "Kampung Sungai Tekali, 43100 Hulu Langat, Selangor Darul Ehsan.", "Field5": null, "Field6": "3.1093852800000001", "Field7": "101.8526938" }, "geometry": { "type": "Point", "coordinates": [ 101.8526938, 3.10938528 ] } },
{ "type": "Feature", "properties": { "Field1": "Hulu Langat", "Field2": "Hulu Langat", "Field3": "Masjid Al-Amin PGA", "Field4": "Jalan Medan Masria, Taman Koperasi Cuepacs, 43200 Batu 9 Cheras, Selangor", "Field5": null, "Field6": "3.0793126599999998", "Field7": "101.75699470000001" }, "geometry": { "type": "Point", "coordinates": [ 101.7569947, 3.07931266 ] } },
{ "type": "Feature", "properties": { "Field1": "Hulu Langat", "Field2": "Semenyih", "Field3": "Masjid Al-Ansar", "Field4": "No.1, Jalan 2/5B, Bandar Rinching, SK. 3, 43500, Semenyih, Selangor Darul Ehsan.", "Field5": null, "Field6": "2.9292679399999999", "Field7": "101.84545439999999" }, "geometry": { "type": "Point", "coordinates": [ 101.8454544, 2.92926794 ] } },
{ "type": "Feature", "properties": { "Field1": "Hulu Langat", "Field2": "Hulu Langat", "Field3": "Masjid Al-Azhar", "Field4": "Kolej Universiti Islam Antarabangsa Selangor (KUIS), Bandar Seri Putra, 43000 Kajang, Selangor Darul Ehsan.", "Field5": null, "Field6": "2.8914312899999999", "Field7": "101.7878113" }, "geometry": { "type": "Point", "coordinates": [ 101.7878113, 2.89143129 ] } },
{ "type": "Feature", "properties": { "Field1": "Hulu Langat", "Field2": "Ampang", "Field3": "Masjid Al-Azim", "Field4": "Jalan Pandan Mewah, Pandan Indah, 56100 Kuala Lumpur, Selangor Darul Ehsan.", "Field5": null, "Field6": "3.1326241000000001", "Field7": "101.7564169" }, "geometry": { "type": "Point", "coordinates": [ 101.7564169, 3.1326241 ] } },
{ "type": "Feature", "properties": { "Field1": "Hulu Langat", "Field2": "Hulu Langat", "Field3": "Masjid Al-Ehsan", "Field4": "Kampung Sungai Serai, 43100 Hulu Langat, Selangor Darul Ehsan.", "Field5": null, "Field6": "3.0919328300000002", "Field7": "101.79359700000001" }, "geometry": { "type": "Point", "coordinates": [ 101.793597, 3.09193283 ] } },
{ "type": "Feature", "properties": { "Field1": "Hulu Langat", "Field2": "Kajang", "Field3": "Masjid Al-Falah", "Field4": "Jalan Masjid, Kampung Sungai Ramal Dalam, 43000 Kajang, Selangor Darul Ehsan.", "Field5": null, "Field6": "2.9687693199999998", "Field7": "101.7573391" }, "geometry": { "type": "Point", "coordinates": [ 101.7573391, 2.96876932 ] } },
{ "type": "Feature", "properties": { "Field1": "Hulu Langat", "Field2": "Bangi", "Field3": "Masjid Al-Hasanah", "Field4": "Jalan Persiaran Usahawan, Seksyen.9, Bandar Baru Bangi, 43650, Bandar Baru Bangi, Selangor Darul Ehsan.", "Field5": null, "Field6": "2.9588793", "Field7": "101.752798" }, "geometry": { "type": "Point", "coordinates": [ 101.752798, 2.9588793 ] } },
{ "type": "Feature", "properties": { "Field1": "Hulu Langat", "Field2": "Cheras", "Field3": "Masjid Al-Ikhwaniah", "Field4": "Jalan Cheras Utama 9, Taman Cheras Utama, 56100 Kuala Lumpur, Selangor Darul Ehsan.", "Field5": null, "Field6": "3.0474416999999998", "Field7": "101.74602470000001" }, "geometry": { "type": "Point", "coordinates": [ 101.7460247, 3.0474417 ] } },
{ "type": "Feature", "properties": { "Field1": "Hulu Langat", "Field2": "Kajang", "Field3": "Masjid Al-Muhajirin (S. Muhajirin)", "Field4": "Taman Seri Melor, 43000 Kajang, Selangor Darul Ehsan.", "Field5": null, "Field6": "2.9703836300000002", "Field7": "101.78286799999999" }, "geometry": { "type": "Point", "coordinates": [ 101.782868, 2.97038363 ] } },
{ "type": "Feature", "properties": { "Field1": "Hulu Langat", "Field2": "Bangi", "Field3": "Masjid Al-Mustaqim", "Field4": "Jalan Seri Putra 2/1, Bandar Seri Putra, 43000 Kajang, Selangor Darul Ehsan.", "Field5": null, "Field6": "2.8873943199999998", "Field7": "101.7884315" }, "geometry": { "type": "Point", "coordinates": [ 101.7884315, 2.88739432 ] } },
{ "type": "Feature", "properties": { "Field1": "Hulu Langat", "Field2": "Ampang", "Field3": "Masjid Al-Mustaqim (Al-Islamiah)", "Field4": "No.52, Jalan Ampang Putra, Taman Nirwana, 68000 Ampang, Selangor Darul Ehsan.", "Field5": null, "Field6": "3.15012436", "Field7": "101.7520025" }, "geometry": { "type": "Point", "coordinates": [ 101.7520025, 3.15012436 ] } },
{ "type": "Feature", "properties": { "Field1": "Hulu Langat", "Field2": "Cheras", "Field3": "Masjid Al-Mustaqimah", "Field4": "Jalan Indah 15, Taman Cheras Indah, 56100 Kuala Lumpur, Selangor Darul Ehsan.", "Field5": null, "Field6": "3.1269139500000001", "Field7": "101.7408154" }, "geometry": { "type": "Point", "coordinates": [ 101.7408154, 3.12691395 ] } },
{ "type": "Feature", "properties": { "Field1": "Hulu Langat", "Field2": "Hulu Langat", "Field3": "Masjid Al-Muttaqin", "Field4": "Batu 16 1/2, Kampung Dusun Tua, 43100 Hulu Langat, Selangor Darul Ehsan.", "Field5": null, "Field6": "3.1459730299999999", "Field7": "101.8383237" }, "geometry": { "type": "Point", "coordinates": [ 101.8383237, 3.14597303 ] } },
{ "type": "Feature", "properties": { "Field1": "Hulu Langat", "Field2": "Hulu Langat", "Field3": "Masjid Al-Syabab", "Field4": "Institut Kemahiran Belia Negara, Batu 16, 43100, Hulu Langat, Selangor Darul Ehsan.", "Field5": null, "Field6": "3.1340598700000002", "Field7": "101.8367105" }, "geometry": { "type": "Point", "coordinates": [ 101.8367105, 3.13405987 ] } },
{ "type": "Feature", "properties": { "Field1": "Hulu Langat", "Field2": "Ampang", "Field3": "Masjid Al-Ubudiah", "Field4": "Jalan Tasik Tambahan 3, Kampung Tasik Tambahan, 68000 Ampang, Selangor Darul Ehsan.", "Field5": null, "Field6": "3.1241621500000001", "Field7": "101.7713546" }, "geometry": { "type": "Point", "coordinates": [ 101.7713546, 3.12416215 ] } },
{ "type": "Feature", "properties": { "Field1": "Hulu Langat", "Field2": "Bangi", "Field3": "Masjid Al-Uum", "Field4": "21, Jalan 1/3k, Seksyen 1, 43650 Bandar Baru Bangi, Selangor Darul Ehsan.", "Field5": null, "Field6": "2.9439534599999999", "Field7": "101.77076839999999" }, "geometry": { "type": "Point", "coordinates": [ 101.7707684, 2.94395346 ] } },
{ "type": "Feature", "properties": { "Field1": "Hulu Langat", "Field2": "Hulu Langat", "Field3": "Masjid Ar-Rahman", "Field4": "Batu 21, Kampung Sungai Lui, 43100 Hulu Langat, Selangor Darul Ehsan.", "Field5": null, "Field6": "3.16532342", "Field7": "101.8813589" }, "geometry": { "type": "Point", "coordinates": [ 101.8813589, 3.16532342 ] } },
{ "type": "Feature", "properties": { "Field1": "Hulu Langat", "Field2": "Hulu Langat", "Field3": "Masjid As-Saadah", "Field4": "Masjid Penjara, Bandar Kajang, 43000 Kajang, Selangor Darul Ehsan.", "Field5": null, "Field6": "3.0010298199999998", "Field7": "101.811043" }, "geometry": { "type": "Point", "coordinates": [ 101.811043, 3.00102982 ] } },
{ "type": "Feature", "properties": { "Field1": "Hulu Langat", "Field2": "Kajang", "Field3": "Masjid As-Solihin", "Field4": "Jalan Teras, Seksyen 14, 43650 Bandar Baru Bangi (Kampung Teras Jernang) Kajang, Hulu Langat Selangor Darul Ehsan.", "Field5": null, "Field6": "2.9257146999999999", "Field7": "101.75827510000001" }, "geometry": { "type": "Point", "coordinates": [ 101.7582751, 2.9257147 ] } },
{ "type": "Feature", "properties": { "Field1": "Hulu Langat", "Field2": "Cheras", "Field3": "Masjid As-Syakirin", "Field4": "Jalan Putera 6/1, Seksyen 1, Bandar Mahkota Cheras, 43200 Batu 9 Cheras, Selangor Darul Ehsan.", "Field5": null, "Field6": "3.0485280800000001", "Field7": "101.7860939" }, "geometry": { "type": "Point", "coordinates": [ 101.7860939, 3.04852808 ] } },
{ "type": "Feature", "properties": { "Field1": "Hulu Langat", "Field2": "Cheras", "Field3": "Masjid Ashabus Solihin (Taman Rakan)", "Field4": "Jalan Rakan Cheras, Taman Rakan, 43200 Kajang, Selangor Darul Ehsan.", "Field5": null, "Field6": "3.0353097899999999", "Field7": "101.7834786" }, "geometry": { "type": "Point", "coordinates": [ 101.7834786, 3.03530979 ] } },
{ "type": "Feature", "properties": { "Field1": "Hulu Langat", "Field2": "Beranang", "Field3": "Masjid At-Taqwa", "Field4": "Persiaran Mahkota 2, Bandar Bukit Mahkota Bangi, 43000 Kajang, Selangor Darul Ehsan.", "Field5": null, "Field6": "2.8802942200000001", "Field7": "101.8096146" }, "geometry": { "type": "Point", "coordinates": [ 101.8096146, 2.88029422 ] } },
{ "type": "Feature", "properties": { "Field1": "Hulu Langat", "Field2": "Kajang", "Field3": "Masjid At-Taqwa", "Field4": "Desa Serdang, 43300 Seri Kembangan, Selangor Darul Ehsan.", "Field5": null, "Field6": "3.0099792700000001", "Field7": "101.7326525" }, "geometry": { "type": "Point", "coordinates": [ 101.7326525, 3.00997927 ] } },
{ "type": "Feature", "properties": { "Field1": "Hulu Langat", "Field2": "Ampang", "Field3": "Masjid Bandar Baru Ampang", "Field4": "Jalan Wawasan Ampang, Taman Sri Watan, 68000 Ampang, Selangor Darul Ehsan.", "Field5": null, "Field6": "3.1379081000000002", "Field7": "101.7695286" }, "geometry": { "type": "Point", "coordinates": [ 101.7695286, 3.1379081 ] } },
{ "type": "Feature", "properties": { "Field1": "Hulu Langat", "Field2": "Cheras", "Field3": "Masjid Bandar Tun Hussein Onn", "Field4": "Persiaran Suarasa 1, Bandar Tun Hussein Onn, 43200 Cheras, Selangor Darul Ehsan.", "Field5": null, "Field6": "3.0489995699999999", "Field7": "101.76005670000001" }, "geometry": { "type": "Point", "coordinates": [ 101.7600567, 3.04899957 ] } },
{ "type": "Feature", "properties": { "Field1": "Hulu Langat", "Field2": "Cheras", "Field3": "Masjid Bukit Belimbing", "Field4": "Jalan Bukit Belimbing, 43000 Sri Kembangan, Selangor Darul Ehsan.", "Field5": null, "Field6": "3.0364354800000002", "Field7": "101.7321264" }, "geometry": { "type": "Point", "coordinates": [ 101.7321264, 3.03643548 ] } },
{ "type": "Feature", "properties": { "Field1": "Hulu Langat", "Field2": "Kajang", "Field3": "Masjid Haji Mat Saman", "Field4": "Jalan Sungai Ramal Luar, Kampung Sungai Ramal Luar, 43000 Kajang, Selangor Darul Ehsan.", "Field5": null, "Field6": "2.9845193399999999", "Field7": "101.764161" }, "geometry": { "type": "Point", "coordinates": [ 101.764161, 2.98451934 ] } },
{ "type": "Feature", "properties": { "Field1": "Hulu Langat", "Field2": "Kajang", "Field3": "Masjid Jalan Reko", "Field4": "Jalan Reko, 43000 Kajang, Selangor Darul Ehsan.", "Field5": null, "Field6": "2.9856287099999999", "Field7": "101.78999899999999" }, "geometry": { "type": "Point", "coordinates": [ 101.789999, 2.98562871 ] } },
{ "type": "Feature", "properties": { "Field1": "Hulu Langat", "Field2": "Kajang", "Field3": "Masjid Jamek Pekan Kajang", "Field4": "Pekan Kajang, Daerah Hulu Langat, 43200 Kajang, Selangor Darul Ehsan.", "Field5": null, "Field6": "2.99706677", "Field7": "101.7881758" }, "geometry": { "type": "Point", "coordinates": [ 101.7881758, 2.99706677 ] } },
{ "type": "Feature", "properties": { "Field1": "Hulu Langat", "Field2": "Ampang", "Field3": "Masjid Jami'ilhuda", "Field4": "Jalan Pinang, Kampung Melayu Ampang, 68000 Ampang, Selangor Darul Ehsan.", "Field5": null, "Field6": "3.1526303800000002", "Field7": "101.76115350000001" }, "geometry": { "type": "Point", "coordinates": [ 101.7611535, 3.15263038 ] } },
{ "type": "Feature", "properties": { "Field1": "Hulu Langat", "Field2": "Ampang", "Field3": "Masjid JamiI'ul Huda", "Field4": "Jalan Pinang, Kampung Melayu, 68000 Ampang, Seiangor Darul Ehsan.", "Field5": null, "Field6": "3.1526303800000002", "Field7": "101.76115350000001" }, "geometry": { "type": "Point", "coordinates": [ 101.7611535, 3.15263038 ] } },
{ "type": "Feature", "properties": { "Field1": "Hulu Langat", "Field2": "Hulu Langat", "Field3": "Masjid Kampung Kuala Pangson", "Field4": "Batu 22 1/2, 43100 Hulu Langat, Selangor Darul Ehsan.", "Field5": null, "Field6": "3.20934863", "Field7": "101.8762002" }, "geometry": { "type": "Point", "coordinates": [ 101.8762002, 3.20934863 ] } },
{ "type": "Feature", "properties": { "Field1": "Hulu Langat", "Field2": "Kajang", "Field3": "Masjid Kariah Batu 3 Bangi", "Field4": "Pekan Bangi, 43000 Kajang, Selangor Darul Ehsan.", "Field5": null, "Field6": "2.9009069900000002", "Field7": "101.7853113" }, "geometry": { "type": "Point", "coordinates": [ 101.7853113, 2.90090699 ] } },
{ "type": "Feature", "properties": { "Field1": "Hulu Langat", "Field2": "Cheras", "Field3": "Masjid Kariah Cheras", "Field4": "Kampung Batu 10, 43200 Cheras, Hulu Langat Selangor Darul Ehsan.", "Field5": null, "Field6": "3.0593892399999998", "Field7": "101.7744594" }, "geometry": { "type": "Point", "coordinates": [ 101.7744594, 3.05938924 ] } },
{ "type": "Feature", "properties": { "Field1": "Hulu Langat", "Field2": "Hulu Langat", "Field3": "Masjid Kariah Kampung Jawa", "Field4": "Batu 18, Kampung Jawa, 43100 Hulu Langat, Selangor Darul Ehsan.", "Field5": null, "Field6": "3.1673746899999999", "Field7": "101.8527129" }, "geometry": { "type": "Point", "coordinates": [ 101.8527129, 3.16737469 ] } },
{ "type": "Feature", "properties": { "Field1": "Hulu Langat", "Field2": "Semenyih", "Field3": "Masjid Kariah Kampung Pasir Baru", "Field4": "Jalan Sungai Lalang, Kampung Pasir Baru, Hulu Semenyih, 43500 Semenyih, Selangor Darul Ehsan.", "Field5": null, "Field6": "3.0035590499999998", "Field7": "101.8714782" }, "geometry": { "type": "Point", "coordinates": [ 101.8714782, 3.00355905 ] } },
{ "type": "Feature", "properties": { "Field1": "Hulu Langat", "Field2": "Semenyih", "Field3": "Masjid Kariah Kuala Pajam", "Field4": "Kampung Kuala Pajam, 43700 Beranang, Selangor Darul Ehsan.", "Field5": null, "Field6": "2.87146576", "Field7": "101.8436634" }, "geometry": { "type": "Point", "coordinates": [ 101.8436634, 2.87146576 ] } },
{ "type": "Feature", "properties": { "Field1": "Hulu Langat", "Field2": "Hulu Langat", "Field3": "Masjid Kariah Kuala Perdik", "Field4": "Batu 19, Kampung Kuala Perdik, 43100 Hulu Langat, Selangor Darul Ehsan.", "Field5": null, "Field6": "3.1760003600000002", "Field7": "101.8551106" }, "geometry": { "type": "Point", "coordinates": [ 101.8551106, 3.17600036 ] } },
{ "type": "Feature", "properties": { "Field1": "Hulu Langat", "Field2": "Hulu Langat", "Field3": "Masjid Kariah Lubuk Kelubi", "Field4": "Batu 19 1/2, Kampung Lubok Kelubi, 43100 Hulu Langat, Selangor Darul Ehsan.", "Field5": null, "Field6": "3.1857167799999999", "Field7": "101.85401330000001" }, "geometry": { "type": "Point", "coordinates": [ 101.8540133, 3.18571678 ] } },
{ "type": "Feature", "properties": { "Field1": "Hulu Langat", "Field2": "Semenyih", "Field3": "Masjid Kariah Pekan Bangi", "Field4": "Jalan Bangi Lama, 43500 Hulu Langat, Selangor Darul Ehsan", "Field5": null, "Field6": "2.90090834", "Field7": "101.78530790000001" }, "geometry": { "type": "Point", "coordinates": [ 101.7853079, 2.90090834 ] } },
{ "type": "Feature", "properties": { "Field1": "Hulu Langat", "Field2": "Semenyih", "Field3": "Masjid Kariah Riching Hulu", "Field4": "Lot 4395, Kampung Rinching Hulu, 43500, Semenyih, Selangor Darul Ehsan.", "Field5": null, "Field6": "2.9191523699999999", "Field7": "101.8608061" }, "geometry": { "type": "Point", "coordinates": [ 101.8608061, 2.91915237 ] } },
{ "type": "Feature", "properties": { "Field1": "Hulu Langat", "Field2": "Bangi", "Field3": "Masjid Kariah Rinching Hilir", "Field4": "Kampung Rinching Hilir, Kampung Batu Lima Bangi, 43000 Kajang, Selangor Darul Ehsan", "Field5": null, "Field6": "2.9028911900000001", "Field7": "101.81024530000001" }, "geometry": { "type": "Point", "coordinates": [ 101.8102453, 2.90289119 ] } },
{ "type": "Feature", "properties": { "Field1": "Hulu Langat", "Field2": "Kajang", "Field3": "Masjid Kariah Sungai Kembong Hilir", "Field4": "Kampung Sungai Kembung Hilir, 43000  Kajang, Hulu Langat, Selangor Darul Ehsan.", "Field5": null, "Field6": "2.8869870400000002", "Field7": "101.8111744" }, "geometry": { "type": "Point", "coordinates": [ 101.8111744, 2.88698704 ] } },
{ "type": "Feature", "properties": { "Field1": "Hulu Langat", "Field2": "Bangi", "Field3": "Masjid Kariah Sungai Kembong Hulu", "Field4": "Kampung Sungai Kembong Hulu, Mukim Bangi, 43000 Kajang, Selangor Darul Ehsan.", "Field5": null, "Field6": "2.8911227799999999", "Field7": "101.82716139999999" }, "geometry": { "type": "Point", "coordinates": [ 101.8271614, 2.89112278 ] } },
{ "type": "Feature", "properties": { "Field1": "Hulu Langat", "Field2": "Cheras", "Field3": "Masjid Kariah Sungai Sekamat", "Field4": "Batu 12, Jalan Cheras, 43000 Kajang, Selangor Darul Ehsan.", "Field5": null, "Field6": "3.0207145899999999", "Field7": "101.7753793" }, "geometry": { "type": "Point", "coordinates": [ 101.7753793, 3.02071459 ] } },
{ "type": "Feature", "properties": { "Field1": "Hulu Langat", "Field2": "Cheras", "Field3": "Masjid Nurul Ehsan", "Field4": "No. 23, Jalan Seri Cheras 15, Taman Sri Cheras, 43200 Kajang, Selangor Darul Ehsan.", "Field5": null, "Field6": "3.05864957", "Field7": "101.76284339999999" }, "geometry": { "type": "Point", "coordinates": [ 101.7628434, 3.05864957 ] } },
{ "type": "Feature", "properties": { "Field1": "Hulu Langat", "Field2": "Ampang", "Field3": "Masjid Nurul Hidayah", "Field4": "Jalan H, Kampung Pandan Dalam, 55100 Kuala Lumpur, Selangor Darul Ehsan.", "Field5": null, "Field6": "3.1449268899999998", "Field7": "101.7481069" }, "geometry": { "type": "Point", "coordinates": [ 101.7481069, 3.14492689 ] } },
{ "type": "Feature", "properties": { "Field1": "Hulu Langat", "Field2": "Ampang", "Field3": "Masjid Nurussaadah", "Field4": "Jalan Kuari, Kampung Cheras Baru, 56100 Kuala Lumpur, Selangor Darul Ehsan.", "Field5": null, "Field6": "3.10969038", "Field7": "101.75349009999999" }, "geometry": { "type": "Point", "coordinates": [ 101.7534901, 3.10969038 ] } },
{ "type": "Feature", "properties": { "Field1": "Hulu Langat", "Field2": "Beranang", "Field3": "Masjid Raja Alang", "Field4": "Lorong Dato' Dagang Hj. Harun, Kampung Tanjung, 43700 Mukim Beranang, Selangor Darul Ehsan.", "Field5": null, "Field6": "2.8741794199999999", "Field7": "101.8706317" }, "geometry": { "type": "Point", "coordinates": [ 101.8706317, 2.87417942 ] } },
{ "type": "Feature", "properties": { "Field1": "Hulu Langat", "Field2": "Semenyih", "Field3": "Masjid Raja Muda Musa", "Field4": "Pekan Semenyih, 43500 Semenyih, Hulu Langat, Selangor Darul Ehsan.", "Field5": null, "Field6": "2.95114798", "Field7": "101.8447419" }, "geometry": { "type": "Point", "coordinates": [ 101.8447419, 2.95114798 ] } },
{ "type": "Feature", "properties": { "Field1": "Hulu Langat", "Field2": "Ampang", "Field3": "Masjid Saujana Ampang", "Field4": "Lg 07, Block A 2, Jalan Mulia 21/1, Ampang Saujana, 68000 Ampang, Selangor Darul Ehsan.", "Field5": null, "Field6": "3.13418178", "Field7": "101.7899252" }, "geometry": { "type": "Point", "coordinates": [ 101.7899252, 3.13418178 ] } },
{ "type": "Feature", "properties": { "Field1": "Hulu Langat", "Field2": "Kajang", "Field3": "Masjid Saujana Impian", "Field4": "Taman Saujana Impian, 43000 Kajang, Selangor Darul Ehsan.", "Field5": null, "Field6": "3.007574", "Field7": "101.7881259" }, "geometry": { "type": "Point", "coordinates": [ 101.7881259, 3.007574 ] } },
{ "type": "Feature", "properties": { "Field1": "Hulu Langat", "Field2": "Semenyih", "Field3": "Masjid Sesapan Batu Rembau", "Field4": "Jalan Sesapan Batu Rembau, Kampung Sesapan Batu Rembau, 43700 Beranang, Selangor Darul Ehsan.", "Field5": null, "Field6": "2.89518911", "Field7": "101.88304119999999" }, "geometry": { "type": "Point", "coordinates": [ 101.8830412, 2.89518911 ] } },
{ "type": "Feature", "properties": { "Field1": "Hulu Langat", "Field2": "Hulu Langat", "Field3": "Masjid Sultan Hishamuddin Alam Shah", "Field4": "Pekan Batu 14, 43100 Hulu Langat, Selangor Darul Ehsan.", "Field5": null, "Field6": "3.1128205200000001", "Field7": "101.8153666" }, "geometry": { "type": "Point", "coordinates": [ 101.8153666, 3.11282052 ] } },
{ "type": "Feature", "properties": { "Field1": "Hulu Langat", "Field2": "Cheras", "Field3": "Masjid Taman Cheras Jaya", "Field4": "Jalan 9, Taman Cheras Jaya, 43000 Kajang, Selangor Darul Ehsan.", "Field5": null, "Field6": "3.0262007500000001", "Field7": "101.7612663" }, "geometry": { "type": "Point", "coordinates": [ 101.7612663, 3.02620075 ] } },
{ "type": "Feature", "properties": { "Field1": "Hulu Langat", "Field2": "Semenyih", "Field3": "Masjid Taman Kajang Prima", "Field4": "Taman Kajang Prima, 43000 Kajang, Selangor Darul Ehsan.", "Field5": null, "Field6": "2.9787147799999998", "Field7": "101.8168367" }, "geometry": { "type": "Point", "coordinates": [ 101.8168367, 2.97871478 ] } },
{ "type": "Feature", "properties": { "Field1": "Hulu Langat", "Field2": "Kajang", "Field3": "Masjid Taman Kajang Utama", "Field4": "Taman Seri Melor, 43000, Kanjang, Selangor Darul Ehsan.", "Field5": null, "Field6": "2.9703815499999999", "Field7": "101.78286989999999" }, "geometry": { "type": "Point", "coordinates": [ 101.7828699, 2.97038155 ] } },
{ "type": "Feature", "properties": { "Field1": "Hulu Langat", "Field2": "Ampang", "Field3": "Masjid Taman Kosas Ampang", "Field4": "Jalan Kosas 3/6, Taman Kosas Ampang Daerah Hulu Langat, 68000, Ampang, Selangor Darul Ehsan.", "Field5": null, "Field6": "3.14582294", "Field7": "101.7743157" }, "geometry": { "type": "Point", "coordinates": [ 101.7743157, 3.14582294 ] } },
{ "type": "Feature", "properties": { "Field1": "Hulu Langat", "Field2": "Semenyih", "Field3": "Masjid Taman Pelangi", "Field4": "No. 78, Jalan Tps 3/5, Taman Pelangi Semenyih, 43500 Semenyih, Selangor Darul Ehsan.", "Field5": null, "Field6": "2.9398626499999998", "Field7": "101.8616794" }, "geometry": { "type": "Point", "coordinates": [ 101.8616794, 2.93986265 ] } },
{ "type": "Feature", "properties": { "Field1": "Hulu Langat", "Field2": "Kajang", "Field3": "Masjid Taman Prima Saujana", "Field4": "Jalan Prima 2/2, Taman Prima Saujana, Seksyen 2, Kajang, Selangor Darul Ehsan.", "Field5": null, "Field6": "3.0088135999999999", "Field7": "101.8064548" }, "geometry": { "type": "Point", "coordinates": [ 101.8064548, 3.0088136 ] } },
{ "type": "Feature", "properties": { "Field1": "Hulu Langat", "Field2": "Kajang", "Field3": "Masjid Taman Sutera", "Field4": "Lot 44698&amp;44699, Jalan Sutera 2/3, Seksyen 2, Taman Sutera, 43000 Kajang, Selangor Darul Ehsan.", "Field5": null, "Field6": "3.00770816", "Field7": "101.76472769999999" }, "geometry": { "type": "Point", "coordinates": [ 101.7647277, 3.00770816 ] } },
{ "type": "Feature", "properties": { "Field1": "Hulu Langat", "Field2": "Kajang", "Field3": "Masjid Taman Taming Jaya", "Field4": "Jalan Taming Sari, Taman Industri Selesa Jaya, 43300 Balakong, Selangor", "Field5": null, "Field6": "3.02455556", "Field7": "101.7385147" }, "geometry": { "type": "Point", "coordinates": [ 101.7385147, 3.02455556 ] } },
{ "type": "Feature", "properties": { "Field1": "Hulu Langat", "Field2": "Kajang", "Field3": "Masjid Taman West Country", "Field4": "Taman West Country, Seksyen 5, 43650 Bandar Baru Bangi, Selangor Darul Ehsan.", "Field5": null, "Field6": "2.9640377199999999", "Field7": "101.7853858" }, "geometry": { "type": "Point", "coordinates": [ 101.7853858, 2.96403772 ] } },
{ "type": "Feature", "properties": { "Field1": "Hulu Langat", "Field2": "Ampang", "Field3": "Masjid Tasik Permai", "Field4": "Tasik Permai", "Field5": null, "Field6": "3.12879949", "Field7": "101.7769337" }, "geometry": { "type": "Point", "coordinates": [ 101.7769337, 3.12879949 ] } },
{ "type": "Feature", "properties": { "Field1": "Hulu Langat", "Field2": "Cheras", "Field3": "Masjid Ubudiah", "Field4": "Jalan Bunga Raya 2, Kampung Sungai Raya, 43200 Batu 9 Cheras, Selangor Darul Ehsan.", "Field5": null, "Field6": "3.0673360600000001", "Field7": "101.769729" }, "geometry": { "type": "Point", "coordinates": [ 101.769729, 3.06733606 ] } },
{ "type": "Feature", "properties": { "Field1": "Hulu Langat", "Field2": "Hulu Langat", "Field3": "Masjid UKM Bangi", "Field4": "Jalan Bangi, Universiti Kebangsaan Malaysia, 43000 Kajang, Selangor Darul Ehsan.", "Field5": null, "Field6": "2.9294806900000001", "Field7": "101.7771905" }, "geometry": { "type": "Point", "coordinates": [ 101.7771905, 2.92948069 ] } },
{ "type": "Feature", "properties": { "Field1": "Hulu Selangor", "Field2": "Ulu Bernam", "Field3": "Masjid Al-Abidin", "Field4": "Kampung Sekolah Sungai Selisek, Selangor, Kampung Selisek, 44020, Selangor Darul Ehsan", "Field5": null, "Field6": "3.7294499800000001", "Field7": "101.447604" }, "geometry": { "type": "Point", "coordinates": [ 101.447604, 3.72944998 ] } },
{ "type": "Feature", "properties": { "Field1": "Hulu Selangor", "Field2": "Ulu Yam", "Field3": "Masjid Al-Ehsan", "Field4": "Kampung Hulu Yam Lama, 44300 Batang Kali, Selangor Darul Ehsan", "Field5": null, "Field6": "3.4561105599999999", "Field7": "101.6385745" }, "geometry": { "type": "Point", "coordinates": [ 101.6385745, 3.45611056 ] } },
{ "type": "Feature", "properties": { "Field1": "Hulu Selangor", "Field2": "Batang Kali", "Field3": "Masjid Al-Falah", "Field4": "Jalan Ulu Yam, Hulu Yam Bharu, 44300 Batang Kali, Selangor Darul Ehsan", "Field5": null, "Field6": "3.4365395699999999", "Field7": "101.65539510000001" }, "geometry": { "type": "Point", "coordinates": [ 101.6553951, 3.43653957 ] } },
{ "type": "Feature", "properties": { "Field1": "Hulu Selangor", "Field2": "Ampang Pecah", "Field3": "Masjid Al-Hidayah (Lama)", "Field4": "Taman Ampang Pecah, 44000 Kuala Kubu Bharu, Selangor Darul Ehsan", "Field5": null, "Field6": "3.55274644", "Field7": "101.65906459999999" }, "geometry": { "type": "Point", "coordinates": [ 101.6590646, 3.55274644 ] } },
{ "type": "Feature", "properties": { "Field1": "Hulu Selangor", "Field2": "Rasa", "Field3": "Masjid Al-Kholidiah", "Field4": "Jalan Rawang-Tanjung Malim, Kampung Melayu Rasa, 44200 Rasa, Selangor Darul Ehsan", "Field5": null, "Field6": "3.5044403000000002", "Field7": "101.6346087" }, "geometry": { "type": "Point", "coordinates": [ 101.6346087, 3.5044403 ] } },
{ "type": "Feature", "properties": { "Field1": "Hulu Selangor", "Field2": "Sungai Tinggi", "Field3": "Masjid Al-Makmur", "Field4": "Kampung Felda Gedangsa, 44020 Kuala Kubu Baru, Selangor Darul Ehsan", "Field5": null, "Field6": "3.74200256", "Field7": "101.38444509999999" }, "geometry": { "type": "Point", "coordinates": [ 101.3844451, 3.74200256 ] } },
{ "type": "Feature", "properties": { "Field1": "Hulu Selangor", "Field2": "Kerling", "Field3": "Masjid Al-Ubudiah", "Field4": "Kampung Kuala Kubu Road, 44000 Kerling, Selangor Darul Ehsan", "Field5": null, "Field6": "3.59125542", "Field7": "101.60406260000001" }, "geometry": { "type": "Point", "coordinates": [ 101.6040626, 3.59125542 ] } },
{ "type": "Feature", "properties": { "Field1": "Hulu Selangor", "Field2": "Serendah", "Field3": "Masjid Ar-Rahmah", "Field4": "Kampung Sungai Buaya, 48010 Rawang, Selangor Darul Ehsan", "Field5": null, "Field6": "3.3922546800000002", "Field7": "101.5234665" }, "geometry": { "type": "Point", "coordinates": [ 101.5234665, 3.39225468 ] } },
{ "type": "Feature", "properties": { "Field1": "Hulu Selangor", "Field2": "Ulu Bernam", "Field3": "Masjid Ar-Rahman", "Field4": "Jalan Hulu Bernam-Tanjung Malim, Hulu Bernam, 35900 Tanjong Malim, Selangor Darul Ehsan", "Field5": null, "Field6": "3.6710557599999998", "Field7": "101.5257814" }, "geometry": { "type": "Point", "coordinates": [ 101.5257814, 3.67105576 ] } },
{ "type": "Feature", "properties": { "Field1": "Hulu Selangor", "Field2": "Batang Kali", "Field3": "Masjid As-Sajidin", "Field4": "Jalan Rawang-Ipoh, Kampung Sentosa, 44300 Batang Kali, Selangor Darul Ehsan", "Field5": null, "Field6": "3.4714644099999998", "Field7": "101.6395191" }, "geometry": { "type": "Point", "coordinates": [ 101.6395191, 3.47146441 ] } },
{ "type": "Feature", "properties": { "Field1": "Hulu Selangor", "Field2": "Serendah", "Field3": "Masjid As-Salam", "Field4": "Bandar Bukit Beruntung, 48000 Rawang, Selangor Darul Ehsan", "Field5": null, "Field6": "3.4043812600000001", "Field7": "101.56909659999999" }, "geometry": { "type": "Point", "coordinates": [ 101.5690966, 3.40438126 ] } },
{ "type": "Feature", "properties": { "Field1": "Hulu Selangor", "Field2": "Kuala Kubu Bharu", "Field3": "Masjid As-Syukriah", "Field4": "Kampung Gesir Ulu, 45500 Kuala Kubu Bharu, Selangor Darul Ehsan", "Field5": null, "Field6": "3.72228658", "Field7": "101.4299584" }, "geometry": { "type": "Point", "coordinates": [ 101.4299584, 3.72228658 ] } },
{ "type": "Feature", "properties": { "Field1": "Hulu Selangor", "Field2": "Kerling", "Field3": "Masjid At-Taqwa", "Field4": "Kampung Pasir Putih Kerling, 44100 Kerling, Selangor Darul Ehsan", "Field5": null, "Field6": "3.6382435200000001", "Field7": "101.5720152" }, "geometry": { "type": "Point", "coordinates": [ 101.5720152, 3.63824352 ] } },
{ "type": "Feature", "properties": { "Field1": "Hulu Selangor", "Field2": "Kuala Kubu Bharu", "Field3": "Masjid At-Taufiqiah", "Field4": "Kampung Felda Soeharta, 44010 Kuala Kubu Bharu, Selangor Darul Ehsan", "Field5": null, "Field6": "3.6817348299999999", "Field7": "101.3948121" }, "geometry": { "type": "Point", "coordinates": [ 101.3948121, 3.68173483 ] } },
{ "type": "Feature", "properties": { "Field1": "Hulu Selangor", "Field2": "Batang Kali", "Field3": "Masjid Bandar Utama Batang Kali", "Field4": "Jalan Meranti Utama 1, Seksyen 3, Bandar Utama Batang Kali, 44200 Batang Kali, Selangor Darul Ehsan", "Field5": null, "Field6": "3.4581908800000001", "Field7": "101.6555041" }, "geometry": { "type": "Point", "coordinates": [ 101.6555041, 3.45819088 ] } },
{ "type": "Feature", "properties": { "Field1": "Hulu Selangor", "Field2": "Ulu Bernam", "Field3": "Masjid Jamaatul Asmaul Husna", "Field4": "Kampung Seri Keledang, 35800 Slim River, Selangor Darul Ehsan", "Field5": null, "Field6": "3.78409043", "Field7": "101.3308555" }, "geometry": { "type": "Point", "coordinates": [ 101.3308555, 3.78409043 ] } },
{ "type": "Feature", "properties": { "Field1": "Hulu Selangor", "Field2": "Kuala Kubu Bharu", "Field3": "Masjid Jamek Al-Rahimah", "Field4": "Jalan KKB-Fraser Hills, 44000 Kuala Kubu Bharu, Selangor Darul Ehsan", "Field5": null, "Field6": "3.5614237000000002", "Field7": "101.654796" }, "geometry": { "type": "Point", "coordinates": [ 101.654796, 3.5614237 ] } },
{ "type": "Feature", "properties": { "Field1": "Hulu Selangor", "Field2": "Sungai Tinggi", "Field3": "Masjid Jamek Noor Hidayah", "Field4": "Kampung Desa Maju, Felda Sungai Tenggi, 44020 Kuala Kubu Bharu, Selangor Darul Ehsan", "Field5": null, "Field6": "3.6172225", "Field7": "101.4216607" }, "geometry": { "type": "Point", "coordinates": [ 101.4216607, 3.6172225 ] } },
{ "type": "Feature", "properties": { "Field1": "Hulu Selangor", "Field2": "Sungai Tinggi", "Field3": "Masjid Jamek Nurul Hidayah (Lama)", "Field4": "Kampung Desa Maju, Felda Sungai Tengi, 44020 Kuala Kubu Bharu, Selangor Darul Ehsan", "Field5": null, "Field6": "3.6203169700000002", "Field7": "101.42530259999999" }, "geometry": { "type": "Point", "coordinates": [ 101.4253026, 3.62031697 ] } },
{ "type": "Feature", "properties": { "Field1": "Hulu Selangor", "Field2": "Sungai Tinggi", "Field3": "Masjid Kampung Nigel Gardner", "Field4": "Kampung Ladang Nigel Gardner, 45600 Batang Berjuntai, Selangor Darul Ehsan", "Field5": null, "Field6": "3.51255834", "Field7": "101.4964974" }, "geometry": { "type": "Point", "coordinates": [ 101.4964974, 3.51255834 ] } },
{ "type": "Feature", "properties": { "Field1": "Hulu Selangor", "Field2": "Ulu Bernam", "Field3": "Masjid Nurul Husna", "Field4": "Felda Sungai Tengi Selatan, 44020 Kuala Kubu Bharu, Selangor Darul Ehsan", "Field5": null, "Field6": "3.5652883700000002", "Field7": "101.4360499" }, "geometry": { "type": "Point", "coordinates": [ 101.4360499, 3.56528837 ] } },
{ "type": "Feature", "properties": { "Field1": "Hulu Selangor", "Field2": "Serendah", "Field3": "Masjid Nurul Iman", "Field4": "Jalan Rawang-Ipoh, Kampung Datuk Harun, 42800 Serendah, Selangor Darul Ehsan", "Field5": null, "Field6": "3.3639855700000001", "Field7": "101.60386459999999" }, "geometry": { "type": "Point", "coordinates": [ 101.6038646, 3.36398557 ] } },
{ "type": "Feature", "properties": { "Field1": "Hulu Selangor", "Field2": "Serendah", "Field3": "Masjid Nurul Islamiah", "Field4": "Jalan Rawang-Ipoh Kampung Sungai Choh, 48200 Rawang, Selangor Darul Ehsan", "Field5": null, "Field6": "3.3484227199999999", "Field7": "101.5897805" }, "geometry": { "type": "Point", "coordinates": [ 101.5897805, 3.34842272 ] } },
{ "type": "Feature", "properties": { "Field1": "Hulu Selangor", "Field2": "Serendah", "Field3": "Masjid Perodua", "Field4": "Jalan Ros 1E/2, Taman Ros, 48300 Rawang, Selangor Darul Ehsan", "Field5": null, "Field6": "3.37313149", "Field7": "101.5727632" }, "geometry": { "type": "Point", "coordinates": [ 101.5727632, 3.37313149 ] } },
{ "type": "Feature", "properties": { "Field1": "Hulu Selangor", "Field2": "Batang Kali", "Field3": "Masjid RKT Hulu Rening", "Field4": "Kampung Hulu Rening 44300 Batang Kali, Selangor Darul Ehsan", "Field5": null, "Field6": "3.48555591", "Field7": "101.6952083" }, "geometry": { "type": "Point", "coordinates": [ 101.6952083, 3.48555591 ] } },
{ "type": "Feature", "properties": { "Field1": "Hulu Selangor", "Field2": "Serendah", "Field3": "Masjid Saidina Ali", "Field4": "Jalan Anggerik 6, Seksyen BS7 Bukit Sentosa 2, 48000 Rawang, Selangor Darul Ehsan", "Field5": null, "Field6": "3.41442479", "Field7": "101.5882599" }, "geometry": { "type": "Point", "coordinates": [ 101.5882599, 3.41442479 ] } },
{ "type": "Feature", "properties": { "Field1": "Hulu Selangor", "Field2": "Batang Kali", "Field3": "Masjid Sungai Masin", "Field4": "Kampung Sungai Masin, 44300 Batang Kali, Selangor Darul Ehsan", "Field5": null, "Field6": "3.4637773599999999", "Field7": "101.65590880000001" }, "geometry": { "type": "Point", "coordinates": [ 101.6559088, 3.46377736 ] } },
{ "type": "Feature", "properties": { "Field1": "Hulu Selangor", "Field2": "Ulu Bernam", "Field3": "Masjid Sungai Selisek (Lama)", "Field4": "Kampung Masjid, Sungai Selisek, 44020 Selangor Darul Ehsan", "Field5": null, "Field6": "3.7387633600000001", "Field7": "101.4446653" }, "geometry": { "type": "Point", "coordinates": [ 101.4446653, 3.73876336 ] } },
{ "type": "Feature", "properties": { "Field1": "Hulu Selangor", "Field2": "Ulu Bernam", "Field3": "Masjid Syiekh Ismail Ulu Bernam (Masjid Tua Selangor)", "Field4": "Jalan Ulu Bernam-Tanjung Malim, Ulu Bernam, 35900 Tanjung Malim, Selangor Darul Ehsan", "Field5": null, "Field6": "3.6754933900000002", "Field7": "101.52167849999999" }, "geometry": { "type": "Point", "coordinates": [ 101.5216785, 3.67549339 ] } },
{ "type": "Feature", "properties": { "Field1": "Klang", "Field2": "Kapar", "Field3": "Masjid Al-Ansar", "Field4": "Pekan Kapar, 42200 Klang, Selangor Darul Ehsan", "Field5": null, "Field6": "3.1384188800000001", "Field7": "101.3703476" }, "geometry": { "type": "Point", "coordinates": [ 101.3703476, 3.13841888 ] } },
{ "type": "Feature", "properties": { "Field1": "Klang", "Field2": "Klang", "Field3": "Masjid Al-Bakri", "Field4": "Kampung Bukit Naga", "Field5": null, "Field6": "3.0050878600000002", "Field7": "101.5082326" }, "geometry": { "type": "Point", "coordinates": [ 101.5082326, 3.00508786 ] } },
{ "type": "Feature", "properties": { "Field1": "Klang", "Field2": "Klang", "Field3": "Masjid Al-Falah", "Field4": "Jalan 9A,Kampung Idaman,42000 Pelabuhan Klang,Selangor Darul Ehsan", "Field5": null, "Field6": "2.9930958799999998", "Field7": "101.4247601" }, "geometry": { "type": "Point", "coordinates": [ 101.4247601, 2.99309588 ] } },
{ "type": "Feature", "properties": { "Field1": "Klang", "Field2": "Klang", "Field3": "Masjid Al-Falah Taman Seri Muda", "Field4": "Jalan 25/12 Persiaran Budiman,Taman Seri Muda,Seksyen 25.40400 Shah Alam,Selangor Darul Ehsan", "Field5": null, "Field6": "3.03093455", "Field7": "101.5291888" }, "geometry": { "type": "Point", "coordinates": [ 101.5291888, 3.03093455 ] } },
{ "type": "Feature", "properties": { "Field1": "Klang", "Field2": "Klang", "Field3": "Masjid Al-Islah", "Field4": "kampung Nelayan Telok Gong,42000 Pelabuhan Klang,Selangor Darul Ehsan", "Field5": null, "Field6": "2.9655304", "Field7": "101.3864007" }, "geometry": { "type": "Point", "coordinates": [ 101.3864007, 2.9655304 ] } },
{ "type": "Feature", "properties": { "Field1": "Klang", "Field2": "Kapar", "Field3": "Masjid Al-Islah", "Field4": "Kampung Sementa, Batu 6 1/2, Jalan Kapar, 42100 Klang, Selangor Darul Ehsan", "Field5": null, "Field6": "3.0927146699999999", "Field7": "101.3871639" }, "geometry": { "type": "Point", "coordinates": [ 101.3871639, 3.09271467 ] } },
{ "type": "Feature", "properties": { "Field1": "Klang", "Field2": "Klang", "Field3": "Masjid Al-Muhsinin", "Field4": "Lorong Samarinda 5b,Taman Kandis Permai,Batu4,Jalan Kebun 41300 Klang Selangor Darul Ehsan", "Field5": null, "Field6": "3.03228878", "Field7": "101.4882372" }, "geometry": { "type": "Point", "coordinates": [ 101.4882372, 3.03228878 ] } },
{ "type": "Feature", "properties": { "Field1": "Klang", "Field2": "Klang", "Field3": "Masjid Al-Rahman", "Field4": "Sungai Pinang,Pulau Indah 42920 Pelabuhan Klang,Selangor Darul Ehsan", "Field5": null, "Field6": "2.94315229", "Field7": "101.3320587" }, "geometry": { "type": "Point", "coordinates": [ 101.3320587, 2.94315229 ] } },
{ "type": "Feature", "properties": { "Field1": "Klang", "Field2": "Klang", "Field3": "Masjid Al-Ubudiah", "Field4": "Kampung Telok Gong.42000 Pelabuhan Klang,Selangor Darul Ehsan", "Field5": null, "Field6": "2.9413679400000001", "Field7": "101.3771467" }, "geometry": { "type": "Point", "coordinates": [ 101.3771467, 2.94136794 ] } },
{ "type": "Feature", "properties": { "Field1": "Klang", "Field2": "Klang", "Field3": "Masjid Alam Impian", "Field4": "No 2,Jalan Tun Teja 35/1,Alam Impian Seksyen35, Alam Impia,40400 Shah Alam.Selangor Daruh Ehsan", "Field5": null, "Field6": "3.0260110099999999", "Field7": "101.51831009999999" }, "geometry": { "type": "Point", "coordinates": [ 101.5183101, 3.02601101 ] } },
{ "type": "Feature", "properties": { "Field1": "Klang", "Field2": "Klang", "Field3": "Masjid Ar-Rahimiah", "Field4": "Persiaran Tengku Ampuan Rahimah,Jalan Langat,41200 Klang,Selangor Darul Ehsan", "Field5": null, "Field6": "3.0219771500000001", "Field7": "101.4431222" }, "geometry": { "type": "Point", "coordinates": [ 101.4431222, 3.02197715 ] } },
{ "type": "Feature", "properties": { "Field1": "Klang", "Field2": "Klang", "Field3": "Masjid Ar-Rahimin", "Field4": "Kampung Telok Menegon, Seksyen 36, 40460 Shah Alam, Selangor Darul Ehsan", "Field5": null, "Field6": "3.03296199", "Field7": "101.4776629" }, "geometry": { "type": "Point", "coordinates": [ 101.4776629, 3.03296199 ] } },
{ "type": "Feature", "properties": { "Field1": "Klang", "Field2": "Klang", "Field3": "Masjid Ar-Rahman", "Field4": "Pandamaran Jaya, 42000 Pelabuhan Klang, Selangor Darul Ehsan", "Field5": null, "Field6": "3.00451924", "Field7": "101.4230025" }, "geometry": { "type": "Point", "coordinates": [ 101.4230025, 3.00451924 ] } },
{ "type": "Feature", "properties": { "Field1": "Klang", "Field2": "Klang", "Field3": "Masjid As-Saadah", "Field4": "Bandar Baru Sultan Sulaiman,42200 Pelabuhan Klang,Selangor Darul Ehsan", "Field5": null, "Field6": "3.0260175", "Field7": "101.3752732" }, "geometry": { "type": "Point", "coordinates": [ 101.3752732, 3.0260175 ] } },
{ "type": "Feature", "properties": { "Field1": "Klang", "Field2": "Klang", "Field3": "Masjid Asy-Sharif", "Field4": "Pekan Meru, 42200 Klang, Selangor Darul Ehsan", "Field5": null, "Field6": "3.13680008", "Field7": "101.436606" }, "geometry": { "type": "Point", "coordinates": [ 101.436606, 3.13680008 ] } },
{ "type": "Feature", "properties": { "Field1": "Klang", "Field2": "Klang", "Field3": "Masjid Badariah", "Field4": "No,10 Jalan 3,Taman Seri 12,Batu12, Jalan Kapar,42200 Klang, Selangor Darul Ehsan", "Field5": null, "Field6": "3.1441559099999998", "Field7": "101.3541194" }, "geometry": { "type": "Point", "coordinates": [ 101.3541194, 3.14415591 ] } },
{ "type": "Feature", "properties": { "Field1": "Klang", "Field2": "Klang", "Field3": "Masjid Bandar Baru Klang", "Field4": "Persiaran Bukit Raja Seksyen 32,Bandar Baru Kalng,41300 Klang,Selangor Darul Ehsan", "Field5": null, "Field6": "3.0661078100000001", "Field7": "101.45993489999999" }, "geometry": { "type": "Point", "coordinates": [ 101.4599349, 3.06610781 ] } },
{ "type": "Feature", "properties": { "Field1": "Klang", "Field2": "Klang", "Field3": "Masjid Bandar Bukit Raja", "Field4": "Bandar Bukit Raja,Mukim Klang,Daerah Klang,Selangor Darul Ehsan", "Field5": null, "Field6": "3.0901182600000001", "Field7": "101.4296468" }, "geometry": { "type": "Point", "coordinates": [ 101.4296468, 3.09011826 ] } },
{ "type": "Feature", "properties": { "Field1": "Klang", "Field2": "Klang", "Field3": "Masjid Bandar Diraja Klang Utara", "Field4": "Jalan Pasar,Seksyen 21,klangUtara,41300 Klang,Selangor Darul Ehsan", "Field5": null, "Field6": "3.0479637400000001", "Field7": "101.44585859999999" }, "geometry": { "type": "Point", "coordinates": [ 101.4458586, 3.04796374 ] } },
{ "type": "Feature", "properties": { "Field1": "Klang", "Field2": "Klang", "Field3": "Masjid Bandar Parkland", "Field4": "Persiaran Delima 2,Bandar Parklands,41200 Klang, Selangor Darul Ehsan", "Field5": null, "Field6": "2.9704059699999998", "Field7": "101.4579636" }, "geometry": { "type": "Point", "coordinates": [ 101.4579636, 2.97040597 ] } },
{ "type": "Feature", "properties": { "Field1": "Klang", "Field2": "Klang", "Field3": "Masjid Baru Sungai Jati Kampung Jawa", "Field4": "Kampung Jawa Jalan Sungai Jati,41000 Klang Selangor Darul Ehsan", "Field5": null, "Field6": "3.0229835700000001", "Field7": "101.45942479999999" }, "geometry": { "type": "Point", "coordinates": [ 101.4594248, 3.02298357 ] } },
{ "type": "Feature", "properties": { "Field1": "Klang", "Field2": "Klang", "Field3": "Masjid India Muslim", "Field4": "Jalan Tengku Kelana,41000,Selangor Darul Ehsan", "Field5": null, "Field6": "3.0420025399999999", "Field7": "101.44721319999999" }, "geometry": { "type": "Point", "coordinates": [ 101.4472132, 3.04200254 ] } },
{ "type": "Feature", "properties": { "Field1": "Klang", "Field2": "Klang", "Field3": "Masjid Jame' Samadiah", "Field4": "Persiaran Raja Muda Musa, 42000 Pelabuhan Klang, Selangor Darul Ehsan", "Field5": null, "Field6": "3.0040418899999999", "Field7": "101.4008505" }, "geometry": { "type": "Point", "coordinates": [ 101.4008505, 3.00404189 ] } },
{ "type": "Feature", "properties": { "Field1": "Klang", "Field2": "Klang", "Field3": "Masjid Jamiul Redzuan", "Field4": "Kampung Sungai Serdang,Jalan Kapar,42200 Kalng,Selangor Darul Ehsan", "Field5": null, "Field6": "3.14806125", "Field7": "101.3276733" }, "geometry": { "type": "Point", "coordinates": [ 101.3276733, 3.14806125 ] } },
{ "type": "Feature", "properties": { "Field1": "Klang", "Field2": "Klang", "Field3": "Masjid Kampung Pendamar", "Field4": "Batu 3 1/2, Kampung Pendamaar, 41200 Klang, Selangor Darul Ehsan", "Field5": null, "Field6": "2.9790863000000001", "Field7": "101.43146040000001" }, "geometry": { "type": "Point", "coordinates": [ 101.4314604, 2.9790863 ] } },
{ "type": "Feature", "properties": { "Field1": "Klang", "Field2": "Kapar", "Field3": "Masjid Kiayi Haji Omar", "Field4": "Batu 4, Jalan Kapar", "Field5": null, "Field6": "3.0800612900000002", "Field7": "101.4055111" }, "geometry": { "type": "Point", "coordinates": [ 101.4055111, 3.08006129 ] } },
{ "type": "Feature", "properties": { "Field1": "Klang", "Field2": "Klang", "Field3": "Masjid Kota Kemuning", "Field4": "Jalan Anggerik Vanilla 21/92,Seksyen 31,Kota Kemuning,40460 Shah Alam Selangor Darul Ehsan", "Field5": null, "Field6": "3.0023415299999998", "Field7": "101.5383265" }, "geometry": { "type": "Point", "coordinates": [ 101.5383265, 3.00234153 ] } },
{ "type": "Feature", "properties": { "Field1": "Klang", "Field2": "Klang", "Field3": "Masjid Nurul Amin", "Field4": "Kampung Delek,41250 Klang,Selangor Darul Ehsan", "Field5": null, "Field6": "3.0301508099999999", "Field7": "101.4031588" }, "geometry": { "type": "Point", "coordinates": [ 101.4031588, 3.03015081 ] } },
{ "type": "Feature", "properties": { "Field1": "Klang", "Field2": "Klang", "Field3": "Masjid Nurul Jannah", "Field4": "Jalan Jabbar,Tam,an Meru man,41050 Kalng,Selangor Darul Ehsan", "Field5": null, "Field6": "3.1210442500000002", "Field7": "101.4332034" }, "geometry": { "type": "Point", "coordinates": [ 101.4332034, 3.12104425 ] } },
{ "type": "Feature", "properties": { "Field1": "Klang", "Field2": "Klang", "Field3": "Masjid Sultan Abdul Aziz", "Field4": "Kampung Perigi nenas.42200 pulai Indah,Pelabuhan Klang,Selangor Darul Ehsan", "Field5": null, "Field6": "2.9240746199999998", "Field7": "101.305987" }, "geometry": { "type": "Point", "coordinates": [ 101.305987, 2.92407462 ] } },
{ "type": "Feature", "properties": { "Field1": "Klang", "Field2": "Klang", "Field3": "Masjid Sultan Sulaiman", "Field4": "Jalan Kota Raja. Jalan Klang ,41000 Klang ,Selangor Darul  Ehsan", "Field5": null, "Field6": "3.03497532", "Field7": "101.4505633" }, "geometry": { "type": "Point", "coordinates": [ 101.4505633, 3.03497532 ] } },
{ "type": "Feature", "properties": { "Field1": "Klang", "Field2": "Klang", "Field3": "Masjid Sungai Ar-Raudah", "Field4": "Kampung Sungai Kembong,42920 Pulau INdah,Selangor Daruh Ehsan", "Field5": null, "Field6": "2.9309524200000001", "Field7": "101.319866" }, "geometry": { "type": "Point", "coordinates": [ 101.319866, 2.93095242 ] } },
{ "type": "Feature", "properties": { "Field1": "Klang", "Field2": "Klang", "Field3": "Masjid Taman Sentosa", "Field4": "Jalan Dato Abdul Hamid,Tamn Sentosa,41200 Klang, Selangor,Darul Ehsan", "Field5": null, "Field6": "2.9986176699999998", "Field7": "101.4639851" }, "geometry": { "type": "Point", "coordinates": [ 101.4639851, 2.99861767 ] } },
{ "type": "Feature", "properties": { "Field1": "Klang", "Field2": "Kapar", "Field3": "Masjid Umariah", "Field4": "Kampung Perepat, Batu 7 3/4, Kampung Perepat Klang, Jalan Kapar, 42200 Klang, Selangor Darul Ehsan", "Field5": null, "Field6": "3.1009358800000002", "Field7": "101.3536525" }, "geometry": { "type": "Point", "coordinates": [ 101.3536525, 3.10093588 ] } },
{ "type": "Feature", "properties": { "Field1": "Klang", "Field2": "Klang", "Field3": "Masjid Dato Dagang kampung Jawa", "Field4": "Batu 1 1/2 Jalan Kota Raja,Kampung Jawa", "Field5": null, "Field6": "3.0289587199999999", "Field7": "101.4611707" }, "geometry": { "type": "Point", "coordinates": [ 101.4611707, 3.02895872 ] } },
{ "type": "Feature", "properties": { "Field1": "Kuala Langat", "Field2": "Telok Panglima Garang", "Field3": "Masjid Al-Amin", "Field4": "Jalan Merak, Kampung Batu 9, Kebun Baharu, 42500 Telok Panglima Garang, Daerah Kuala Langat, Selangor darul Ehsan.", "Field5": null, "Field6": "2.9326669000000001", "Field7": "101.4925568" }, "geometry": { "type": "Point", "coordinates": [ 101.4925568, 2.9326669 ] } },
{ "type": "Feature", "properties": { "Field1": "Kuala Langat", "Field2": "Kelanang", "Field3": "Masjid Al-Azim", "Field4": "Kampung Kelanang, 42700 Banting, Daerah Kuala Langat, Selangor Darul Ehsan.", "Field5": null, "Field6": "2.7977601399999998", "Field7": "101.44213209999999" }, "geometry": { "type": "Point", "coordinates": [ 101.4421321, 2.79776014 ] } },
{ "type": "Feature", "properties": { "Field1": "Kuala Langat", "Field2": "Batu", "Field3": "Masjid Al-Ehsan", "Field4": "Kampung Tembuk, Batu Laut, 42800 Tanjung Sepat, Daerah Kuala Langat, Selangor Darul Ehsan.", "Field5": null, "Field6": "2.6736047300000001", "Field7": "101.5898699" }, "geometry": { "type": "Point", "coordinates": [ 101.5898699, 2.67360473 ] } },
{ "type": "Feature", "properties": { "Field1": "Kuala Langat", "Field2": "Tanjung Dua Belas", "Field3": "Masjid Al-Falah", "Field4": "Kampung Jenjarom, 42600 Jenjarom, Daerah Kuala Langat, Selangor  Darul Ehsan.", "Field5": null, "Field6": "2.8848382199999998", "Field7": "101.51889319999999" }, "geometry": { "type": "Point", "coordinates": [ 101.5188932, 2.88483822 ] } },
{ "type": "Feature", "properties": { "Field1": "Kuala Langat", "Field2": "Telok Panglima Garang", "Field3": "Masjid Al-Firdaus", "Field4": "Kampung Sungai Rambai, 42600 Jenjarom, Selangor Darul Ehsan.", "Field5": null, "Field6": "2.8863015000000001", "Field7": "101.4912381" }, "geometry": { "type": "Point", "coordinates": [ 101.4912381, 2.8863015 ] } },
{ "type": "Feature", "properties": { "Field1": "Kuala Langat", "Field2": "Telok Panglima Garang", "Field3": "Masjid Al-Hidayah", "Field4": "Jalan Klang Banting, Taman Halijahton, 42500 Telok Panglima Garang, Daerah Kuala Langat, Selangor Darul Ehsan.", "Field5": null, "Field6": "2.9046856399999998", "Field7": "101.4670339" }, "geometry": { "type": "Point", "coordinates": [ 101.4670339, 2.90468564 ] } },
{ "type": "Feature", "properties": { "Field1": "Kuala Langat", "Field2": "Bandar", "Field3": "Masjid Al-Islah (Masjid Baru)", "Field4": "Jalan Pusara, Kampung Sungai Buaya, 42700 Banting, Selangor Darul Ehsan.", "Field5": null, "Field6": "2.8643626900000001", "Field7": "101.4572321" }, "geometry": { "type": "Point", "coordinates": [ 101.4572321, 2.86436269 ] } },
{ "type": "Feature", "properties": { "Field1": "Kuala Langat", "Field2": "Bandar", "Field3": "Masjid Al-Islah (Masjid Lama)", "Field4": "Kampung Sawah, Kuala Langat, 42700 Banting, Selangor Darul Ehsan.", "Field5": null, "Field6": "2.86776199", "Field7": "101.453739" }, "geometry": { "type": "Point", "coordinates": [ 101.453739, 2.86776199 ] } },
{ "type": "Feature", "properties": { "Field1": "Kuala Langat", "Field2": "Bandar", "Field3": "Masjid Al-Istiqamah", "Field4": "Jalan Sungai Buaya, Kampung Sungai Buaya, Mukim Bandar, Daerah Kuala Langat, 42700 Banting, Selangor Darul Ehsan.", "Field5": null, "Field6": "2.8468513999999998", "Field7": "101.4610514" }, "geometry": { "type": "Point", "coordinates": [ 101.4610514, 2.8468514 ] } },
{ "type": "Feature", "properties": { "Field1": "Kuala Langat", "Field2": "Tanjung Duabelas", "Field3": "Masjid Al-Khairat Kampung Olak Lempit", "Field4": "Kampung Olak Lempit, 42700 Banting, Selangor Selangor Darul Ehsan.", "Field5": null, "Field6": "2.83782486", "Field7": "101.5721178" }, "geometry": { "type": "Point", "coordinates": [ 101.5721178, 2.83782486 ] } },
{ "type": "Feature", "properties": { "Field1": "Kuala Langat", "Field2": "Batu", "Field3": "Masjid Al-Makmur", "Field4": "Jalan Masjid, 42800 Tanjung Sepat, Daerah Kuala Langat, Selangor Darul Ehsan.", "Field5": null, "Field6": "2.6764198299999999", "Field7": "101.5595584" }, "geometry": { "type": "Point", "coordinates": [ 101.5595584, 2.67641983 ] } },
{ "type": "Feature", "properties": { "Field1": "Kuala Langat", "Field2": "Tanjung Dua Belas", "Field3": "Masjid Al-Mutmainah", "Field4": "Jalan Bahagia, Kampung Labohan Dagang, 42700 Banting, Selangor Darul Ehsan.", "Field5": null, "Field6": "2.8030894700000002", "Field7": "101.6180324" }, "geometry": { "type": "Point", "coordinates": [ 101.6180324, 2.80308947 ] } },
{ "type": "Feature", "properties": { "Field1": "Kuala Langat", "Field2": "Jugra", "Field3": "Masjid Al-Muttakin", "Field4": "Jalan Permatang Pasir, Permatang Pasir, 42700 Banting, Selangor", "Field5": null, "Field6": "2.8374668000000001", "Field7": "101.4298704" }, "geometry": { "type": "Point", "coordinates": [ 101.4298704, 2.8374668 ] } },
{ "type": "Feature", "properties": { "Field1": "Kuala Langat", "Field2": "Tanjung Dua Belas", "Field3": "Masjid Al-Raudhah", "Field4": "Jalan Semarak 1, Kampung Sungai Kelambu, Daerah Kuala Langat, 42700 Banting, Selangor Darul Ehsan.", "Field5": null, "Field6": "2.7906506000000002", "Field7": "101.5404776" }, "geometry": { "type": "Point", "coordinates": [ 101.5404776, 2.7906506 ] } },
{ "type": "Feature", "properties": { "Field1": "Kuala Langat", "Field2": "Kelanag", "Field3": "Masjid An-Nur", "Field4": "Jalan Kanchong Tengah, Kampung Kanchong Tengah, 42700 Banting, Kuala Langat, Selangor Darul Ehsan.", "Field5": null, "Field6": "2.7499806800000002", "Field7": "101.4956589" }, "geometry": { "type": "Point", "coordinates": [ 101.4956589, 2.74998068 ] } },
{ "type": "Feature", "properties": { "Field1": "Kuala Langat", "Field2": "Tanjung Dua Belas", "Field3": "Masjid Ar-Rahmah Rancangan Tanah Belia", "Field4": "Lorong Cempaka, Rancangan Tanah Belia Bukit Changgang, Mukim Tanjung 12, Daerah Kuala Langat, Selangor Darul Ehsan.", "Field5": null, "Field6": "2.8032470599999999", "Field7": "101.6553304" }, "geometry": { "type": "Point", "coordinates": [ 101.6553304, 2.80324706 ] } },
{ "type": "Feature", "properties": { "Field1": "Kuala Langat", "Field2": "Tanjung Dua Belas", "Field3": "Masjid Ar-Rahman", "Field4": "Kampung Sungai Manggis, Daerah Kuala Langat, 42700 Banting, Selangor Darul Ehsan.", "Field5": null, "Field6": "2.83302575", "Field7": "101.5312921" }, "geometry": { "type": "Point", "coordinates": [ 101.5312921, 2.83302575 ] } },
{ "type": "Feature", "properties": { "Field1": "Kuala Langat", "Field2": "Tanjung Dua Belas", "Field3": "Masjid Ar-Rohmaniah, Kampung Sungai Lang", "Field4": "Kampung Sungai Lang, Daerah Kuala Langat, 42700 Banting, Selangor Darul Ehsan", "Field5": null, "Field6": "2.7936766199999998", "Field7": "101.5047284" }, "geometry": { "type": "Point", "coordinates": [ 101.5047284, 2.79367662 ] } },
{ "type": "Feature", "properties": { "Field1": "Kuala Langat", "Field2": "Tanjung Dua Belas", "Field3": "Masjid As-Sobirin", "Field4": "Jalan Perak Kanan, Kampung Bukit Changgang, Daerah Kuala Langat, 42700 Banting, Selangor Darul Ehsan.", "Field5": null, "Field6": "2.8297408000000002", "Field7": "101.62887980000001" }, "geometry": { "type": "Point", "coordinates": [ 101.6288798, 2.8297408 ] } },
{ "type": "Feature", "properties": { "Field1": "Kuala Langat", "Field2": "Tanjung Dua Belas", "Field3": "Masjid As-Syarif", "Field4": "Jalan Teratai, Taman Seri Banting, Telok Datok, 42700 Bnating, Daerah Kuala Langat, Selangor Darul Ehsan.", "Field5": null, "Field6": "2.81828134", "Field7": "101.52028919999999" }, "geometry": { "type": "Point", "coordinates": [ 101.5202892, 2.81828134 ] } },
{ "type": "Feature", "properties": { "Field1": "Kuala Langat", "Field2": "Tanjung Dua Belas", "Field3": "Masjid At-Taqwa", "Field4": "Jalan Sultan Abdul Samad, Taman Setia Jaya, 42700 Banting, Daerah Kuala Langat, Selangor Darul Ehsan.", "Field5": null, "Field6": "2.81098085", "Field7": "101.49187259999999" }, "geometry": { "type": "Point", "coordinates": [ 101.4918726, 2.81098085 ] } },
{ "type": "Feature", "properties": { "Field1": "Kuala Langat", "Field2": "Morib", "Field3": "Masjid At-Toyyibin", "Field4": "Jalan Masjid, Kampung Endah, 42700 Banting, Daerah Kuala Langat, Selangor Darul Ehsan.", "Field5": null, "Field6": "2.73275172", "Field7": "101.470063" }, "geometry": { "type": "Point", "coordinates": [ 101.470063, 2.73275172 ] } },
{ "type": "Feature", "properties": { "Field1": "Kuala Langat", "Field2": "Jugra", "Field3": "Masjid Darul Tahsis", "Field4": "Jalan Balai Raya, Kampung Melayu Pulau Carey, 42960 Pulau Carey, Kuala Langat, Selangor Darul Ehsan.", "Field5": null, "Field6": "2.8232915200000002", "Field7": "101.3678987" }, "geometry": { "type": "Point", "coordinates": [ 101.3678987, 2.82329152 ] } },
{ "type": "Feature", "properties": { "Field1": "Kuala Langat", "Field2": "Bandar", "Field3": "Masjid Diraja Sultan Ala'eddin", "Field4": "Kampung Bandar, 42700 Banting, Daerah Kuala Langat, Selangor Darul Ehsan.", "Field5": null, "Field6": "2.8632910699999998", "Field7": "101.4398245" }, "geometry": { "type": "Point", "coordinates": [ 101.4398245, 2.86329107 ] } },
{ "type": "Feature", "properties": { "Field1": "Kuala Langat", "Field2": "Tanjung Dua Belas", "Field3": "Masjid Ihsan Kampung Sungai Lang Tengah", "Field4": "Jalan Sungai Lang, Kampung Sungai Lang Tengah, Daerah Kuala Langat, 42700 Banting, Selangor Darul Ehsan.", "Field5": null, "Field6": "2.7895848700000001", "Field7": "101.5216862" }, "geometry": { "type": "Point", "coordinates": [ 101.5216862, 2.78958487 ] } },
{ "type": "Feature", "properties": { "Field1": "Kuala Langat", "Field2": "Batu", "Field3": "Masjid Inayatur Rahman", "Field4": "Kampung Batu Laut, 42700 Banting, Daerah Kuala Langat, Selangor Darul Ehsan.", "Field5": null, "Field6": "2.67729762", "Field7": "101.5112372" }, "geometry": { "type": "Point", "coordinates": [ 101.5112372, 2.67729762 ] } },
{ "type": "Feature", "properties": { "Field1": "Kuala Langat", "Field2": "Kelanang", "Field3": "Masjid Jamek As-Solehin", "Field4": "Jalan Sultan Alam Shah, Kampung Kanchong Darat, 42700 Banting, Daerah Kuala Langat, Selangor Darul Ehsan.", "Field5": null, "Field6": "2.7907869000000001", "Field7": "101.4847216" }, "geometry": { "type": "Point", "coordinates": [ 101.4847216, 2.7907869 ] } },
{ "type": "Feature", "properties": { "Field1": "Kuala Langat", "Field2": "Morib", "Field3": "Masjid Jamek Jamaiyah Kampung Morib", "Field4": "Jalan Pantai Morib, Morib, Daerah Kuala Langat, 42700 Banting, Selangor darul Ehsan.", "Field5": null, "Field6": "2.7512673699999999", "Field7": "101.4445498" }, "geometry": { "type": "Point", "coordinates": [ 101.4445498, 2.75126737 ] } },
{ "type": "Feature", "properties": { "Field1": "Kuala Langat", "Field2": "Telok Panglima Garang", "Field3": "Masjid Jami'ul Ehsani", "Field4": "Jalan Pusara, Kampung Sijangkang, Kuala Langat, 42500 Telok Panglima Garang, Selangor Darul Ehsan.", "Field5": null, "Field6": "2.9392409599999998", "Field7": "101.4457457" }, "geometry": { "type": "Point", "coordinates": [ 101.4457457, 2.93924096 ] } },
{ "type": "Feature", "properties": { "Field1": "Kuala Langat", "Field2": "Telok Panglima Garang", "Field3": "Masjid Jamiah Al-Islamiah", "Field4": "Batu 9, Kampung Medan, 42500 Telok Panglima Garang, Kuala Langat, Selangor Darul Ehsan.", "Field5": null, "Field6": "2.93001924", "Field7": "101.4728375" }, "geometry": { "type": "Point", "coordinates": [ 101.4728375, 2.93001924 ] } },
{ "type": "Feature", "properties": { "Field1": "Kuala Langat", "Field2": "Batu", "Field3": "Masjid Jamiul Muhsinin", "Field4": "Jalan Masjid, Kampung Kundang, 42800 Tanjong Sepat, Kuala Langat, Selangor Darul Ehsan.", "Field5": null, "Field6": "2.6805996900000002", "Field7": "101.5348869" }, "geometry": { "type": "Point", "coordinates": [ 101.5348869, 2.68059969 ] } },
{ "type": "Feature", "properties": { "Field1": "Kuala Langat", "Field2": "Batu", "Field3": "Masjid Kampung Ladang Batu", "Field4": "Kampung Ladang Batu, Mukim Batu, 42700 Banting, Daerah Kuala Langat, Selangor Darul Ehsan.", "Field5": null, "Field6": "2.7104577299999999", "Field7": "101.52256610000001" }, "geometry": { "type": "Point", "coordinates": [ 101.5225661, 2.71045773 ] } },
{ "type": "Feature", "properties": { "Field1": "Kuala Langat", "Field2": "Tanjung Dua Belas", "Field3": "Masjid Nurul Hidayah", "Field4": "Batu 3, Kampung Seri Cheeding, 42700 Banting, Daerah Kuala Langat, Selangor Darul Ehsan.", "Field5": null, "Field6": "2.8864075800000002", "Field7": "101.5509429" }, "geometry": { "type": "Point", "coordinates": [ 101.5509429, 2.88640758 ] } },
{ "type": "Feature", "properties": { "Field1": "Kuala Langat", "Field2": "Tanjung Dua Belas", "Field3": "Masjid Nurul Huda", "Field4": "Kampung Olak Lempit, Mukim Tanjung 12, Daerah Kuala Langat, 42700 Banting, Selangor Darul Ehsan.", "Field5": null, "Field6": "2.8375148299999999", "Field7": "101.58596900000001" }, "geometry": { "type": "Point", "coordinates": [ 101.585969, 2.83751483 ] } },
{ "type": "Feature", "properties": { "Field1": "Kuala Langat", "Field2": "Tanjung Dua Belas", "Field3": "Masjid Nurul Iman", "Field4": "Jalan Masjid, Batu 10, Kebun Baharu, 42500 Telok Panglima Garang, Kuala Langat, Selangor Darul Ehsan.", "Field5": null, "Field6": "2.9139858900000002", "Field7": "101.49119" }, "geometry": { "type": "Point", "coordinates": [ 101.49119, 2.91398589 ] } },
{ "type": "Feature", "properties": { "Field1": "Kuala Langat", "Field2": "Jugra", "Field3": "Masjid Sultan Abdul Samad", "Field4": "Kampung Seri Jugra, Mukim Jugra, 42700 Banting, Daerah Kuala Langat, Selangor Darul Ehsan.", "Field5": null, "Field6": "2.8171975800000002", "Field7": "101.4488143" }, "geometry": { "type": "Point", "coordinates": [ 101.4488143, 2.81719758 ] } },
{ "type": "Feature", "properties": { "Field1": "Kuala Selangor", "Field2": "Kuala Selangor", "Field3": "Masjid Ahmadiah", "Field4": "Kampung Hujung Permatang, 45000 Kuala Selangor, Selangor Darul Ehsan", "Field5": null, "Field6": "3.3832977299999998", "Field7": "101.2502638" }, "geometry": { "type": "Point", "coordinates": [ 101.2502638, 3.38329773 ] } },
{ "type": "Feature", "properties": { "Field1": "Kuala Selangor", "Field2": "Jeram", "Field3": "Masjid Al-Falah", "Field4": "Jalan Rezab Masjid, Kampung Bukit Cherakah, 45800 Jeram, Selangor Darul Ehsan", "Field5": null, "Field6": "3.2725195999999999", "Field7": "101.3577732" }, "geometry": { "type": "Point", "coordinates": [ 101.3577732, 3.2725196 ] } },
{ "type": "Feature", "properties": { "Field1": "Kuala Selangor", "Field2": "Permatang", "Field3": "Masjid Al-Hidayah", "Field4": "Batu 4, Kampung Sungai Terap, 45500 Tanjong Karang, Selangor Darul Ehsan", "Field5": null, "Field6": "3.3888740799999999", "Field7": "101.2233801" }, "geometry": { "type": "Point", "coordinates": [ 101.2233801, 3.38887408 ] } },
{ "type": "Feature", "properties": { "Field1": "Kuala Selangor", "Field2": "Ijok", "Field3": "Masjid Alam Jaya", "Field4": "Jalan TIAJ 1/11, Taman Alam Jaya, 43200 Bandar Puncak Alam, Selangor Darul Ehsan", "Field5": null, "Field6": "3.2534656499999999", "Field7": "101.4428513" }, "geometry": { "type": "Point", "coordinates": [ 101.4428513, 3.25346565 ] } },
{ "type": "Feature", "properties": { "Field1": "Kuala Selangor", "Field2": "Kuala Selangor", "Field3": "Masjid An-Nur", "Field4": "Kunci Air Buang, 45500 Tanjong Karang, Selangor Darul Ehsan", "Field5": null, "Field6": "3.4575660400000001", "Field7": "101.1866584" }, "geometry": { "type": "Point", "coordinates": [ 101.1866584, 3.45756604 ] } },
{ "type": "Feature", "properties": { "Field1": "Kuala Selangor", "Field2": "Bestari Jaya", "Field3": "Masjid An-Nuriah", "Field4": "Pekan Bukit Rotan, 45700 Bukit Rotan, Selangor Darul Ehsan", "Field5": null, "Field6": "3.3092347499999999", "Field7": "101.31588120000001" }, "geometry": { "type": "Point", "coordinates": [ 101.3158812, 3.30923475 ] } },
{ "type": "Feature", "properties": { "Field1": "Kuala Selangor", "Field2": "Bestari Jaya", "Field3": "Masjid Ar-Ridzwan", "Field4": "Kampung Bestari Jaya", "Field5": null, "Field6": "3.4226445999999999", "Field7": "101.4453042" }, "geometry": { "type": "Point", "coordinates": [ 101.4453042, 3.4226446 ] } },
{ "type": "Feature", "properties": { "Field1": "Kuala Selangor", "Field2": "Permatang", "Field3": "Masjid At-Taqwa", "Field4": "Kampung Sungai Yu, 45000 Kuala Selangor, Selangor Darul Ehsan", "Field5": null, "Field6": "3.3658522500000001", "Field7": "101.2196215" }, "geometry": { "type": "Point", "coordinates": [ 101.2196215, 3.36585225 ] } },
{ "type": "Feature", "properties": { "Field1": "Kuala Selangor", "Field2": "Jeram", "Field3": "Masjid At-Tohiroh", "Field4": "Jalan Masjid, Kampung Bukit Kerayong, 42200 Jeram, Selangor Darul Ehsan", "Field5": null, "Field6": "3.1976828300000002", "Field7": "101.40235319999999" }, "geometry": { "type": "Point", "coordinates": [ 101.4023532, 3.19768283 ] } },
{ "type": "Feature", "properties": { "Field1": "Kuala Selangor", "Field2": "Batang Berjuntai", "Field3": "Masjid Darul Ibadah", "Field4": "Kampung Harmoni, 45620 Batang Berjuntai, Selangor Darul Ehsan", "Field5": null, "Field6": "3.3137439999999998", "Field7": "101.4183486" }, "geometry": { "type": "Point", "coordinates": [ 101.4183486, 3.313744 ] } },
{ "type": "Feature", "properties": { "Field1": "Kuala Selangor", "Field2": "Jeram", "Field3": "Masjid Darul Salam", "Field4": "Kampung Bukit Kuching, 45800 Jeram, Selangor Darul Ehsan", "Field5": null, "Field6": "3.2716721299999998", "Field7": "101.34313330000001" }, "geometry": { "type": "Point", "coordinates": [ 101.3431333, 3.27167213 ] } },
{ "type": "Feature", "properties": { "Field1": "Kuala Selangor", "Field2": "Tanjong Karang", "Field3": "Masjid Falahiah", "Field4": "Parit 4, Blok P, Sungai Burong, 45400 Sekinchan, Selangor Darul Ehsan", "Field5": null, "Field6": "3.51043262", "Field7": "101.1476282" }, "geometry": { "type": "Point", "coordinates": [ 101.1476282, 3.51043262 ] } },
{ "type": "Feature", "properties": { "Field1": "Kuala Selangor", "Field2": "Tanjong Karang", "Field3": "Masjid Jamek Ar-Rahmah", "Field4": "Batu 12, Sungai Burong, 45500 Tanjong Karang, Selangor Darul Ehsan", "Field5": null, "Field6": "3.4638067000000001", "Field7": "101.1370598" }, "geometry": { "type": "Point", "coordinates": [ 101.1370598, 3.4638067 ] } },
{ "type": "Feature", "properties": { "Field1": "Kuala Selangor", "Field2": "Kuala Selangor", "Field3": "Masjid Jamek At-Taqwa", "Field4": "Kampung Sungai Tengi, Kanan Darat, 45500 Tanjong Karang, Selangor Darul Ehsan", "Field5": null, "Field6": "3.4415228899999999", "Field7": "101.19638209999999" }, "geometry": { "type": "Point", "coordinates": [ 101.1963821, 3.44152289 ] } },
{ "type": "Feature", "properties": { "Field1": "Kuala Selangor", "Field2": "Kuala Selangor", "Field3": "Masjid Jamek Sultan Ibrahim", "Field4": "Pekan Kuala Selangor, Bandar Melawati, 45000 Kuala Selangor, Selangor Darul Ehsan", "Field5": null, "Field6": "3.3284496899999998", "Field7": "101.2579076" }, "geometry": { "type": "Point", "coordinates": [ 101.2579076, 3.32844969 ] } },
{ "type": "Feature", "properties": { "Field1": "Kuala Selangor", "Field2": "Bestari Jaya", "Field3": "Masjid Jamiul Hasanat", "Field4": "Jalan Masjid, Kampung Jaya Setia, 45600 Bestari Jaya, Selangor Darul Ehsan", "Field5": null, "Field6": "3.3646021400000001", "Field7": "101.4224081" }, "geometry": { "type": "Point", "coordinates": [ 101.4224081, 3.36460214 ] } },
{ "type": "Feature", "properties": { "Field1": "Kuala Selangor", "Field2": "Batang Berjuntai", "Field3": "Masjid Jamiul Hasanat", "Field4": "Jalan Jaya Setia, Kampung Jaya Setia, 45000 Batang Berjuntai, Selangor Darul Ehsan", "Field5": null, "Field6": "3.3646021400000001", "Field7": "101.4224081" }, "geometry": { "type": "Point", "coordinates": [ 101.4224081, 3.36460214 ] } },
{ "type": "Feature", "properties": { "Field1": "Kuala Selangor", "Field2": "Jeram", "Field3": "Masjid Jamiul Redzuan", "Field4": "Pekan Jeram, 45000 Jeram, Selangor Darul Ehsan", "Field5": null, "Field6": "3.2245430800000001", "Field7": "101.31458790000001" }, "geometry": { "type": "Point", "coordinates": [ 101.3145879, 3.22454308 ] } },
{ "type": "Feature", "properties": { "Field1": "Kuala Selangor", "Field2": "Tanjong Karang", "Field3": "Masjid Nurul Ehsan", "Field4": "Jalan Kemudi, Kampung Seri Tiram Jaya, 45500 Tanjong Karang, Selangor Darul Ehsan", "Field5": null, "Field6": "3.4496049100000001", "Field7": "101.24058599999999" }, "geometry": { "type": "Point", "coordinates": [ 101.240586, 3.44960491 ] } },
{ "type": "Feature", "properties": { "Field1": "Kuala Selangor", "Field2": "Bestari Jaya", "Field3": "Masjid Nurul Iman", "Field4": "Batu 8, Kampung Ijok, 45620 Bestari Jaya, Selangor Darul Ehsan", "Field5": null, "Field6": "3.31288582", "Field7": "101.4011995" }, "geometry": { "type": "Point", "coordinates": [ 101.4011995, 3.31288582 ] } },
{ "type": "Feature", "properties": { "Field1": "Kuala Selangor", "Field2": "Kuala Selangor", "Field3": "Masjid Pekan Kuala Selangor", "Field4": "Pekan Kuala Selangor, 45000 Kuala Selangor, Selangor Darul Ehsan", "Field5": null, "Field6": "3.3414516399999998", "Field7": "101.2487139" }, "geometry": { "type": "Point", "coordinates": [ 101.2487139, 3.34145164 ] } },
{ "type": "Feature", "properties": { "Field1": "Kuala Selangor", "Field2": "Jeram", "Field3": "Masjid Pekan Sungai Buloh", "Field4": "Pekan Sungai Buloh, 45800 Jeram, Selangor Darul Ehsan", "Field5": null, "Field6": "3.2571684400000001", "Field7": "101.30662510000001" }, "geometry": { "type": "Point", "coordinates": [ 101.3066251, 3.25716844 ] } },
{ "type": "Feature", "properties": { "Field1": "Kuala Selangor", "Field2": "Ijok", "Field3": "Masjid Puncak Alam", "Field4": "Persiaran Puncak Alam 1, 42300 Bandar Puncak Alam, Selangor Darul Ehsan", "Field5": null, "Field6": "3.23439006", "Field7": "101.42641039999999" }, "geometry": { "type": "Point", "coordinates": [ 101.4264104, 3.23439006 ] } },
{ "type": "Feature", "properties": { "Field1": "Kuala Selangor", "Field2": "ijok", "Field3": "Masjid Saujana Utama", "Field4": "Jalan Jati 3, Saujana Utama, Country Resort, Ijok Kuala Selangor, Selangor Darul Ehsan", "Field5": null, "Field6": "3.2023481999999999", "Field7": "101.488518" }, "geometry": { "type": "Point", "coordinates": [ 101.488518, 3.2023482 ] } },
{ "type": "Feature", "properties": { "Field1": "Petaling", "Field2": "Damansara", "Field3": "Masjid Abu Bakar As-Siddiq", "Field4": "Jalan SS 19/7A, 47500 Subang Jaya, Selangor Darul Ehsan", "Field5": null, "Field6": "3.06727017", "Field7": "101.5782416" }, "geometry": { "type": "Point", "coordinates": [ 101.5782416, 3.06727017 ] } },
{ "type": "Feature", "properties": { "Field1": "Petaling", "Field2": "Damansara", "Field3": "Masjid Al- Mukarramah", "Field4": "Jalan Saga SD 8/1, Bandar Sri Damansara, 47300 Petaling Jaya, Selangor Darul Ehsan", "Field5": null, "Field6": "3.1914654800000002", "Field7": "101.61407610000001" }, "geometry": { "type": "Point", "coordinates": [ 101.6140761, 3.19146548 ] } },
{ "type": "Feature", "properties": { "Field1": "Petaling", "Field2": "Damansara", "Field3": "Masjid Al-Amin", "Field4": "Jalan 3, KM 14, Taman Tenaga, 47100 Puchong, Selangor Darul Ehsan", "Field5": null, "Field6": "3.05463307", "Field7": "101.6301824" }, "geometry": { "type": "Point", "coordinates": [ 101.6301824, 3.05463307 ] } },
{ "type": "Feature", "properties": { "Field1": "Petaling", "Field2": "Petaling", "Field3": "Masjid Al-Amin", "Field4": "Jalan Jelawat Satu 17/1A, Seksyen 17, 40200 Shah Alam, Selangor Darul Ehsan", "Field5": null, "Field6": "3.0423409499999998", "Field7": "101.5012773" }, "geometry": { "type": "Point", "coordinates": [ 101.5012773, 3.04234095 ] } },
{ "type": "Feature", "properties": { "Field1": "Petaling", "Field2": "Petaling", "Field3": "Masjid Al-Azhariah", "Field4": "Jalan Kepau 18/3, Seksyen 18, 40200 Shah Alam, Selangor Darul Ehsan", "Field5": null, "Field6": "3.0453373400000001", "Field7": "101.5192066" }, "geometry": { "type": "Point", "coordinates": [ 101.5192066, 3.04533734 ] } },
{ "type": "Feature", "properties": { "Field1": "Petaling", "Field2": "Petaling", "Field3": "Masjid Al-Barokah", "Field4": "Bukit Cherakah, 41050 Klang, Selangor Darul Ehsan", "Field5": null, "Field6": "3.1747416199999998", "Field7": "101.45525859999999" }, "geometry": { "type": "Point", "coordinates": [ 101.4552586, 3.17474162 ] } },
{ "type": "Feature", "properties": { "Field1": "Petaling", "Field2": "Petaling", "Field3": "Masjid Al-Ehsan", "Field4": "Jalan Jeli 24/25, Seksyen 24, 40300 Shah Alam, Selangor Darul Ehsan", "Field5": null, "Field6": "3.03652218", "Field7": "101.5183359" }, "geometry": { "type": "Point", "coordinates": [ 101.5183359, 3.03652218 ] } },
{ "type": "Feature", "properties": { "Field1": "Petaling", "Field2": "Petaling", "Field3": "Masjid Al-Ehsan", "Field4": "Jalan SS 4A/U, Kelana Jaya 47301 Petaling Jaya, Selangor Darul Ehsan", "Field5": null, "Field6": "3.1081302700000002", "Field7": "101.60886619999999" }, "geometry": { "type": "Point", "coordinates": [ 101.6088662, 3.10813027 ] } },
{ "type": "Feature", "properties": { "Field1": "Petaling", "Field2": "Damansara", "Field3": "Masjid Al-Ehsan", "Field4": "Jalan Bk 5/2, Bandar Kinrara, 47300 Petaling Jaya, Selangor Darul Ehsan", "Field5": null, "Field6": "3.0453252800000001", "Field7": "101.6450967" }, "geometry": { "type": "Point", "coordinates": [ 101.6450967, 3.04532528 ] } },
{ "type": "Feature", "properties": { "Field1": "Petaling", "Field2": "Sungai Buloh", "Field3": "Masjid Al-Falah", "Field4": "Batu 2 1/2, Kampung Budiman, Seksyen U14, Shah Alam, Selangor Darul Ehsan", "Field5": null, "Field6": "3.15760592", "Field7": "101.4703519" }, "geometry": { "type": "Point", "coordinates": [ 101.4703519, 3.15760592 ] } },
{ "type": "Feature", "properties": { "Field1": "Petaling", "Field2": "Petaling", "Field3": "Masjid Al-Falah", "Field4": "Jalan Usj 9/1, 47620 Subang Jaya, Selangor Darul Ehsan", "Field5": null, "Field6": "3.0453337999999999", "Field7": "101.5875322" }, "geometry": { "type": "Point", "coordinates": [ 101.5875322, 3.0453338 ] } },
{ "type": "Feature", "properties": { "Field1": "Petaling", "Field2": "Petaling", "Field3": "Masjid Al-Hidayah", "Field4": "Jalan SS 3/44, Kelana Jaya, 47300 Petaling Jaya, Selangor Darul Ehsan", "Field5": null, "Field6": "3.1012364699999999", "Field7": "101.6079458" }, "geometry": { "type": "Point", "coordinates": [ 101.6079458, 3.10123647 ] } },
{ "type": "Feature", "properties": { "Field1": "Petaling", "Field2": "Petaling", "Field3": "Masjid Al-Hidayah", "Field4": "Jalan SS 3/44, Kelana Jaya, 47300 Petaling Jaya, Selangor Darul Ehsan", "Field5": null, "Field6": "3.1012364699999999", "Field7": "101.6079458" }, "geometry": { "type": "Point", "coordinates": [ 101.6079458, 3.10123647 ] } },
{ "type": "Feature", "properties": { "Field1": "Petaling", "Field2": "Petaling", "Field3": "Masjid Al-Hidayah", "Field4": "Jalan 18/1, Seksyen 18, 40200 Shah Alam, Selangor Darul Ehsan", "Field5": null, "Field6": "3.0499942", "Field7": "101.51612369999999" }, "geometry": { "type": "Point", "coordinates": [ 101.5161237, 3.0499942 ] } },
{ "type": "Feature", "properties": { "Field1": "Petaling", "Field2": "Damansara", "Field3": "Masjid Al-Hijrah", "Field4": "Jalan SP 2/6, Taman Subang Perdana, Seksyen U3, 40150 Shah Alam, Selangor Darul Ehsan", "Field5": null, "Field6": "3.1524442499999998", "Field7": "101.54309430000001" }, "geometry": { "type": "Point", "coordinates": [ 101.5430943, 3.15244425 ] } },
{ "type": "Feature", "properties": { "Field1": "Petaling", "Field2": "Sungai Buloh", "Field3": "Masjid Al-Huda", "Field4": "Kampung Paya Jaras, 47000 Sungai Buloh, Selangor Darul Ehsan", "Field5": null, "Field6": "3.2004976900000002", "Field7": "101.550239" }, "geometry": { "type": "Point", "coordinates": [ 101.550239, 3.20049769 ] } },
{ "type": "Feature", "properties": { "Field1": "Petaling", "Field2": "Damansara", "Field3": "Masjid Al-Husna", "Field4": "Jalan PJS 10/22, Bandar Sunway, 46000 Petaling Jaya, Selangor Darul Ehsan", "Field5": null, "Field6": "3.0746367800000001", "Field7": "101.6072518" }, "geometry": { "type": "Point", "coordinates": [ 101.6072518, 3.07463678 ] } },
{ "type": "Feature", "properties": { "Field1": "Petaling", "Field2": "Damansara", "Field3": "Masjid Al-Husna", "Field4": "Jalan Wawasan 5/3, Pusat Bandar Puchong, 47100 Puchong, Selangor Darul Ehsan", "Field5": null, "Field6": "3.02798649", "Field7": "101.6262414" }, "geometry": { "type": "Point", "coordinates": [ 101.6262414, 3.02798649 ] } },
{ "type": "Feature", "properties": { "Field1": "Petaling", "Field2": "Sungai Buloh", "Field3": "Masjid Al-Ikhlas", "Field4": "Sekyen U4, Shah Alam", "Field5": null, "Field6": "3.1631773299999999", "Field7": "101.5583192" }, "geometry": { "type": "Point", "coordinates": [ 101.5583192, 3.16317733 ] } },
{ "type": "Feature", "properties": { "Field1": "Petaling", "Field2": "Damansara", "Field3": "Masjid Al-Ikhlas", "Field4": "Jalan Lompat Pagar 13/37, Seksyen 13, Shah Alam, Selangor Darul Ehsan", "Field5": null, "Field6": "3.0869455399999999", "Field7": "101.544732" }, "geometry": { "type": "Point", "coordinates": [ 101.544732, 3.08694554 ] } },
{ "type": "Feature", "properties": { "Field1": "Petaling", "Field2": "Damansara", "Field3": "Masjid Al-Islah", "Field4": "Jalan SR 7/7, Taman Serdang Raya, 43300 Seri Kembangan, Selangor Darul Ehsan", "Field5": null, "Field6": "3.04311094", "Field7": "101.7033599" }, "geometry": { "type": "Point", "coordinates": [ 101.7033599, 3.04311094 ] } },
{ "type": "Feature", "properties": { "Field1": "Petaling", "Field2": "Petaling", "Field3": "Masjid Al-Islamiah", "Field4": "Jalan PJS 6/4D, Kampung Lindungan, Sungai Way, 47300 Petaling Jaya, Selangor Darul Ehsan", "Field5": null, "Field6": "3.0774983100000002", "Field7": "101.6176035" }, "geometry": { "type": "Point", "coordinates": [ 101.6176035, 3.07749831 ] } },
{ "type": "Feature", "properties": { "Field1": "Petaling", "Field2": "Damansara", "Field3": "Masjid Al-Istiqamah", "Field4": "Kampung Sri Langkas Tambahan, Batu 13, Jalan Klang, 47100 Puchong, Selangor Darul Ehsan", "Field5": null, "Field6": "3.00928306", "Field7": "101.5956254" }, "geometry": { "type": "Point", "coordinates": [ 101.5956254, 3.00928306 ] } },
{ "type": "Feature", "properties": { "Field1": "Petaling", "Field2": "Sungai Buloh", "Field3": "Masjid Al-Istiqamah", "Field4": "Jalan Jingga U9/39, Kayangan Heights, 40150 Shah Alam, Selangor Darul Ehsan", "Field5": null, "Field6": "3.14803276", "Field7": "101.51521889999999" }, "geometry": { "type": "Point", "coordinates": [ 101.5152189, 3.14803276 ] } },
{ "type": "Feature", "properties": { "Field1": "Petaling", "Field2": "Damansara", "Field3": "Masjid Al-Itisam", "Field4": "Jalan Sastera U2/1, Seksyen U2, 40150 Shah Alam, Selangor Darul Ehsan", "Field5": null, "Field6": "3.1050468699999998", "Field7": "101.5575758" }, "geometry": { "type": "Point", "coordinates": [ 101.5575758, 3.10504687 ] } },
{ "type": "Feature", "properties": { "Field1": "Petaling", "Field2": "Petaling", "Field3": "Masjid Al-Kautsar", "Field4": "Bandar Utama (BU 12), 47300 Petaling Jaya, Selangor Darul Ehsan", "Field5": null, "Field6": "3.12593656", "Field7": "101.60686250000001" }, "geometry": { "type": "Point", "coordinates": [ 101.6068625, 3.12593656 ] } },
{ "type": "Feature", "properties": { "Field1": "Petaling", "Field2": "Damansara", "Field3": "Masjid Al-Madaniah", "Field4": "Pekan Subang Jaya, USJ 18, 47620 Subang Jaya, Selangor Darul Ehsan", "Field5": null, "Field6": "3.0313156299999999", "Field7": "101.5844082" }, "geometry": { "type": "Point", "coordinates": [ 101.5844082, 3.03131563 ] } },
{ "type": "Feature", "properties": { "Field1": "Petaling", "Field2": "Sungai Buloh", "Field3": "Masjid Al-Makmuriah", "Field4": "Kampung Sungai Ara, 47300 Petaling Jaya, Selangor Darul Ehsan", "Field5": null, "Field6": "3.13541816", "Field7": "101.6129095" }, "geometry": { "type": "Point", "coordinates": [ 101.6129095, 3.13541816 ] } },
{ "type": "Feature", "properties": { "Field1": "Petaling", "Field2": "Damansara", "Field3": "Masjid Al-Muhajirin", "Field4": "Pengkalan TUDM Subang, 40000 Shah Alam, Selangor Darul Ehsan", "Field5": null, "Field6": "3.1128838399999998", "Field7": "101.5462021" }, "geometry": { "type": "Point", "coordinates": [ 101.5462021, 3.11288384 ] } },
{ "type": "Feature", "properties": { "Field1": "Petaling", "Field2": "Sungai Buloh", "Field3": "Masjid Al-Muhtadin", "Field4": "Jalan PJU 10/1D, Damansara Damai, 47000 Sungai Buloh, Selangor Darul Ehsan", "Field5": null, "Field6": "3.1946197399999998", "Field7": "101.5956879" }, "geometry": { "type": "Point", "coordinates": [ 101.5956879, 3.19461974 ] } },
{ "type": "Feature", "properties": { "Field1": "Petaling", "Field2": "Damansara", "Field3": "Masjid Al-Mujahideen", "Field4": "Jalan SS 21/23, Damansara Utama, 47300 Petaling Jaya, Selangor Darul Ehsan", "Field5": null, "Field6": "3.13867523", "Field7": "101.6204577" }, "geometry": { "type": "Point", "coordinates": [ 101.6204577, 3.13867523 ] } },
{ "type": "Feature", "properties": { "Field1": "Petaling", "Field2": "Damansara", "Field3": "Masjid Al-Mukminun", "Field4": "Jalan Usj 2/4S, UEP Subang Jaya, 47600 Subang Jaya, Selangor Darul Ehsan", "Field5": null, "Field6": "3.0600638199999999", "Field7": "101.58531739999999" }, "geometry": { "type": "Point", "coordinates": [ 101.5853174, 3.06006382 ] } },
{ "type": "Feature", "properties": { "Field1": "Petaling", "Field2": "Petaling", "Field3": "Masjid Al-Munawwarah", "Field4": "Pusat Bandar Hicom, Jalan Kemensah 24/53, Seksyen 27, 40400 Shah Alam, Selangor Darul Ehsan", "Field5": null, "Field6": "3.0141026000000002", "Field7": "101.5661209" }, "geometry": { "type": "Point", "coordinates": [ 101.5661209, 3.0141026 ] } },
{ "type": "Feature", "properties": { "Field1": "Petaling", "Field2": "Damansara", "Field3": "Masjid Al-Muttaqin", "Field4": "Jalan Putra Permai 2, Taman Equine, Bandar Putra Permai, 43300 Seri Kembangan, Selangor Darul Ehsan", "Field5": null, "Field6": "2.9921650299999998", "Field7": "101.6686607" }, "geometry": { "type": "Point", "coordinates": [ 101.6686607, 2.99216503 ] } },
{ "type": "Feature", "properties": { "Field1": "Petaling", "Field2": "Petaling", "Field3": "Masjid Aminah Al-Muhairi", "Field4": "Jalan SS 2/6, Sea Park, 47300 Petaling Jaya, Selangor Darul Ehsan", "Field5": null, "Field6": "3.1125123700000001", "Field7": "101.61343890000001" }, "geometry": { "type": "Point", "coordinates": [ 101.6134389, 3.11251237 ] } },
{ "type": "Feature", "properties": { "Field1": "Petaling", "Field2": "Damansara", "Field3": "Masjid An-Nur", "Field4": "No. 6, Jalan Usj4/1N, UEP Subang Jaya, 47600 Subang Jaya, Selangor Darul Ehsan", "Field5": null, "Field6": "3.0572748999999999", "Field7": "101.5765677" }, "geometry": { "type": "Point", "coordinates": [ 101.5765677, 3.0572749 ] } },
{ "type": "Feature", "properties": { "Field1": "Petaling", "Field2": "Sungai Buloh", "Field3": "Masjid An-Nur", "Field4": "Jalan Chengal, Kampung Melayu Subang Tambahan, Mukim Sungai Buloh, 47300 Petaling Jaya, Selangor Darul Ehsan", "Field5": null, "Field6": "3.1501370400000002", "Field7": "101.5325521" }, "geometry": { "type": "Point", "coordinates": [ 101.5325521, 3.15013704 ] } },
{ "type": "Feature", "properties": { "Field1": "Petaling", "Field2": "Sungai Buloh", "Field3": "Masjid An-Nur", "Field4": "Jalan Chengal, Kampung Melayu Subang, 40150 Shah Alam, Selangor Darul Ehsan", "Field5": null, "Field6": "3.15013677", "Field7": "101.5325524" }, "geometry": { "type": "Point", "coordinates": [ 101.5325524, 3.15013677 ] } },
{ "type": "Feature", "properties": { "Field1": "Petaling", "Field2": "Damansara", "Field3": "Masjid Ar-Rahmah", "Field4": "No. 26, Kampung Damansara Baru, 46400 Petaling Jaya, Selangor Darul Ehsan", "Field5": null, "Field6": "3.1290724600000002", "Field7": "101.6316569" }, "geometry": { "type": "Point", "coordinates": [ 101.6316569, 3.12907246 ] } },
{ "type": "Feature", "properties": { "Field1": "Petaling", "Field2": "Petaling", "Field3": "Masjid Ar-Rahman", "Field4": "Jalan SS 9/16, Sungai Way Baru, Seri Setia, 47300 Petaling Jaya, Selangor Darul Ehsan", "Field5": null, "Field6": "3.0860904200000001", "Field7": "101.6175274" }, "geometry": { "type": "Point", "coordinates": [ 101.6175274, 3.08609042 ] } },
{ "type": "Feature", "properties": { "Field1": "Petaling", "Field2": "Petaling", "Field3": "Masjid Ar-Ridhwani", "Field4": "Jalan SS9A/88, Sungai Way Baru, Seri Setia, 47300 Petaling Jaya, Selangor Darul Ehsan", "Field5": null, "Field6": "3.09067275", "Field7": "101.6178034" }, "geometry": { "type": "Point", "coordinates": [ 101.6178034, 3.09067275 ] } },
{ "type": "Feature", "properties": { "Field1": "Petaling", "Field2": "Sungai Buloh", "Field3": "Masjid Ara Damansara", "Field4": "Jalan PJU 1A/37, Ara Damansara, Selangor Darul Ehsan", "Field5": null, "Field6": "3.11718158", "Field7": "101.5837058" }, "geometry": { "type": "Point", "coordinates": [ 101.5837058, 3.11718158 ] } },
{ "type": "Feature", "properties": { "Field1": "Petaling", "Field2": "Petaling", "Field3": "Masjid As-Salam", "Field4": "Jalan PJS 1/21, Taman Petaling Utama 46150 Petaling Jaya, Selangor Darul Ehsan", "Field5": null, "Field6": "3.0781258199999999", "Field7": "101.64376420000001" }, "geometry": { "type": "Point", "coordinates": [ 101.6437642, 3.07812582 ] } },
{ "type": "Feature", "properties": { "Field1": "Petaling", "Field2": "Damansara", "Field3": "Masjid As-Salam", "Field4": "Jalan Persiaran Puchong Perdana, 47100 Puchong, Selangor Darul Ehsan", "Field5": null, "Field6": "3.0094552299999999", "Field7": "101.6078177" }, "geometry": { "type": "Point", "coordinates": [ 101.6078177, 3.00945523 ] } },
{ "type": "Feature", "properties": { "Field1": "Petaling", "Field2": "Damansara", "Field3": "Masjid As-Syakirin", "Field4": "Jalan PU 10/13, Fasa 4, Taman Puchong Utama, 47100 Puchong, Selangor Darul Ehsan", "Field5": null, "Field6": "2.9813706400000002", "Field7": "101.6108512" }, "geometry": { "type": "Point", "coordinates": [ 101.6108512, 2.98137064 ] } },
{ "type": "Feature", "properties": { "Field1": "Petaling", "Field2": "Damansara", "Field3": "Masjid At-Taqwa", "Field4": "Pusat Perdagangan Subang Permai, 47300 Petaling Jaya, Selangor Darul Ehsan", "Field5": null, "Field6": "3.1410889800000001", "Field7": "101.5262803" }, "geometry": { "type": "Point", "coordinates": [ 101.5262803, 3.14108898 ] } },
{ "type": "Feature", "properties": { "Field1": "Petaling", "Field2": "Sungai Buloh", "Field3": "Masjid Bandar Baru Sungai Buloh", "Field4": "Jalan 3/2, Fasa 3, Bandar Baru Sungai Buloh, 47000 Sungai Buloh, Selangor Darul Ehsan", "Field5": null, "Field6": "3.2012440500000001", "Field7": "101.5579939" }, "geometry": { "type": "Point", "coordinates": [ 101.5579939, 3.20124405 ] } },
{ "type": "Feature", "properties": { "Field1": "Petaling", "Field2": "Petaling", "Field3": "Masjid Bandar Bukit Puhcong", "Field4": "Jalan BP 7/1, Bandar Bukit Puchong, 47100 Puchong, Selangor Darul Ehsan", "Field5": null, "Field6": "2.9805898900000001", "Field7": "101.6207684" }, "geometry": { "type": "Point", "coordinates": [ 101.6207684, 2.98058989 ] } },
{ "type": "Feature", "properties": { "Field1": "Petaling", "Field2": "Sungai Buloh", "Field3": "Masjid Bandar Pinggiran Subang", "Field4": "Jalan Matahari u5/17, Fasa 3, Seksyen U5, Selangor Darul Ehsan", "Field5": null, "Field6": "3.1663283799999999", "Field7": "101.5406318" }, "geometry": { "type": "Point", "coordinates": [ 101.5406318, 3.16632838 ] } },
{ "type": "Feature", "properties": { "Field1": "Petaling", "Field2": "Sungai Buloh", "Field3": "Masjid Bukit Rahman Putra", "Field4": "Bukit Rahman Putra, 47000 Sungai Buloh, Selangor Darul Ehsan", "Field5": null, "Field6": "3.2235442600000002", "Field7": "101.5579489" }, "geometry": { "type": "Point", "coordinates": [ 101.5579489, 3.22354426 ] } },
{ "type": "Feature", "properties": { "Field1": "Petaling", "Field2": "Damansara", "Field3": "Masjid Darul Ehsan", "Field4": "Jalan SS 15/2E, 47620 Subang Jaya, Selangor Darul Ehsan", "Field5": null, "Field6": "3.0805183600000001", "Field7": "101.5855325" }, "geometry": { "type": "Point", "coordinates": [ 101.5855325, 3.08051836 ] } },
{ "type": "Feature", "properties": { "Field1": "Petaling", "Field2": "Damansara", "Field3": "Masjid Darul Salam", "Field4": "Batu 13 1/2, Kampung Pasir, Puchong, Selangor Darul Ehsan", "Field5": null, "Field6": "3.0060055299999999", "Field7": "101.61913199999999" }, "geometry": { "type": "Point", "coordinates": [ 101.619132, 3.00600553 ] } },
{ "type": "Feature", "properties": { "Field1": "Petaling", "Field2": "Damansara", "Field3": "Masjid Fastabiqul Khairat", "Field4": "No. 1, Persiaran Jubli Perak, Seksyen 21, 40150 Shah  Alam, Selangor Darul Ehsan", "Field5": null, "Field6": "3.05931424", "Field7": "101.5573625" }, "geometry": { "type": "Point", "coordinates": [ 101.5573625, 3.05931424 ] } },
{ "type": "Feature", "properties": { "Field1": "Petaling", "Field2": "Petaling", "Field3": "Masjid Glenmarie", "Field4": "Jalan Usahawan, U1/8, Glenmarie, 40150 Shah Alam, Selangor Darul Ehsan", "Field5": null, "Field6": "3.0908513800000001", "Field7": "101.581936" }, "geometry": { "type": "Point", "coordinates": [ 101.581936, 3.09085138 ] } },
{ "type": "Feature", "properties": { "Field1": "Petaling", "Field2": "Damansara", "Field3": "Masjid Jamek Batu 12", "Field4": "No. 22, Jalan SP 5E, Taman Sri Puchong, 47100, Selangor Darul Ehsan", "Field5": null, "Field6": "3.0195335399999998", "Field7": "101.6135531" }, "geometry": { "type": "Point", "coordinates": [ 101.6135531, 3.01953354 ] } },
{ "type": "Feature", "properties": { "Field1": "Petaling", "Field2": "Sungai Buloh", "Field3": "Masjid Jamek Jamiul Ehsan", "Field4": "Kampung Kubu Gajah, 47000 Sungai Buloh, Selangor Darul Ehsan", "Field5": null, "Field6": "3.2033836199999999", "Field7": "101.5149649" }, "geometry": { "type": "Point", "coordinates": [ 101.5149649, 3.20338362 ] } },
{ "type": "Feature", "properties": { "Field1": "Petaling", "Field2": "Petaling", "Field3": "Masjid Jamek Sultan Abdul Aziz", "Field4": "Seksyen 3, KM 8, Jalan Templer, 47300 Petaling Jaya, Selangor Darul Ehsan", "Field5": null, "Field6": "3.09109385", "Field7": "101.6506838" }, "geometry": { "type": "Point", "coordinates": [ 101.6506838, 3.09109385 ] } },
{ "type": "Feature", "properties": { "Field1": "Petaling", "Field2": "Petaling", "Field3": "Masjid Jumhuriah", "Field4": "Jalan 12, Taman Dato Harun, 46000 Petaling Jaya Selatan, Selangor Darul Ehsan", "Field5": null, "Field6": "3.0824579999999999", "Field7": "101.637261" }, "geometry": { "type": "Point", "coordinates": [ 101.637261, 3.082458 ] } },
{ "type": "Feature", "properties": { "Field1": "Petaling", "Field2": "Sungai Buloh", "Field3": "Masjid Kampung Selamat", "Field4": "Kampung Selamat, Jalan Sungai Buloh, 47000 Sungai Buloh, Selangor Darul Ehsan", "Field5": null, "Field6": "3.1990089300000002", "Field7": "101.57965969999999" }, "geometry": { "type": "Point", "coordinates": [ 101.5796597, 3.19900893 ] } },
{ "type": "Feature", "properties": { "Field1": "Petaling", "Field2": "Damansara", "Field3": "Masjid Kampung Seri Aman", "Field4": "Jalan Aman, Kampung Seri Aman, 47100 Puchong, Selangor Darul Ehsan", "Field5": null, "Field6": "2.9863499999999998", "Field7": "101.58617099999999" }, "geometry": { "type": "Point", "coordinates": [ 101.586171, 2.98635 ] } },
{ "type": "Feature", "properties": { "Field1": "Petaling", "Field2": "Petaling", "Field3": "Masjid Kampung Tunku", "Field4": "Jalan SS 1/31, Kampung Tunku, 47100 Petaling Jaya, Selangor Darul Ehsan", "Field5": null, "Field6": "3.1036828000000001", "Field7": "101.61987000000001" }, "geometry": { "type": "Point", "coordinates": [ 101.61987, 3.1036828 ] } },
{ "type": "Feature", "properties": { "Field1": "Petaling", "Field2": "Damansara", "Field3": "Masjid Kariah Batu 14", "Field4": "Batu 14, 47100 Puchong, Selangor Darul Ehsan", "Field5": null, "Field6": "2.99390029", "Field7": "101.6246488" }, "geometry": { "type": "Point", "coordinates": [ 101.6246488, 2.99390029 ] } },
{ "type": "Feature", "properties": { "Field1": "Petaling", "Field2": "Petaling", "Field3": "Masjid Kolej Islam", "Field4": null, "Field5": null, "Field6": "3.1189334999999998", "Field7": "101.6409002" }, "geometry": { "type": "Point", "coordinates": [ 101.6409002, 3.1189335 ] } },
{ "type": "Feature", "properties": { "Field1": "Petaling", "Field2": "Petaling", "Field3": "Masjid Kompleks Haji Kelana Jaya", "Field4": "Kelana Jaya, Daerah Petaling, 47000 Petaling Jaya, Selangor Darul Ehsan", "Field5": null, "Field6": "3.1006369999999999", "Field7": "101.60241600000001" }, "geometry": { "type": "Point", "coordinates": [ 101.602416, 3.100637 ] } },
{ "type": "Feature", "properties": { "Field1": "Petaling", "Field2": "Damansara", "Field3": "Masjid Kompleks Pertanian Serdang", "Field4": "Beg Berkunci 304, Pejabat UPM, Kompleks Pertanian Serdang, 43400 Serdang, Selangor Darul Ehsan", "Field5": null, "Field6": "2.9963960100000002", "Field7": "101.7009848" }, "geometry": { "type": "Point", "coordinates": [ 101.7009848, 2.99639601 ] } },
{ "type": "Feature", "properties": { "Field1": "Petaling", "Field2": "Sungai Buloh", "Field3": "Masjid Kota Damansara", "Field4": "Jalan sepah Puteri 5/21, Kota Damansara, 47810 Petaling Jaya, Selangor Darul Ehsan", "Field5": null, "Field6": "3.1616279999999999", "Field7": "101.587158" }, "geometry": { "type": "Point", "coordinates": [ 101.587158, 3.161628 ] } },
{ "type": "Feature", "properties": { "Field1": "Petaling", "Field2": "Petaling", "Field3": "Masjid Nandhah Al-Islamiah", "Field4": "Jalan 18/42, Seksyen 18, 40200 Shah Alam, Selangor Darul Ehsan", "Field5": null, "Field6": "3.0526550000000001", "Field7": "101.522327" }, "geometry": { "type": "Point", "coordinates": [ 101.522327, 3.052655 ] } },
{ "type": "Feature", "properties": { "Field1": "Petaling", "Field2": "Sungai Buloh", "Field3": "Masjid Nurul Amin", "Field4": "Kampung Merbau Sempak, 470000 Sungai Buloh, Selangor Darul Ehsan", "Field5": null, "Field6": "3.2171259999999999", "Field7": "101.514769" }, "geometry": { "type": "Point", "coordinates": [ 101.514769, 3.217126 ] } },
{ "type": "Feature", "properties": { "Field1": "Petaling", "Field2": "Petaling", "Field3": "Masjid Nurul Ehsan", "Field4": "Jalan PJS 2C/11, Taman Medan, 46000 Petaling Jaya,  Selangor Darul Ehsan", "Field5": null, "Field6": "3.080114", "Field7": "101.628336" }, "geometry": { "type": "Point", "coordinates": [ 101.628336, 3.080114 ] } },
{ "type": "Feature", "properties": { "Field1": "Petaling", "Field2": "Damansara", "Field3": "Masjid Nurul Huda Batu 13", "Field4": "Jalan Masjid, Kampung Kenangan, Batu 13, 47100 Puchong, Selangor Darul Ehsan", "Field5": null, "Field6": "3.02201911", "Field7": "101.59257100000001" }, "geometry": { "type": "Point", "coordinates": [ 101.592571, 3.02201911 ] } },
{ "type": "Feature", "properties": { "Field1": "Petaling", "Field2": "Damansara", "Field3": "Masjid Nurul Iman", "Field4": "Kampung Tengah Puchong, 47100 Pucong, Selangor Darul Ehsan", "Field5": null, "Field6": "3.0146809999999999", "Field7": "101.588859" }, "geometry": { "type": "Point", "coordinates": [ 101.588859, 3.014681 ] } },
{ "type": "Feature", "properties": { "Field1": "Petaling", "Field2": "Damansara", "Field3": "Masjid Qaryah Serdang", "Field4": "Universiti Putra Malaysia, 43400 Seri Kembangan, Selangor Darul Ehsan", "Field5": null, "Field6": "3.0021149999999999", "Field7": "101.716953" }, "geometry": { "type": "Point", "coordinates": [ 101.716953, 3.002115 ] } },
{ "type": "Feature", "properties": { "Field1": "Petaling", "Field2": "Petaling", "Field3": "Masjid Raja Tun Uda", "Field4": "Jalan Persiaran Selangor, Seksyen 16, 40170 Shah Alam, Selangor Darul Ehsan", "Field5": null, "Field6": "3.061445", "Field7": "101.507898" }, "geometry": { "type": "Point", "coordinates": [ 101.507898, 3.061445 ] } },
{ "type": "Feature", "properties": { "Field1": "Petaling", "Field2": "Petaling", "Field3": "Masjid Riadhatus Solihin", "Field4": "Jalan Belanak 17/43, Seksyen 17, 40000 Shah Alam, Selangor Darul Ehsan", "Field5": null, "Field6": "3.04508", "Field7": "101.50821500000001" }, "geometry": { "type": "Point", "coordinates": [ 101.508215, 3.04508 ] } },
{ "type": "Feature", "properties": { "Field1": "Petaling", "Field2": "Petaling", "Field3": "Masjid Riadhussolihin", "Field4": "Jalan 5/4, Taman Serdang Jaya, 43300 Seri Kembangan, Selangor Darul Ehsan", "Field5": null, "Field6": "3.011371", "Field7": "101.705692" }, "geometry": { "type": "Point", "coordinates": [ 101.705692, 3.011371 ] } },
{ "type": "Feature", "properties": { "Field1": "Petaling", "Field2": "Petaling", "Field3": "Masjid Seksyen 7", "Field4": "Jalan Kristal 7/70, Seksyen 7, 40000 Shah Alam, Selangor Darul Ehsan", "Field5": null, "Field6": "3.0716070200000001", "Field7": "101.4815378" }, "geometry": { "type": "Point", "coordinates": [ 101.4815378, 3.07160702 ] } },
{ "type": "Feature", "properties": { "Field1": "Petaling", "Field2": "Petaling", "Field3": "Masjid Seksyen U11", "Field4": "Persiaran Gunung Tahan, Seksyen U11, 40330 Shah Alam, Selangor Darul Ehsan", "Field5": null, "Field6": "3.0955899499999999", "Field7": "101.4962848" }, "geometry": { "type": "Point", "coordinates": [ 101.4962848, 3.09558995 ] } },
{ "type": "Feature", "properties": { "Field1": "Petaling", "Field2": "Petaling", "Field3": "Masjid Setia Alam", "Field4": "Jalan Setia Prima U13/T, Bandar Setia Alam, Seksyen U13, 40170 Shah Alam, Selangor Darul Ehsan", "Field5": null, "Field6": "3.1028769999999999", "Field7": "101.44381799999999" }, "geometry": { "type": "Point", "coordinates": [ 101.443818, 3.102877 ] } },
{ "type": "Feature", "properties": { "Field1": "Petaling", "Field2": "Sungai Buloh", "Field3": "Masjid Subang Bestari", "Field4": "Jalan Nova U5/90 Seksyen U5, Subang Bestari, 40150 Shah Alam, Selangor Darul Ehsan", "Field5": null, "Field6": "3.172021", "Field7": "101.54798599999999" }, "geometry": { "type": "Point", "coordinates": [ 101.547986, 3.172021 ] } },
{ "type": "Feature", "properties": { "Field1": "Petaling", "Field2": "Damansara", "Field3": "Masjid Subang Mewah", "Field4": "Usj 1, Subang Mewah, 47620 Subang Jaya, Selangor Darul Ehsan", "Field5": null, "Field6": "3.0480580000000002", "Field7": "101.601933" }, "geometry": { "type": "Point", "coordinates": [ 101.601933, 3.048058 ] } },
{ "type": "Feature", "properties": { "Field1": "Petaling", "Field2": "Mukim", "Field3": "Masjid Sultan Salahudin Abdul Aziz Shah", "Field4": "Persiaran Damai, Seksyen 14, 40000 Shah Alam, Selangor Darul Ehsan", "Field5": null, "Field6": "3.0786539999999998", "Field7": "101.520698" }, "geometry": { "type": "Point", "coordinates": [ 101.520698, 3.078654 ] } },
{ "type": "Feature", "properties": { "Field1": "Petaling", "Field2": "Sungai Buloh", "Field3": "Masjid Sungai Pelong", "Field4": "Batu 16, Sungai Pelong, 47000 Sungai Buloh, Selangor Darul Ehsan", "Field5": null, "Field6": "3.2108020000000002", "Field7": "101.534677" }, "geometry": { "type": "Point", "coordinates": [ 101.534677, 3.210802 ] } },
{ "type": "Feature", "properties": { "Field1": "Petaling", "Field2": "Damansara", "Field3": "Masjid Taman Bukit Kinrara", "Field4": "Pangsapuri Melor, Jalan TBK 1/10, Taman Bukit Kinrara, 47100 Puchong, Selangor Darul Ehsan", "Field5": null, "Field6": "3.0392329999999999", "Field7": "101.63678400000001" }, "geometry": { "type": "Point", "coordinates": [ 101.636784, 3.039233 ] } },
{ "type": "Feature", "properties": { "Field1": "Petaling", "Field2": "Sungai Buloh", "Field3": "Masjid Taman Bukit Subang", "Field4": "Jalan Metafasa U16/4, Taman Bukit Subang, 40160 Shah Alam, Selangor Darul Ehsan", "Field5": null, "Field6": "3.1719390000000001", "Field7": "101.51467700000001" }, "geometry": { "type": "Point", "coordinates": [ 101.514677, 3.171939 ] } },
{ "type": "Feature", "properties": { "Field1": "Petaling", "Field2": "Damasara", "Field3": "Masjid Taman Lestari Perdana", "Field4": "Taman Lestari Perdana, Seri Kembangan, Selangor Darul Ehsan", "Field5": null, "Field6": "2.9976919999999998", "Field7": "101.664399" }, "geometry": { "type": "Point", "coordinates": [ 101.664399, 2.997692 ] } },
{ "type": "Feature", "properties": { "Field1": "Petaling", "Field2": "Damansara", "Field3": "Masjid Taman Saujana Puchong", "Field4": "Jalan SP 8/1, Taman Saujana Puchong, 47110 Puchong, Selangor Darul Ehsan", "Field5": null, "Field6": "2.9962259900000001", "Field7": "101.63939999999999" }, "geometry": { "type": "Point", "coordinates": [ 101.6394, 2.99622599 ] } },
{ "type": "Feature", "properties": { "Field1": "Petaling", "Field2": "Damansara", "Field3": "Masjid Tengku Ampuan Jemaah", "Field4": "Persiaran Gerbang Utama, Sekyen U8, Bukit Jelutong, 40150 Shah Alam, Selangor Darul Ehsan", "Field5": null, "Field6": "3.099431", "Field7": "101.53908300000001" }, "geometry": { "type": "Point", "coordinates": [ 101.539083, 3.099431 ] } },
{ "type": "Feature", "properties": { "Field1": "Petaling", "Field2": "Petaling", "Field3": "Masjid Tengku Kelana Jaya Petra", "Field4": "Jalan SS7/13, Taman Bandaran, Kelana Jaya, 47300 Petaling Jaya, Selangor Darul Ehsan", "Field5": null, "Field6": "3.0952229999999998", "Field7": "101.595438" }, "geometry": { "type": "Point", "coordinates": [ 101.595438, 3.095223 ] } },
{ "type": "Feature", "properties": { "Field1": "Petaling", "Field2": "Petaling", "Field3": "Masjid Tuanku Mizan", "Field4": "Pusat Islam, Universiti Teknologi Mara, 40540 Shah Alam, Selangor Darul Ehsan", "Field5": null, "Field6": "3.0681479999999999", "Field7": "101.50289100000001" }, "geometry": { "type": "Point", "coordinates": [ 101.502891, 3.068148 ] } },
{ "type": "Feature", "properties": { "Field1": "Petaling", "Field2": "Petaling", "Field3": "Masjid Tun Abdul Aziz", "Field4": "Jalan Semangat, Seksyen 14, 46100 Petaling Jaya, Selangor Darul Ehsan", "Field5": null, "Field6": "3.1123120000000002", "Field7": "101.634038" }, "geometry": { "type": "Point", "coordinates": [ 101.634038, 3.112312 ] } },
{ "type": "Feature", "properties": { "Field1": "Petaling", "Field2": "Petaling", "Field3": "Masjid U10", "Field4": "Persiaran Pulau Angsa, Seksyen U10, 40300 Shah Alam, Selangor Darul Ehsan", "Field5": null, "Field6": "3.131205", "Field7": "101.496003" }, "geometry": { "type": "Point", "coordinates": [ 101.496003, 3.131205 ] } },
{ "type": "Feature", "properties": { "Field1": "Sabak Bernam", "Field2": "Sabak", "Field3": "Masjid Al-Abrar", "Field4": "Kampung Batu 2 Sepintas, 45200 Sabak Bernam, Selangor Darul Ehsan", "Field5": null, "Field6": "3.7873779999999999", "Field7": "101.00981899999999" }, "geometry": { "type": "Point", "coordinates": [ 101.009819, 3.787378 ] } },
{ "type": "Feature", "properties": { "Field1": "Sabak Bernam", "Field2": "Bagan Nakhoda Omar", "Field3": "Masjid Al-Ehsan", "Field4": "Batu 36, Jalan Sekendi, 45200 Sabak Bernam, Selangor Darul Ehsan", "Field5": null, "Field6": "3.7322570000000002", "Field7": "100.939143" }, "geometry": { "type": "Point", "coordinates": [ 100.939143, 3.732257 ] } },
{ "type": "Feature", "properties": { "Field1": "Sabak Bernam", "Field2": "Sabak", "Field3": "Masjid Al-Fitrah", "Field4": "Kampung Banting, 45200 Sabak Bernam, Selangor Darul Ehsan", "Field5": null, "Field6": "3.7588029999999999", "Field7": "100.923484" }, "geometry": { "type": "Point", "coordinates": [ 100.923484, 3.758803 ] } },
{ "type": "Feature", "properties": { "Field1": "Sabak Bernam", "Field2": "Sungai Panjang", "Field3": "Masjid Al-Huda", "Field4": "Parit 13 Sungai Panjang, 45300 Sungai Besar, Selangor Darul Ehsan", "Field5": null, "Field6": "3.728507", "Field7": "101.091497" }, "geometry": { "type": "Point", "coordinates": [ 101.091497, 3.728507 ] } },
{ "type": "Feature", "properties": { "Field1": "Sabak Bernam", "Field2": "Pancang Bedena", "Field3": "Masjid Al-Ijtimai'e", "Field4": "Kampung Tebuk Pulai, 45200 Sabak Bernam, Selangor Darul Ehsan", "Field5": null, "Field6": "3.7224650000000001", "Field7": "100.97678399999999" }, "geometry": { "type": "Point", "coordinates": [ 100.976784, 3.722465 ] } },
{ "type": "Feature", "properties": { "Field1": "Sabak Bernam", "Field2": "Sabak", "Field3": "Masjid Al-Islahiah", "Field4": "Bagan Nakhoda Omar, Kampung Tebok Jawa, 45200 Sabak Bernam, Selangor Darul Ehsan", "Field5": null, "Field6": "3.7797420000000002", "Field7": "100.908884" }, "geometry": { "type": "Point", "coordinates": [ 100.908884, 3.779742 ] } },
{ "type": "Feature", "properties": { "Field1": "Sabak Bernam", "Field2": "Pancang Bedena", "Field3": "Masjid Al-Khairiah", "Field4": "Parit 14 Darat, Simpang Lima, Sungai Nipah 45300 Sungai Besar, Selangor Darul Ehsan", "Field5": null, "Field6": "3.6381059900000001", "Field7": "101.086674" }, "geometry": { "type": "Point", "coordinates": [ 101.086674, 3.63810599 ] } },
{ "type": "Feature", "properties": { "Field1": "Sabak Bernam", "Field2": "Bagan Nakhoda Omar", "Field3": "Masjid Al-Ma'arufiah", "Field4": "Kampung Parit Baru, 45100 Sungai Air Tawar, Selangor Darul Ehsan", "Field5": null, "Field6": "3.816694", "Field7": "100.84431499999999" }, "geometry": { "type": "Point", "coordinates": [ 100.844315, 3.816694 ] } },
{ "type": "Feature", "properties": { "Field1": "Sabak Bernam", "Field2": "SUngai Panjang", "Field3": "Masjid Al-Muhajidin", "Field4": "Pekan Bagan Terap, 45300 Sungai Besar, Selangor Darul Ehsan", "Field5": null, "Field6": "3.7472759999999998", "Field7": "101.05492599999999" }, "geometry": { "type": "Point", "coordinates": [ 101.054926, 3.747276 ] } },
{ "type": "Feature", "properties": { "Field1": "Sabak Bernam", "Field2": "Sungai Panjang", "Field3": "Masjid Al-Mukmin", "Field4": "Blok P 13, Tali Air 12, Sungai Nibong Pasir Panjang, 45400 Sekinchan, Selangor Darul Ehsan", "Field5": null, "Field6": "3.6137160000000002", "Field7": "101.08904800000001" }, "geometry": { "type": "Point", "coordinates": [ 101.089048, 3.613716 ] } },
{ "type": "Feature", "properties": { "Field1": "Sabak Bernam", "Field2": "Sabak", "Field3": "Masjid Al-Taqwa", "Field4": "Batu 38, 45200 Sabak Bernam, Selangor Darul Ehsan", "Field5": null, "Field6": "3.7528299999999999", "Field7": "100.95578999999999" }, "geometry": { "type": "Point", "coordinates": [ 100.95579, 3.75283 ] } },
{ "type": "Feature", "properties": { "Field1": "Sabak Bernam", "Field2": "Sabak", "Field3": "Masjid An-Naim", "Field4": "Kampung Batu 37 Kampung Sekendi Darat, 45200 Sabak Bernam, Selangor Darul Ehsan", "Field5": null, "Field6": "3.737641", "Field7": "100.956367" }, "geometry": { "type": "Point", "coordinates": [ 100.956367, 3.737641 ] } },
{ "type": "Feature", "properties": { "Field1": "Sabak Bernam", "Field2": "Bagan Nakhoda Omar", "Field3": "Masjid An-Naim", "Field4": "Kampung Tebok Berihon, 45200 Sabak Bernam, Selangor Darul Ehsan", "Field5": null, "Field6": "3.775299", "Field7": "100.931715" }, "geometry": { "type": "Point", "coordinates": [ 100.931715, 3.775299 ] } },
{ "type": "Feature", "properties": { "Field1": "Sabak Bernam", "Field2": "Pancang Bedena", "Field3": "Masjid An-Nur", "Field4": "Jalan Pekan Selasa Lama Sungai Haji Dorani 45300 Sungai Besar, Selangor Darul Ehsan", "Field5": null, "Field6": "3.6419920000000001", "Field7": "101.03338599999999" }, "geometry": { "type": "Point", "coordinates": [ 101.033386, 3.641992 ] } },
{ "type": "Feature", "properties": { "Field1": "Sabak Bernam", "Field2": "Bagan Nakhoda Omar", "Field3": "Masjid Ar-Rahman", "Field4": "Jalan Parit Haji Hassan Kampung Sungai Apong, 45100 Sungai Air Tawar, Selangor Darul Ehsan", "Field5": null, "Field6": "3.7963550000000001", "Field7": "100.829269" }, "geometry": { "type": "Point", "coordinates": [ 100.829269, 3.796355 ] } },
{ "type": "Feature", "properties": { "Field1": "Sabak Bernam", "Field2": "Sabak", "Field3": "Masjid Ar-Rahmaniah", "Field4": "Sungai Air Tawar, 45100 Sungai Air Tawar, Selangor Darul Ehsan", "Field5": null, "Field6": "3.8432919999999999", "Field7": "100.896939" }, "geometry": { "type": "Point", "coordinates": [ 100.896939, 3.843292 ] } },
{ "type": "Feature", "properties": { "Field1": "Sabak Bernam", "Field2": "Sungai Nibong", "Field3": "Masjid As-Siraj", "Field4": "Jalan Masjid, Batu 23, Sungai Nibong, 45300 Sungai Besar, Selangor Darul Ehsan.", "Field5": null, "Field6": "3.5943230000000002", "Field7": "101.06329599999999" }, "geometry": { "type": "Point", "coordinates": [ 101.063296, 3.594323 ] } },
{ "type": "Feature", "properties": { "Field1": "Sabak Bernam", "Field2": "Pancang Bedena", "Field3": "Masjid As-Syukriah", "Field4": "Parit 8 Gambut Jalan Sungai Panjang 45300 Sungai Besar Selangor Darul Ehsan", "Field5": null, "Field6": "3.7020439999999999", "Field7": "101.04578100000001" }, "geometry": { "type": "Point", "coordinates": [ 101.045781, 3.702044 ] } },
{ "type": "Feature", "properties": { "Field1": "Sabak Bernam", "Field2": "Pancang Bedena", "Field3": "Masjid Badli Shah", "Field4": "Parit 6 Jalan Bagan Terap, 45300 Sungai Besar, Selangor Darul Ehsan", "Field5": null, "Field6": "3.7099340000000001", "Field7": "101.01303799999999" }, "geometry": { "type": "Point", "coordinates": [ 101.013038, 3.709934 ] } },
{ "type": "Feature", "properties": { "Field1": "Sabak Bernam", "Field2": "Sungai Panjang", "Field3": "Masjid Baitul Rahman", "Field4": "Parit 11, Pasir Panjang, 45400 Sekinchan, Selangor Darul Ehsan", "Field5": null, "Field6": "3.591936", "Field7": "101.095833" }, "geometry": { "type": "Point", "coordinates": [ 101.095833, 3.591936 ] } },
{ "type": "Feature", "properties": { "Field1": "Sabak Bernam", "Field2": "Pancang Bedena", "Field3": "Masjid Hasyimiah", "Field4": "Jalan Haji Hashim Kampung Sungai Limau, 45300 Sungai Besar, Selangor Darul Ehsan.", "Field5": null, "Field6": "3.6616070000000001", "Field7": "101.00548000000001" }, "geometry": { "type": "Point", "coordinates": [ 101.00548, 3.661607 ] } },
{ "type": "Feature", "properties": { "Field1": "Sabak Bernam", "Field2": "Sabak", "Field3": "Masjid Jamek Sultan Hishamudin Pekan Sabak Bernam", "Field4": "Pekan Sabak Bernam, 45200 Sabak Bernam, Selangor Darul Ehsan", "Field5": null, "Field6": "3.7706309999999998", "Field7": "100.985176" }, "geometry": { "type": "Point", "coordinates": [ 100.985176, 3.770631 ] } },
{ "type": "Feature", "properties": { "Field1": "Sabak Bernam", "Field2": "Bagan Nakhoda Omar", "Field3": "Masjid Jamiatul Islahiah", "Field4": "Kampung Teluk Rhu, 45200 Sabak Bernam, Selangor Darul Ehsan", "Field5": null, "Field6": "3.79372", "Field7": "100.85174600000001" }, "geometry": { "type": "Point", "coordinates": [ 100.851746, 3.79372 ] } },
{ "type": "Feature", "properties": { "Field1": "Sabak Bernam", "Field2": "Sungai Leman", "Field3": "Masjid Jamiul Huda", "Field4": "Parit 7 Ban 2 Sungai Leman, 45400 Sungai Besar, Selangor Darul Ehsan", "Field5": null, "Field6": "3.5398670000000001", "Field7": "101.116314" }, "geometry": { "type": "Point", "coordinates": [ 101.116314, 3.539867 ] } },
{ "type": "Feature", "properties": { "Field1": "Sabak Bernam", "Field2": "Sekinchan", "Field3": "Masjid Kampung Seri Kedah", "Field4": "Masjid Kampung Seri Kedah, Tali Air 8 Ban 3, Sungai Leman Timur, 45400 Sekinchan Selangor Darul Ehsan", "Field5": null, "Field6": "3.5598320000000001", "Field7": "101.11984699999999" }, "geometry": { "type": "Point", "coordinates": [ 101.119847, 3.559832 ] } },
{ "type": "Feature", "properties": { "Field1": "Sabak Bernam", "Field2": "Pancang Bedena", "Field3": "Masjid Ma'muniah", "Field4": "Kampung Simpang Lima, Mukim Panchang Bedena, 45300 Sungai Besar, Selangor Darul Ehsan.", "Field5": null, "Field6": "3.618379", "Field7": "101.05882099999999" }, "geometry": { "type": "Point", "coordinates": [ 101.058821, 3.618379 ] } },
{ "type": "Feature", "properties": { "Field1": "Sabak Bernam", "Field2": "Sabak", "Field3": "Masjid Maasumiah", "Field4": "Sungai Tengar Utara, 45200 Sabak Bernam, Selangor Darul Ehsan", "Field5": null, "Field6": "3.8251210000000002", "Field7": "100.858969" }, "geometry": { "type": "Point", "coordinates": [ 100.858969, 3.825121 ] } },
{ "type": "Feature", "properties": { "Field1": "Sabak Bernam", "Field2": "Pancang Bedena", "Field3": "Masjid Makmuriah", "Field4": "Kampung Sungai Nipah, Simpang Lima, 45300 Sungai Besar, Selangor Darul Ehsan.", "Field5": null, "Field6": "3.6808670000000001", "Field7": "100.98933599999999" }, "geometry": { "type": "Point", "coordinates": [ 100.989336, 3.680867 ] } },
{ "type": "Feature", "properties": { "Field1": "Sabak Bernam", "Field2": "Sungai Panjang", "Field3": "Masjid Marzukiah", "Field4": "Kampung Lubok Pusing, Bagan Terap, 45200 Sabak Bernam, Selangor Darul Ehsan.", "Field5": null, "Field6": "3.7593380000000001", "Field7": "101.072689" }, "geometry": { "type": "Point", "coordinates": [ 101.072689, 3.759338 ] } },
{ "type": "Feature", "properties": { "Field1": "Sabak Bernam", "Field2": "Sungai Panjang", "Field3": "Masjid Marzukiah", "Field4": "Batu 4 Sepintas, 45200 Sabak Bernam, Selangor Darul Ehsan", "Field5": null, "Field6": "3.7760099999999999", "Field7": "101.03027899999999" }, "geometry": { "type": "Point", "coordinates": [ 101.030279, 3.77601 ] } },
{ "type": "Feature", "properties": { "Field1": "Sabak Bernam", "Field2": "Pancang Bedena", "Field3": "Masjid Nurdiniah", "Field4": "Parit 2 Tengah Sungai Haji Dorani Jalan Baru Sungai Panjang 45300 Sungai Besar, Selangor Darul Ehsan", "Field5": null, "Field6": "3.664015", "Field7": "101.02404900000001" }, "geometry": { "type": "Point", "coordinates": [ 101.024049, 3.664015 ] } },
{ "type": "Feature", "properties": { "Field1": "Sabak Bernam", "Field2": "Sekinchan", "Field3": "Masjid Nurul Alaniah", "Field4": "Pekan Sekinchan, 45400 Sekinchan, Selangor Darul Ehsan", "Field5": null, "Field6": "3.51574359", "Field7": "101.0947946" }, "geometry": { "type": "Point", "coordinates": [ 101.0947946, 3.51574359 ] } },
{ "type": "Feature", "properties": { "Field1": "Sabak Bernam", "Field2": "Sungai Panjang", "Field3": "Masjid Nurul Falah", "Field4": "Parit 12 Timur, Hujung Sungai Panjang, 45000 Sungai Besar, Selangor Darul Ehsan.", "Field5": null, "Field6": "3.7289530000000002", "Field7": "101.061435" }, "geometry": { "type": "Point", "coordinates": [ 101.061435, 3.728953 ] } },
{ "type": "Feature", "properties": { "Field1": "Sabak Bernam", "Field2": "Pasir Panjang", "Field3": "Masjid Nurul Falah", "Field4": "Tali Air 7 Sungai Leman, 45400 Sekinchan, Selangor Darul Ehsan", "Field5": null, "Field6": "3.53245838", "Field7": "101.0900591" }, "geometry": { "type": "Point", "coordinates": [ 101.0900591, 3.53245838 ] } },
{ "type": "Feature", "properties": { "Field1": "Sabak Bernam", "Field2": "Sungai Panjang", "Field3": "Masjid Nurul Hidayah", "Field4": "Belia 2 Sungai Panjang, 45300 Sungai Besar, Selangor Darul Ehsan", "Field5": null, "Field6": "3.7071269999999998", "Field7": "101.18906200000001" }, "geometry": { "type": "Point", "coordinates": [ 101.189062, 3.707127 ] } },
{ "type": "Feature", "properties": { "Field1": "Sabak Bernam", "Field2": "Pancang Bedena", "Field3": "Masjid Parit 4", "Field4": "Parit 4, Sungai Haji Dorani, 45300 Sungai Besar, Selangor Darul Ehsan", "Field5": null, "Field6": "3.662849", "Field7": "101.046576" }, "geometry": { "type": "Point", "coordinates": [ 101.046576, 3.662849 ] } },
{ "type": "Feature", "properties": { "Field1": "Sabak Bernam", "Field2": "Sekinchan", "Field3": "Masjid Parit 9", "Field4": "Parit 9 Ban 2 Sungai Leman, 45400 Sekinchan, Selangor Darul Ehsan", "Field5": null, "Field6": "3.5630289999999998", "Field7": "101.105581" }, "geometry": { "type": "Point", "coordinates": [ 101.105581, 3.563029 ] } },
{ "type": "Feature", "properties": { "Field1": "Sabak Bernam", "Field2": "Simpang Lima", "Field3": "Masjid Peket 100", "Field4": "Peket 100, Sungai Nipah, Simpang 5, 45300 Sungai Besar, Selangor Darul Ehsan.", "Field5": null, "Field6": "3.6401539999999999", "Field7": "101.05532100000001" }, "geometry": { "type": "Point", "coordinates": [ 101.055321, 3.640154 ] } },
{ "type": "Feature", "properties": { "Field1": "Sabak Bernam", "Field2": "Sekinchan", "Field3": "Masjid Saidiah", "Field4": "Batu 50 Pasir Panjang, 45200 Sabak Bernam, Selangor Darul Ehsan", "Field5": null, "Field6": "3.5667149999999999", "Field7": "101.07558400000001" }, "geometry": { "type": "Point", "coordinates": [ 101.075584, 3.566715 ] } },
{ "type": "Feature", "properties": { "Field1": "Sabak Bernam", "Field2": "Sungai Panjang", "Field3": "Masjid Sultan Muhammad Shah", "Field4": "Parit 10 Barat, 45300 Sungai Besar, Selangor Darul Ehsan", "Field5": null, "Field6": "3.7760099999999999", "Field7": "101.03027899999999" }, "geometry": { "type": "Point", "coordinates": [ 101.030279, 3.77601 ] } },
{ "type": "Feature", "properties": { "Field1": "Sabak Bernam", "Field2": "Sekinchan", "Field3": "Masjid Tali Air 6", "Field4": "Tali Air 6, 45400 Sekinchan, Selangor Darul Ehsan", "Field5": null, "Field6": "3.51568798", "Field7": "101.0947949" }, "geometry": { "type": "Point", "coordinates": [ 101.0947949, 3.51568798 ] } },
{ "type": "Feature", "properties": { "Field1": "Sabak Bernam", "Field2": "Sungai Besar", "Field3": "Masjid Taman Padu Permai", "Field4": "Taman Padu Permai, 45300 Sungai Besar, Selangor Darul Ehsan", "Field5": null, "Field6": "3.6612779999999998", "Field7": "100.991089" }, "geometry": { "type": "Point", "coordinates": [ 100.991089, 3.661278 ] } },
{ "type": "Feature", "properties": { "Field1": "Sabak Bernam", "Field2": "Sabak", "Field3": "Masjid Tanjung Jawa", "Field4": "Kampung Tanjung Jawa, 45200 Sabak Bernam, Selangor Darul Ehsan", "Field5": null, "Field6": "3.8179089300000002", "Field7": "100.9713845" }, "geometry": { "type": "Point", "coordinates": [ 100.9713845, 3.81790893 ] } },
{ "type": "Feature", "properties": { "Field1": "Sabak Bernam", "Field2": "Bagan Nakhoda Omar", "Field3": "Masjid Tebok Sultan", "Field4": "Sungai Tengar Selatan, 45100 Sungai Air Tawar, Selangor Darul Ehsan", "Field5": null, "Field6": "3.8082089899999998", "Field7": "100.88116220000001" }, "geometry": { "type": "Point", "coordinates": [ 100.8811622, 3.80820899 ] } },
{ "type": "Feature", "properties": { "Field1": "Sabak Bernam", "Field2": "Sabak", "Field3": "Masjid Tebuk Mufrad", "Field4": "Kampung Tebuk Mufrad, Sungai Air Tawar 45100 Sabak Bernam, Selangor Darul Ehsan", "Field5": null, "Field6": "3.80248812", "Field7": "100.91858790000001" }, "geometry": { "type": "Point", "coordinates": [ 100.9185879, 3.80248812 ] } },
{ "type": "Feature", "properties": { "Field1": "Sabak Bernam", "Field2": "Bagan Nakhoda Omar", "Field3": "Masjid Ubudiah", "Field4": "Kampung Simpang 4 Bagan Nakhoda Omar, 45200 Sabak Bernam, Selangor Darul Ehsan", "Field5": null, "Field6": "3.7778327300000001", "Field7": "100.8822839" }, "geometry": { "type": "Point", "coordinates": [ 100.8822839, 3.77783273 ] } },
{ "type": "Feature", "properties": { "Field1": "Sabak Bernam", "Field2": "Sungai Panjang", "Field3": "Masjid Uthmaniah Binjai Jaya", "Field4": "Kampung Binjai Jaya, Sungai Panjang, 45300 Sungai Besar, Selangor Darul Ehsan", "Field5": null, "Field6": "3.7236707500000001", "Field7": "101.12992869999999" }, "geometry": { "type": "Point", "coordinates": [ 101.1299287, 3.72367075 ] } },
{ "type": "Feature", "properties": { "Field1": "Sepang", "Field2": "Dengkil", "Field3": "Masjid Al-Hijrah Desa Pinggiran Putra", "Field4": "Persiaran Desa Pinggiran Putra 5, Desa Pinggiran Putra,  43800 Kajang, Dengkil, Sepang, Selangor Darul Ehsan.", "Field5": null, "Field6": "2.8977385999999998", "Field7": "101.7012823" }, "geometry": { "type": "Point", "coordinates": [ 101.7012823, 2.8977386 ] } },
{ "type": "Feature", "properties": { "Field1": "Sepang", "Field2": "Dingkil", "Field3": "Masjid Al-Iman RKT(1) Desa Putra", "Field4": "Desa Putra Kampung Sungai Merab, 43000 Kajang, Dengkil, Selangor Darul Ehsan.", "Field5": null, "Field6": "2.9121899899999999", "Field7": "101.7244041" }, "geometry": { "type": "Point", "coordinates": [ 101.7244041, 2.91218999 ] } },
{ "type": "Feature", "properties": { "Field1": "Sepang", "Field2": "Labu", "Field3": "Masjid Al-Makmur Ginching", "Field4": "67, Jalan Haji Kaspan, Kampung Ginching, 43900, Sepang, Selangor Darul Ehsan.", "Field5": null, "Field6": "2.7959046600000002", "Field7": "101.7364685" }, "geometry": { "type": "Point", "coordinates": [ 101.7364685, 2.79590466 ] } },
{ "type": "Feature", "properties": { "Field1": "Sepang", "Field2": "Dengkil", "Field3": "Masjid Al-Mustaqim", "Field4": "Kampung Dato'Abu Bakar Baginda, 43000 Kajang, Sepang, Sepang, Selangor Darul Ehsan.", "Field5": null, "Field6": "2.95662074", "Field7": "101.7299483" }, "geometry": { "type": "Point", "coordinates": [ 101.7299483, 2.95662074 ] } },
{ "type": "Feature", "properties": { "Field1": "Sepang", "Field2": "Sepang", "Field3": "Masjid Al-Ulum", "Field4": "Kampung Bukit Bangkong, 43950 Sungai Pelek, Sepang, Selangor Darul Ehsan.", "Field5": null, "Field6": "2.6595371800000001", "Field7": "101.6734132" }, "geometry": { "type": "Point", "coordinates": [ 101.6734132, 2.65953718 ] } },
{ "type": "Feature", "properties": { "Field1": "Sepang", "Field2": "Sepang", "Field3": "Masjid An-Nur", "Field4": "Kampung Hulu Chuchoh, 43950 Sungai Pelek,Sepang Selangor Darul Ehsan.", "Field5": null, "Field6": "2.6751614500000001", "Field7": "101.6849266" }, "geometry": { "type": "Point", "coordinates": [ 101.6849266, 2.67516145 ] } },
{ "type": "Feature", "properties": { "Field1": "Sepang", "Field2": null, "Field3": "Masjid Ar-Raudhah", "Field4": "Lot 3004, Jalan Hulu Teris 1, Kampung Hulu Teris, 43950 Sungai Pelek, Sepang , Selangor Darul Ehsan.", "Field5": null, "Field6": "2.67236517", "Field7": "101.66732639999999" }, "geometry": { "type": "Point", "coordinates": [ 101.6673264, 2.67236517 ] } },
{ "type": "Feature", "properties": { "Field1": "Sepang", "Field2": "Dengkil", "Field3": "Masjid Ar-Redha", "Field4": "Jalan Penghulu Naim, Kampung Jenderam Hulu, 43800 Sepang, Selangor Darul Ehsan.", "Field5": null, "Field6": "2.86953646", "Field7": "101.73061509999999" }, "geometry": { "type": "Point", "coordinates": [ 101.7306151, 2.86953646 ] } },
{ "type": "Feature", "properties": { "Field1": "Sepang", "Field2": null, "Field3": "Masjid As-Syafie", "Field4": "Maktab Perguruan Islam Bangi, 43000 Kajang", "Field5": null, "Field6": "2.94668522", "Field7": "101.7490136" }, "geometry": { "type": "Point", "coordinates": [ 101.7490136, 2.94668522 ] } },
{ "type": "Feature", "properties": { "Field1": "Sepang", "Field2": "Dengkil", "Field3": "Masjid As-Syakirin", "Field4": "Kampung Jenderam Hilir, Jalan Kajang-Dengkil, 43800 Sepang, Selangor Darul Ehsan.", "Field5": null, "Field6": "2.8848785499999998", "Field7": "101.7224921" }, "geometry": { "type": "Point", "coordinates": [ 101.7224921, 2.88487855 ] } },
{ "type": "Feature", "properties": { "Field1": "Sepang", "Field2": "Labu", "Field3": "Masjid As-Syakirin RKT Labu Lanjut", "Field4": "Jalan 2c, Kampung Baharu Labu Lanjut, 43900 Sepang, Selangor Darul Ehsan.", "Field5": null, "Field6": "2.7931597099999999", "Field7": "101.71894810000001" }, "geometry": { "type": "Point", "coordinates": [ 101.7189481, 2.79315971 ] } },
{ "type": "Feature", "properties": { "Field1": "Sepang", "Field2": "Dengkil", "Field3": "Masjid As-Syariff Dato'Ahmad Razali", "Field4": "Kampung Dato'Ahmad Razali, 43800 Dengkil, Sepang, Selangor Darul Ehsan.", "Field5": null, "Field6": "2.8795535999999999", "Field7": "101.66908979999999" }, "geometry": { "type": "Point", "coordinates": [ 101.6690898, 2.8795536 ] } },
{ "type": "Feature", "properties": { "Field1": "Sepang", "Field2": "Dengkil", "Field3": "Masjid Cyber 10", "Field4": "10, Persiaran Rimba Permai, Cyberjaya, Mukim Dengkil, 63000 Sepang, Selangor Darul Ehsan.", "Field5": null, "Field6": "2.90108868", "Field7": "101.6323584" }, "geometry": { "type": "Point", "coordinates": [ 101.6323584, 2.90108868 ] } },
{ "type": "Feature", "properties": { "Field1": "Sepang", "Field2": "Dengkil", "Field3": "Masjid Desa Sentosa", "Field4": "Jalan Sentosa 4, Desa Sentosa, Teras Jernang, 43650 Bandar Baru Bangi, Selangor Darul Ehsan.", "Field5": null, "Field6": "2.9157816699999999", "Field7": "101.75250200000001" }, "geometry": { "type": "Point", "coordinates": [ 101.752502, 2.91578167 ] } },
{ "type": "Feature", "properties": { "Field1": "Sepang", "Field2": null, "Field3": "Masjid Ikram", "Field4": "Pusat Latihan Ikram", "Field5": null, "Field6": "2.97657982", "Field7": "101.7380636" }, "geometry": { "type": "Point", "coordinates": [ 101.7380636, 2.97657982 ] } },
{ "type": "Feature", "properties": { "Field1": "Sepang", "Field2": "Dengkil", "Field3": "Masjid Istiqamah Kampung Sungai Merab Luar", "Field4": "Jalan Rangkaya Sutan, Kampung Sungai Merab Luar, 43000 Kajang, Dengkel, Selangor Darul Ehsan.", "Field5": null, "Field6": "2.9377674900000001", "Field7": "101.749224" }, "geometry": { "type": "Point", "coordinates": [ 101.749224, 2.93776749 ] } },
{ "type": "Feature", "properties": { "Field1": "Sepang", "Field2": "Dengkil", "Field3": "Masjid Jameatus Solehah", "Field4": "Pekan Dengkil, 43800 Sepang, Selangor Darul Ehsan.", "Field5": null, "Field6": "2.8582812999999998", "Field7": "101.6788926" }, "geometry": { "type": "Point", "coordinates": [ 101.6788926, 2.8582813 ] } },
{ "type": "Feature", "properties": { "Field1": "Sepang", "Field2": "Labu", "Field3": "Masjid Jamek Sultan Hishamuddin", "Field4": "Bandar Baru Salak Tinggi, 43900 Sepang, Selangor Darul Ehsan", "Field5": null, "Field6": "2.8204297", "Field7": "101.7326542" }, "geometry": { "type": "Point", "coordinates": [ 101.7326542, 2.8204297 ] } },
{ "type": "Feature", "properties": { "Field1": "Sepang", "Field2": "Dingkil", "Field3": "Masjid Jamiurrahmah", "Field4": "Jalan Kampung Limau Manis, Sungai Merab, 43000 Kajang, Dengkil, Sepang, Selangor Darul Ehsan.", "Field5": null, "Field6": "2.9147334300000001", "Field7": "101.7116302" }, "geometry": { "type": "Point", "coordinates": [ 101.7116302, 2.91473343 ] } },
{ "type": "Feature", "properties": { "Field1": "Sepang", "Field2": "Labu", "Field3": "Masjid Kampung Salak Tinggi", "Field4": "Kampung Salak Tinggi, 43900 Sepang, Selangor Darul Ehsan.", "Field5": null, "Field6": "2.7946872300000001", "Field7": "101.7483099" }, "geometry": { "type": "Point", "coordinates": [ 101.7483099, 2.79468723 ] } },
{ "type": "Feature", "properties": { "Field1": "Sepang", "Field2": "Dengkil", "Field3": "Masjid Meranti", "Field4": "Jalan Pulau Meranti, Pulau Meranti, 47100 Puchong, Dengkil, Selangor Darul Ehsan.", "Field5": null, "Field6": "2.9691599900000001", "Field7": "101.64065840000001" }, "geometry": { "type": "Point", "coordinates": [ 101.6406584, 2.96915999 ] } },
{ "type": "Feature", "properties": { "Field1": "Sepang", "Field2": "Sepang", "Field3": "Masjid Pekan Sepang", "Field4": "Jalan Kelab, Pekan Sepang, 43900 Sepang, Selangor Darul Ehsan.", "Field5": null, "Field6": "2.69462841", "Field7": "101.7524056" }, "geometry": { "type": "Point", "coordinates": [ 101.7524056, 2.69462841 ] } },
{ "type": "Feature", "properties": { "Field1": "Sepang", "Field2": "Sepang", "Field3": "Masjid Pekan Sungai Pelek", "Field4": "Jalan Besar, Pekan Sungai Pelek, 43950, Sungai Pelek, Sepang, Selangor Darul Ehsan.", "Field5": null, "Field6": "2.6412277899999999", "Field7": "101.715385" }, "geometry": { "type": "Point", "coordinates": [ 101.715385, 2.64122779 ] } },
{ "type": "Feature", "properties": { "Field1": "Sepang", "Field2": "Dengkil", "Field3": "Masjid Putra Perdana", "Field4": "Jalan Putra Perdana, Taman Putra Perdana, 47100 Sepang, Selangor Darul Ehsan.", "Field5": null, "Field6": "2.9440777100000002", "Field7": "101.60984500000001" }, "geometry": { "type": "Point", "coordinates": [ 101.609845, 2.94407771 ] } },
{ "type": "Feature", "properties": { "Field1": "Sepang", "Field2": "Dengkil", "Field3": "Masjid Raja Haji Fi-Sabilillah", "Field4": "Jalan Semarak Api, Zon Flagship Cyberjaya, Cyber 1, 63200 Cyberjaya, Sepang, Selangor Darul Ehsan.", "Field5": null, "Field6": "2.93211545", "Field7": "101.6485897" }, "geometry": { "type": "Point", "coordinates": [ 101.6485897, 2.93211545 ] } },
{ "type": "Feature", "properties": { "Field1": "Sepang", "Field2": null, "Field3": "Masjid Sultan Abdul Samad", "Field4": "Jalan Salak, 43900 Sepang", "Field5": null, "Field6": "2.7873915600000001", "Field7": "101.6765669" }, "geometry": { "type": "Point", "coordinates": [ 101.6765669, 2.78739156 ] } },
{ "type": "Feature", "properties": { "Field1": "Sepang", "Field2": "Dengkil", "Field3": "Masjid Taman Desa Vista", "Field4": "Jalan Vista 2/12, Taman Desa Vista, Mukim Dengkil, Bandar Baru Salak Tinggi, 43900 Sepang, Selangor Darul Ehsan.", "Field5": null, "Field6": "2.8364037099999999", "Field7": "101.75014210000001" }, "geometry": { "type": "Point", "coordinates": [ 101.7501421, 2.83640371 ] } },
{ "type": "Feature", "properties": { "Field1": "Sepang", "Field2": "Sepang", "Field3": "Masjid Taman Pantai Sepang", "Field4": "Persiaran Sepang Timur, Pantai Sepang Putra, 43950 Tanjung Sepat, Sepang, Selangor Darul Ehsan.", "Field5": null, "Field6": "2.6262814300000001", "Field7": "101.7070865" }, "geometry": { "type": "Point", "coordinates": [ 101.7070865, 2.62628143 ] } },
{ "type": "Feature", "properties": { "Field1": "Sepang", "Field2": null, "Field3": "Masjid Uniten", "Field4": "Kilomiter 7, Jalan Kajang-Puchong, 43000 Kajang", "Field5": null, "Field6": "2.9721587600000001", "Field7": "101.732265" }, "geometry": { "type": "Point", "coordinates": [ 101.732265, 2.97215876 ] } }
]
}
