{
"type": "FeatureCollection",
"name": "pdm",
"crs": { "type": "name", "properties": { "name": "urn:ogc:def:crs:OGC:1.3:CRS84" } },
"features": [
{ "type": "Feature", "properties": { "Name": "113/54/01 BUKIT BANGKUNG", "description": "1135401    <br>       <br>   KODDMA   1135401    <br>   LUAS   11391664.9274    <br>   JOBID       <br>   NAMADMA   BUKIT BANGKUNG    <br>   Status   1    <br>   JUMLAH_PEM   1930    <br>   SHAPE_Leng   19985.318068", "timestamp": null, "begin": null, "end": null, "altitudeMode": null, "tessellate": -1, "extrude": 0, "visibility": -1, "drawOrder": null, "icon": null }, "geometry": { "type": "Polygon", "coordinates": [ [ [ 101.687723, 2.659149, 0.0 ], [ 101.687721, 2.659149, 0.0 ], [ 101.685006, 2.659147, 0.0 ], [ 101.683703, 2.659123, 0.0 ], [ 101.683515, 2.659119, 0.0 ], [ 101.681177, 2.659113, 0.0 ], [ 101.678985, 2.659086, 0.0 ], [ 101.678723, 2.659127, 0.0 ], [ 101.677177, 2.659123, 0.0 ], [ 101.673676, 2.65898, 0.0 ], [ 101.673135, 2.658958, 0.0 ], [ 101.671705, 2.658888, 0.0 ], [ 101.670166, 2.65883, 0.0 ], [ 101.668856, 2.65874, 0.0 ], [ 101.668077, 2.658704, 0.0 ], [ 101.667183, 2.658696, 0.0 ], [ 101.667214, 2.658318, 0.0 ], [ 101.667215, 2.658292, 0.0 ], [ 101.667231, 2.658012, 0.0 ], [ 101.667239, 2.657865, 0.0 ], [ 101.667248, 2.657712, 0.0 ], [ 101.667263, 2.657415, 0.0 ], [ 101.667264, 2.657398, 0.0 ], [ 101.667282, 2.657079, 0.0 ], [ 101.667288, 2.656963, 0.0 ], [ 101.667297, 2.656769, 0.0 ], [ 101.667308, 2.656512, 0.0 ], [ 101.667309, 2.656475, 0.0 ], [ 101.667317, 2.656159, 0.0 ], [ 101.667323, 2.65606, 0.0 ], [ 101.667349, 2.655609, 0.0 ], [ 101.667376, 2.655157, 0.0 ], [ 101.667378, 2.655121, 0.0 ], [ 101.667392, 2.65489, 0.0 ], [ 101.667396, 2.654822, 0.0 ], [ 101.667401, 2.654706, 0.0 ], [ 101.667421, 2.654253, 0.0 ], [ 101.66744, 2.653802, 0.0 ], [ 101.667447, 2.653623, 0.0 ], [ 101.667456, 2.653351, 0.0 ], [ 101.667456, 2.653337, 0.0 ], [ 101.667475, 2.652899, 0.0 ], [ 101.667483, 2.652742, 0.0 ], [ 101.667499, 2.652462, 0.0 ], [ 101.667499, 2.652448, 0.0 ], [ 101.667511, 2.652175, 0.0 ], [ 101.66752, 2.651996, 0.0 ], [ 101.667524, 2.651895, 0.0 ], [ 101.667569, 2.651622, 0.0 ], [ 101.667572, 2.651548, 0.0 ], [ 101.667588, 2.651096, 0.0 ], [ 101.667605, 2.650644, 0.0 ], [ 101.667622, 2.650192, 0.0 ], [ 101.667638, 2.64974, 0.0 ], [ 101.66765, 2.6494, 0.0 ], [ 101.66765, 2.649288, 0.0 ], [ 101.66765, 2.649001, 0.0 ], [ 101.667663, 2.648837, 0.0 ], [ 101.667673, 2.648727, 0.0 ], [ 101.667678, 2.648603, 0.0 ], [ 101.667687, 2.648386, 0.0 ], [ 101.667706, 2.647934, 0.0 ], [ 101.667725, 2.647482, 0.0 ], [ 101.667735, 2.647266, 0.0 ], [ 101.667745, 2.647031, 0.0 ], [ 101.667747, 2.646978, 0.0 ], [ 101.667748, 2.646956, 0.0 ], [ 101.667758, 2.646706, 0.0 ], [ 101.667763, 2.646579, 0.0 ], [ 101.667771, 2.646413, 0.0 ], [ 101.667783, 2.646127, 0.0 ], [ 101.667783, 2.646114, 0.0 ], [ 101.667796, 2.645811, 0.0 ], [ 101.6678, 2.645675, 0.0 ], [ 101.667806, 2.645519, 0.0 ], [ 101.667809, 2.645486, 0.0 ], [ 101.667817, 2.64544, 0.0 ], [ 101.667827, 2.645403, 0.0 ], [ 101.667835, 2.645386, 0.0 ], [ 101.667843, 2.645372, 0.0 ], [ 101.667845, 2.64537, 0.0 ], [ 101.667869, 2.645351, 0.0 ], [ 101.667907, 2.645337, 0.0 ], [ 101.667942, 2.64533, 0.0 ], [ 101.66797, 2.645325, 0.0 ], [ 101.667974, 2.645324, 0.0 ], [ 101.668262, 2.645281, 0.0 ], [ 101.668418, 2.645257, 0.0 ], [ 101.668537, 2.645239, 0.0 ], [ 101.668864, 2.645196, 0.0 ], [ 101.66918, 2.645156, 0.0 ], [ 101.669309, 2.645138, 0.0 ], [ 101.669483, 2.645115, 0.0 ], [ 101.669755, 2.645082, 0.0 ], [ 101.669799, 2.645076, 0.0 ], [ 101.670073, 2.645029, 0.0 ], [ 101.670199, 2.645009, 0.0 ], [ 101.670363, 2.644983, 0.0 ], [ 101.670645, 2.644953, 0.0 ], [ 101.670652, 2.644951, 0.0 ], [ 101.670954, 2.644909, 0.0 ], [ 101.67109, 2.644888, 0.0 ], [ 101.671269, 2.644861, 0.0 ], [ 101.671535, 2.644823, 0.0 ], [ 101.671569, 2.644818, 0.0 ], [ 101.671858, 2.644783, 0.0 ], [ 101.671981, 2.644767, 0.0 ], [ 101.672149, 2.644744, 0.0 ], [ 101.672425, 2.644703, 0.0 ], [ 101.672428, 2.644703, 0.0 ], [ 101.672724, 2.644663, 0.0 ], [ 101.672871, 2.644645, 0.0 ], [ 101.673031, 2.644625, 0.0 ], [ 101.673317, 2.644585, 0.0 ], [ 101.673342, 2.644582, 0.0 ], [ 101.673762, 2.644525, 0.0 ], [ 101.673773, 2.644524, 0.0 ], [ 101.674083, 2.644482, 0.0 ], [ 101.674095, 2.644254, 0.0 ], [ 101.674097, 2.644169, 0.0 ], [ 101.674098, 2.644161, 0.0 ], [ 101.6741, 2.644087, 0.0 ], [ 101.6741, 2.644006, 0.0 ], [ 101.674104, 2.643926, 0.0 ], [ 101.674106, 2.643847, 0.0 ], [ 101.674108, 2.643766, 0.0 ], [ 101.67411, 2.643709, 0.0 ], [ 101.674111, 2.643684, 0.0 ], [ 101.674114, 2.643602, 0.0 ], [ 101.674117, 2.643521, 0.0 ], [ 101.67412, 2.643438, 0.0 ], [ 101.674123, 2.643354, 0.0 ], [ 101.674125, 2.643268, 0.0 ], [ 101.674126, 2.643257, 0.0 ], [ 101.674128, 2.643181, 0.0 ], [ 101.674131, 2.643092, 0.0 ], [ 101.674134, 2.643003, 0.0 ], [ 101.674137, 2.642912, 0.0 ], [ 101.674138, 2.64282, 0.0 ], [ 101.674139, 2.642806, 0.0 ], [ 101.674141, 2.642727, 0.0 ], [ 101.674145, 2.642634, 0.0 ], [ 101.674148, 2.64255, 0.0 ], [ 101.674149, 2.642539, 0.0 ], [ 101.674149, 2.642509, 0.0 ], [ 101.674151, 2.642443, 0.0 ], [ 101.674152, 2.642421, 0.0 ], [ 101.674155, 2.642354, 0.0 ], [ 101.674155, 2.642346, 0.0 ], [ 101.674158, 2.642249, 0.0 ], [ 101.674161, 2.642151, 0.0 ], [ 101.674164, 2.642052, 0.0 ], [ 101.674168, 2.641951, 0.0 ], [ 101.67417, 2.641902, 0.0 ], [ 101.674172, 2.641852, 0.0 ], [ 101.674176, 2.641749, 0.0 ], [ 101.674178, 2.641645, 0.0 ], [ 101.674185, 2.64145, 0.0 ], [ 101.674192, 2.64122, 0.0 ], [ 101.674202, 2.640998, 0.0 ], [ 101.674219, 2.640603, 0.0 ], [ 101.674219, 2.640593, 0.0 ], [ 101.674219, 2.640585, 0.0 ], [ 101.674219, 2.640573, 0.0 ], [ 101.674219, 2.640555, 0.0 ], [ 101.674219, 2.640547, 0.0 ], [ 101.67422, 2.64053, 0.0 ], [ 101.67422, 2.640498, 0.0 ], [ 101.67422, 2.64046, 0.0 ], [ 101.674229, 2.640231, 0.0 ], [ 101.674232, 2.640179, 0.0 ], [ 101.674234, 2.640095, 0.0 ], [ 101.674248, 2.639643, 0.0 ], [ 101.674262, 2.639191, 0.0 ], [ 101.674276, 2.638739, 0.0 ], [ 101.674277, 2.63871, 0.0 ], [ 101.674278, 2.638686, 0.0 ], [ 101.674279, 2.638666, 0.0 ], [ 101.67428, 2.638645, 0.0 ], [ 101.674281, 2.638619, 0.0 ], [ 101.674282, 2.638589, 0.0 ], [ 101.674283, 2.638555, 0.0 ], [ 101.674297, 2.638287, 0.0 ], [ 101.674298, 2.638259, 0.0 ], [ 101.674302, 2.638153, 0.0 ], [ 101.674295, 2.638021, 0.0 ], [ 101.674295, 2.638009, 0.0 ], [ 101.674293, 2.637977, 0.0 ], [ 101.67429, 2.637901, 0.0 ], [ 101.674274, 2.637914, 0.0 ], [ 101.674125, 2.63804, 0.0 ], [ 101.674069, 2.638088, 0.0 ], [ 101.673961, 2.638179, 0.0 ], [ 101.673735, 2.638369, 0.0 ], [ 101.673725, 2.638378, 0.0 ], [ 101.673588, 2.638493, 0.0 ], [ 101.673438, 2.638611, 0.0 ], [ 101.673375, 2.638661, 0.0 ], [ 101.673293, 2.638725, 0.0 ], [ 101.673215, 2.638786, 0.0 ], [ 101.673096, 2.638875, 0.0 ], [ 101.673016, 2.638934, 0.0 ], [ 101.672989, 2.638954, 0.0 ], [ 101.672868, 2.63904, 0.0 ], [ 101.672742, 2.639133, 0.0 ], [ 101.672652, 2.639197, 0.0 ], [ 101.672608, 2.639228, 0.0 ], [ 101.672464, 2.639331, 0.0 ], [ 101.672349, 2.639411, 0.0 ], [ 101.672284, 2.639458, 0.0 ], [ 101.67227, 2.639469, 0.0 ], [ 101.672188, 2.639526, 0.0 ], [ 101.672104, 2.639585, 0.0 ], [ 101.672019, 2.639641, 0.0 ], [ 101.671976, 2.639671, 0.0 ], [ 101.671914, 2.639715, 0.0 ], [ 101.671884, 2.639736, 0.0 ], [ 101.671861, 2.639752, 0.0 ], [ 101.671855, 2.639757, 0.0 ], [ 101.671756, 2.639826, 0.0 ], [ 101.671666, 2.639889, 0.0 ], [ 101.671616, 2.639922, 0.0 ], [ 101.671574, 2.63995, 0.0 ], [ 101.671544, 2.639971, 0.0 ], [ 101.671483, 2.640013, 0.0 ], [ 101.67139, 2.640077, 0.0 ], [ 101.671297, 2.640142, 0.0 ], [ 101.671277, 2.640156, 0.0 ], [ 101.671203, 2.64021, 0.0 ], [ 101.671175, 2.640229, 0.0 ], [ 101.671117, 2.640268, 0.0 ], [ 101.671014, 2.640339, 0.0 ], [ 101.670966, 2.640372, 0.0 ], [ 101.670822, 2.640471, 0.0 ], [ 101.670803, 2.640484, 0.0 ], [ 101.670803, 2.640336, 0.0 ], [ 101.670805, 2.63951, 0.0 ], [ 101.670842, 2.620468, 0.0 ], [ 101.670562, 2.619098, 0.0 ], [ 101.67102, 2.618255, 0.0 ], [ 101.670628, 2.617865, 0.0 ], [ 101.670179, 2.617418, 0.0 ], [ 101.67007, 2.61731, 0.0 ], [ 101.668449, 2.615697, 0.0 ], [ 101.665828, 2.613081, 0.0 ], [ 101.668802, 2.61076, 0.0 ], [ 101.669673, 2.610081, 0.0 ], [ 101.673297, 2.60725, 0.0 ], [ 101.67655, 2.604708, 0.0 ], [ 101.67849, 2.603188, 0.0 ], [ 101.681434, 2.60127, 0.0 ], [ 101.683461, 2.603465, 0.0 ], [ 101.685833, 2.606032, 0.0 ], [ 101.686624, 2.607652, 0.0 ], [ 101.68703, 2.608513, 0.0 ], [ 101.685555, 2.60865, 0.0 ], [ 101.685826, 2.610236, 0.0 ], [ 101.685884, 2.610576, 0.0 ], [ 101.685508, 2.61137, 0.0 ], [ 101.684603, 2.612353, 0.0 ], [ 101.684278, 2.612706, 0.0 ], [ 101.684028, 2.613639, 0.0 ], [ 101.683947, 2.613943, 0.0 ], [ 101.683942, 2.61396, 0.0 ], [ 101.683941, 2.6144, 0.0 ], [ 101.68443, 2.615196, 0.0 ], [ 101.684583, 2.615447, 0.0 ], [ 101.684427, 2.616771, 0.0 ], [ 101.684393, 2.617057, 0.0 ], [ 101.685242, 2.61844, 0.0 ], [ 101.685805, 2.618441, 0.0 ], [ 101.686532, 2.618443, 0.0 ], [ 101.687113, 2.618988, 0.0 ], [ 101.687138, 2.619263, 0.0 ], [ 101.68717, 2.619616, 0.0 ], [ 101.68719, 2.619842, 0.0 ], [ 101.686902, 2.620077, 0.0 ], [ 101.68646, 2.620437, 0.0 ], [ 101.686102, 2.620728, 0.0 ], [ 101.684458, 2.621168, 0.0 ], [ 101.684029, 2.621283, 0.0 ], [ 101.68289, 2.621712, 0.0 ], [ 101.682232, 2.622206, 0.0 ], [ 101.682182, 2.622244, 0.0 ], [ 101.681739, 2.622667, 0.0 ], [ 101.681625, 2.622777, 0.0 ], [ 101.681624, 2.622942, 0.0 ], [ 101.681623, 2.623488, 0.0 ], [ 101.682733, 2.624252, 0.0 ], [ 101.682809, 2.624304, 0.0 ], [ 101.684728, 2.624239, 0.0 ], [ 101.687596, 2.624767, 0.0 ], [ 101.688151, 2.625777, 0.0 ], [ 101.688202, 2.625869, 0.0 ], [ 101.688025, 2.627266, 0.0 ], [ 101.687044, 2.628784, 0.0 ], [ 101.686909, 2.628992, 0.0 ], [ 101.68694, 2.62929, 0.0 ], [ 101.687285, 2.629613, 0.0 ], [ 101.687547, 2.629931, 0.0 ], [ 101.687739, 2.630039, 0.0 ], [ 101.688228, 2.630313, 0.0 ], [ 101.688293, 2.630424, 0.0 ], [ 101.688407, 2.630619, 0.0 ], [ 101.688458, 2.632143, 0.0 ], [ 101.688115, 2.632506, 0.0 ], [ 101.687771, 2.633409, 0.0 ], [ 101.687874, 2.633827, 0.0 ], [ 101.687993, 2.635584, 0.0 ], [ 101.688059, 2.636564, 0.0 ], [ 101.688062, 2.63661, 0.0 ], [ 101.687249, 2.638869, 0.0 ], [ 101.686957, 2.639411, 0.0 ], [ 101.686894, 2.639529, 0.0 ], [ 101.686911, 2.640538, 0.0 ], [ 101.687325, 2.64292, 0.0 ], [ 101.687595, 2.643379, 0.0 ], [ 101.687694, 2.643546, 0.0 ], [ 101.6886, 2.644096, 0.0 ], [ 101.6887, 2.644156, 0.0 ], [ 101.688896, 2.644223, 0.0 ], [ 101.689319, 2.644406, 0.0 ], [ 101.690119, 2.645105, 0.0 ], [ 101.690126, 2.646304, 0.0 ], [ 101.689832, 2.646746, 0.0 ], [ 101.689362, 2.646884, 0.0 ], [ 101.688964, 2.646936, 0.0 ], [ 101.688912, 2.646943, 0.0 ], [ 101.687778, 2.646279, 0.0 ], [ 101.687684, 2.646817, 0.0 ], [ 101.687601, 2.647464, 0.0 ], [ 101.687586, 2.647532, 0.0 ], [ 101.687482, 2.648004, 0.0 ], [ 101.688102, 2.649753, 0.0 ], [ 101.688183, 2.649981, 0.0 ], [ 101.68833, 2.650427, 0.0 ], [ 101.688366, 2.650539, 0.0 ], [ 101.689607, 2.651386, 0.0 ], [ 101.689858, 2.651995, 0.0 ], [ 101.689452, 2.653007, 0.0 ], [ 101.688595, 2.653563, 0.0 ], [ 101.688582, 2.653577, 0.0 ], [ 101.688538, 2.653627, 0.0 ], [ 101.688224, 2.653984, 0.0 ], [ 101.688194, 2.654274, 0.0 ], [ 101.688124, 2.654759, 0.0 ], [ 101.688207, 2.656188, 0.0 ], [ 101.688219, 2.656433, 0.0 ], [ 101.688104, 2.657176, 0.0 ], [ 101.687723, 2.659149, 0.0 ] ] ] } },
{ "type": "Feature", "properties": { "Name": "113/54/02  SUNGAI RAWANG", "description": "1135402    <br>       <br>   KODDMA   1135402    <br>   LUAS   8942194.50892    <br>   JOBID       <br>   NAMADMA   SUNGAI RAWANG    <br>   Status   1    <br>   JUMLAH_PEM   1153    <br>   SHAPE_Leng   17163.353859", "timestamp": null, "begin": null, "end": null, "altitudeMode": null, "tessellate": -1, "extrude": 0, "visibility": -1, "drawOrder": null, "icon": null }, "geometry": { "type": "Polygon", "coordinates": [ [ [ 101.670882, 2.677672, 0.0 ], [ 101.670869, 2.67936, 0.0 ], [ 101.670805, 2.682245, 0.0 ], [ 101.6708, 2.683589, 0.0 ], [ 101.6708, 2.683599, 0.0 ], [ 101.670785, 2.687073, 0.0 ], [ 101.670795, 2.68878, 0.0 ], [ 101.670806, 2.690468, 0.0 ], [ 101.670807, 2.690535, 0.0 ], [ 101.6708, 2.691178, 0.0 ], [ 101.673409, 2.691186, 0.0 ], [ 101.673869, 2.691187, 0.0 ], [ 101.673387, 2.70077, 0.0 ], [ 101.672988, 2.700795, 0.0 ], [ 101.653204, 2.700749, 0.0 ], [ 101.653218, 2.698649, 0.0 ], [ 101.653344, 2.694374, 0.0 ], [ 101.653491, 2.689772, 0.0 ], [ 101.653573, 2.686712, 0.0 ], [ 101.653573, 2.686711, 0.0 ], [ 101.653668, 2.683095, 0.0 ], [ 101.653669, 2.682974, 0.0 ], [ 101.653681, 2.681991, 0.0 ], [ 101.653698, 2.680502, 0.0 ], [ 101.653702, 2.680125, 0.0 ], [ 101.653711, 2.679406, 0.0 ], [ 101.653749, 2.675749, 0.0 ], [ 101.65689, 2.675789, 0.0 ], [ 101.659674, 2.675789, 0.0 ], [ 101.660699, 2.675873, 0.0 ], [ 101.66384, 2.675906, 0.0 ], [ 101.663837, 2.674768, 0.0 ], [ 101.663858, 2.672952, 0.0 ], [ 101.663857, 2.672076, 0.0 ], [ 101.663857, 2.671584, 0.0 ], [ 101.663836, 2.669513, 0.0 ], [ 101.663857, 2.668196, 0.0 ], [ 101.663857, 2.668172, 0.0 ], [ 101.663844, 2.665021, 0.0 ], [ 101.663775, 2.665021, 0.0 ], [ 101.663778, 2.663175, 0.0 ], [ 101.663856, 2.663078, 0.0 ], [ 101.666901, 2.663052, 0.0 ], [ 101.666908, 2.662831, 0.0 ], [ 101.666908, 2.662827, 0.0 ], [ 101.666919, 2.662536, 0.0 ], [ 101.666919, 2.662498, 0.0 ], [ 101.666919, 2.662375, 0.0 ], [ 101.666919, 2.662216, 0.0 ], [ 101.66694, 2.661924, 0.0 ], [ 101.66694, 2.661923, 0.0 ], [ 101.666963, 2.661633, 0.0 ], [ 101.66698, 2.661473, 0.0 ], [ 101.666995, 2.661331, 0.0 ], [ 101.667024, 2.661023, 0.0 ], [ 101.667026, 2.661008, 0.0 ], [ 101.667051, 2.660694, 0.0 ], [ 101.667058, 2.660573, 0.0 ], [ 101.667068, 2.660407, 0.0 ], [ 101.667074, 2.660329, 0.0 ], [ 101.66709, 2.660128, 0.0 ], [ 101.667091, 2.660122, 0.0 ], [ 101.667113, 2.659853, 0.0 ], [ 101.667118, 2.659798, 0.0 ], [ 101.667127, 2.659671, 0.0 ], [ 101.667138, 2.659505, 0.0 ], [ 101.667158, 2.65922, 0.0 ], [ 101.66716, 2.659201, 0.0 ], [ 101.66718, 2.65889, 0.0 ], [ 101.667183, 2.658696, 0.0 ], [ 101.668077, 2.658704, 0.0 ], [ 101.668856, 2.65874, 0.0 ], [ 101.670166, 2.65883, 0.0 ], [ 101.671705, 2.658888, 0.0 ], [ 101.673135, 2.658958, 0.0 ], [ 101.673676, 2.65898, 0.0 ], [ 101.677177, 2.659123, 0.0 ], [ 101.678723, 2.659127, 0.0 ], [ 101.678985, 2.659086, 0.0 ], [ 101.681177, 2.659113, 0.0 ], [ 101.683515, 2.659119, 0.0 ], [ 101.683703, 2.659123, 0.0 ], [ 101.685006, 2.659147, 0.0 ], [ 101.687721, 2.659149, 0.0 ], [ 101.687536, 2.659917, 0.0 ], [ 101.686409, 2.661277, 0.0 ], [ 101.685362, 2.662043, 0.0 ], [ 101.685329, 2.662117, 0.0 ], [ 101.684421, 2.664108, 0.0 ], [ 101.68439, 2.664175, 0.0 ], [ 101.684393, 2.66421, 0.0 ], [ 101.684437, 2.664815, 0.0 ], [ 101.684445, 2.664918, 0.0 ], [ 101.684266, 2.665336, 0.0 ], [ 101.68418, 2.665535, 0.0 ], [ 101.68386, 2.665957, 0.0 ], [ 101.683679, 2.666195, 0.0 ], [ 101.683318, 2.666548, 0.0 ], [ 101.683107, 2.666724, 0.0 ], [ 101.683064, 2.666782, 0.0 ], [ 101.683013, 2.666852, 0.0 ], [ 101.682887, 2.667023, 0.0 ], [ 101.682886, 2.667031, 0.0 ], [ 101.68288, 2.667073, 0.0 ], [ 101.682798, 2.667652, 0.0 ], [ 101.68278, 2.667782, 0.0 ], [ 101.682825, 2.667982, 0.0 ], [ 101.68298, 2.668673, 0.0 ], [ 101.682609, 2.668653, 0.0 ], [ 101.682244, 2.668682, 0.0 ], [ 101.679491, 2.66862, 0.0 ], [ 101.678465, 2.668631, 0.0 ], [ 101.678465, 2.66864, 0.0 ], [ 101.678386, 2.670523, 0.0 ], [ 101.678335, 2.671747, 0.0 ], [ 101.678331, 2.672446, 0.0 ], [ 101.678331, 2.672455, 0.0 ], [ 101.67833, 2.672455, 0.0 ], [ 101.678272, 2.67243, 0.0 ], [ 101.677793, 2.672423, 0.0 ], [ 101.677392, 2.67241, 0.0 ], [ 101.674193, 2.672305, 0.0 ], [ 101.673452, 2.672286, 0.0 ], [ 101.673103, 2.672277, 0.0 ], [ 101.671256, 2.672231, 0.0 ], [ 101.670959, 2.672214, 0.0 ], [ 101.670952, 2.672263, 0.0 ], [ 101.670869, 2.675814, 0.0 ], [ 101.670882, 2.677672, 0.0 ] ] ] } },
{ "type": "Feature", "properties": { "Name": "113/54/03  TANJONG RHU", "description": "1135403    <br>       <br>   KODDMA   1135403    <br>   LUAS   82778586.186    <br>   JOBID       <br>   NAMADMA   TANJONG RHU    <br>   Status   1    <br>   JUMLAH_PEM   1155    <br>   SHAPE_Leng   44619.182767", "timestamp": null, "begin": null, "end": null, "altitudeMode": null, "tessellate": -1, "extrude": 0, "visibility": -1, "drawOrder": null, "icon": null }, "geometry": { "type": "Polygon", "coordinates": [ [ [ 101.631549, 2.727597, 0.0 ], [ 101.628887, 2.727598, 0.0 ], [ 101.626189, 2.727598, 0.0 ], [ 101.623491, 2.727598, 0.0 ], [ 101.620793, 2.727599, 0.0 ], [ 101.618096, 2.727599, 0.0 ], [ 101.615398, 2.7276, 0.0 ], [ 101.612879, 2.727599, 0.0 ], [ 101.610406, 2.727599, 0.0 ], [ 101.607708, 2.7276, 0.0 ], [ 101.60501, 2.7276, 0.0 ], [ 101.603122, 2.727601, 0.0 ], [ 101.601741, 2.727602, 0.0 ], [ 101.596132, 2.727582, 0.0 ], [ 101.595831, 2.727581, 0.0 ], [ 101.595829, 2.727119, 0.0 ], [ 101.595768, 2.71027, 0.0 ], [ 101.596126, 2.691665, 0.0 ], [ 101.596187, 2.688496, 0.0 ], [ 101.596195, 2.688097, 0.0 ], [ 101.596229, 2.686315, 0.0 ], [ 101.596234, 2.686058, 0.0 ], [ 101.596562, 2.669023, 0.0 ], [ 101.596344, 2.669018, 0.0 ], [ 101.596298, 2.668593, 0.0 ], [ 101.596301, 2.668536, 0.0 ], [ 101.596301, 2.668433, 0.0 ], [ 101.596303, 2.668323, 0.0 ], [ 101.596307, 2.668195, 0.0 ], [ 101.596309, 2.668141, 0.0 ], [ 101.596311, 2.668062, 0.0 ], [ 101.596315, 2.667923, 0.0 ], [ 101.596321, 2.667779, 0.0 ], [ 101.596325, 2.667689, 0.0 ], [ 101.596326, 2.667631, 0.0 ], [ 101.596333, 2.667483, 0.0 ], [ 101.596339, 2.667339, 0.0 ], [ 101.596343, 2.667238, 0.0 ], [ 101.596345, 2.667197, 0.0 ], [ 101.596351, 2.667059, 0.0 ], [ 101.596354, 2.666925, 0.0 ], [ 101.596358, 2.666796, 0.0 ], [ 101.596357, 2.666786, 0.0 ], [ 101.596355, 2.666668, 0.0 ], [ 101.596359, 2.66654, 0.0 ], [ 101.596363, 2.666405, 0.0 ], [ 101.596364, 2.666334, 0.0 ], [ 101.596368, 2.666264, 0.0 ], [ 101.596373, 2.666118, 0.0 ], [ 101.596384, 2.665967, 0.0 ], [ 101.596387, 2.665882, 0.0 ], [ 101.59639, 2.665813, 0.0 ], [ 101.596396, 2.665665, 0.0 ], [ 101.596402, 2.665518, 0.0 ], [ 101.596406, 2.665431, 0.0 ], [ 101.596407, 2.665368, 0.0 ], [ 101.596404, 2.66522, 0.0 ], [ 101.596412, 2.665074, 0.0 ], [ 101.596416, 2.664979, 0.0 ], [ 101.596418, 2.664925, 0.0 ], [ 101.596422, 2.664778, 0.0 ], [ 101.596427, 2.664635, 0.0 ], [ 101.596428, 2.664527, 0.0 ], [ 101.596429, 2.664486, 0.0 ], [ 101.596435, 2.664334, 0.0 ], [ 101.59644, 2.664183, 0.0 ], [ 101.596444, 2.664075, 0.0 ], [ 101.596446, 2.664037, 0.0 ], [ 101.596451, 2.663896, 0.0 ], [ 101.596459, 2.663752, 0.0 ], [ 101.596464, 2.663623, 0.0 ], [ 101.596465, 2.663602, 0.0 ], [ 101.59647, 2.66345, 0.0 ], [ 101.596476, 2.663303, 0.0 ], [ 101.596481, 2.663172, 0.0 ], [ 101.596481, 2.66316, 0.0 ], [ 101.596482, 2.663021, 0.0 ], [ 101.596491, 2.662887, 0.0 ], [ 101.596493, 2.662755, 0.0 ], [ 101.596495, 2.66272, 0.0 ], [ 101.596497, 2.662626, 0.0 ], [ 101.596502, 2.662501, 0.0 ], [ 101.596507, 2.662379, 0.0 ], [ 101.596511, 2.662268, 0.0 ], [ 101.596512, 2.662259, 0.0 ], [ 101.596515, 2.66214, 0.0 ], [ 101.596518, 2.662023, 0.0 ], [ 101.596523, 2.661908, 0.0 ], [ 101.596526, 2.661816, 0.0 ], [ 101.596527, 2.66179, 0.0 ], [ 101.596532, 2.661668, 0.0 ], [ 101.596536, 2.661544, 0.0 ], [ 101.59654, 2.661417, 0.0 ], [ 101.596542, 2.661364, 0.0 ], [ 101.596545, 2.661282, 0.0 ], [ 101.596547, 2.661142, 0.0 ], [ 101.596557, 2.660993, 0.0 ], [ 101.596561, 2.660913, 0.0 ], [ 101.596564, 2.660841, 0.0 ], [ 101.59657, 2.660693, 0.0 ], [ 101.596573, 2.660549, 0.0 ], [ 101.596574, 2.660461, 0.0 ], [ 101.596574, 2.660406, 0.0 ], [ 101.596578, 2.660262, 0.0 ], [ 101.596582, 2.660117, 0.0 ], [ 101.596584, 2.660009, 0.0 ], [ 101.596585, 2.659972, 0.0 ], [ 101.596591, 2.659826, 0.0 ], [ 101.596597, 2.659678, 0.0 ], [ 101.596601, 2.659557, 0.0 ], [ 101.596602, 2.65953, 0.0 ], [ 101.596607, 2.659382, 0.0 ], [ 101.596609, 2.659235, 0.0 ], [ 101.596614, 2.659105, 0.0 ], [ 101.596615, 2.659087, 0.0 ], [ 101.59662, 2.658938, 0.0 ], [ 101.596625, 2.65879, 0.0 ], [ 101.59663, 2.658653, 0.0 ], [ 101.59663, 2.658644, 0.0 ], [ 101.596634, 2.658498, 0.0 ], [ 101.59664, 2.658348, 0.0 ], [ 101.596644, 2.658202, 0.0 ], [ 101.596645, 2.658195, 0.0 ], [ 101.596649, 2.658041, 0.0 ], [ 101.596654, 2.657889, 0.0 ], [ 101.596658, 2.65775, 0.0 ], [ 101.596658, 2.657739, 0.0 ], [ 101.596662, 2.657591, 0.0 ], [ 101.596669, 2.657443, 0.0 ], [ 101.59667, 2.657298, 0.0 ], [ 101.59667, 2.657295, 0.0 ], [ 101.596676, 2.657148, 0.0 ], [ 101.596681, 2.657, 0.0 ], [ 101.596686, 2.656852, 0.0 ], [ 101.596686, 2.656846, 0.0 ], [ 101.596691, 2.656705, 0.0 ], [ 101.596696, 2.656565, 0.0 ], [ 101.5967, 2.656429, 0.0 ], [ 101.596701, 2.656394, 0.0 ], [ 101.596704, 2.656295, 0.0 ], [ 101.596709, 2.656163, 0.0 ], [ 101.596714, 2.656028, 0.0 ], [ 101.596717, 2.655942, 0.0 ], [ 101.596718, 2.655893, 0.0 ], [ 101.596724, 2.655757, 0.0 ], [ 101.596728, 2.655625, 0.0 ], [ 101.596733, 2.655495, 0.0 ], [ 101.596733, 2.65549, 0.0 ], [ 101.596738, 2.65536, 0.0 ], [ 101.596741, 2.655223, 0.0 ], [ 101.596744, 2.655088, 0.0 ], [ 101.596746, 2.655039, 0.0 ], [ 101.596748, 2.654954, 0.0 ], [ 101.596752, 2.65482, 0.0 ], [ 101.596754, 2.654688, 0.0 ], [ 101.596757, 2.654587, 0.0 ], [ 101.596757, 2.654557, 0.0 ], [ 101.596762, 2.654426, 0.0 ], [ 101.596766, 2.654293, 0.0 ], [ 101.596771, 2.654162, 0.0 ], [ 101.596772, 2.654135, 0.0 ], [ 101.596775, 2.654037, 0.0 ], [ 101.596779, 2.653914, 0.0 ], [ 101.596788, 2.653683, 0.0 ], [ 101.596792, 2.653585, 0.0 ], [ 101.596798, 2.65344, 0.0 ], [ 101.596803, 2.653292, 0.0 ], [ 101.596806, 2.653231, 0.0 ], [ 101.59681, 2.653144, 0.0 ], [ 101.596814, 2.653, 0.0 ], [ 101.596817, 2.652859, 0.0 ], [ 101.596819, 2.652779, 0.0 ], [ 101.596821, 2.652718, 0.0 ], [ 101.596825, 2.652581, 0.0 ], [ 101.59683, 2.652454, 0.0 ], [ 101.596835, 2.652339, 0.0 ], [ 101.596835, 2.652327, 0.0 ], [ 101.596838, 2.652232, 0.0 ], [ 101.596841, 2.652125, 0.0 ], [ 101.596845, 2.652018, 0.0 ], [ 101.596849, 2.651876, 0.0 ], [ 101.596852, 2.651754, 0.0 ], [ 101.596861, 2.651641, 0.0 ], [ 101.596867, 2.651523, 0.0 ], [ 101.59687, 2.651424, 0.0 ], [ 101.59687, 2.65141, 0.0 ], [ 101.596873, 2.651301, 0.0 ], [ 101.596888, 2.65114, 0.0 ], [ 101.596894, 2.65103, 0.0 ], [ 101.59689, 2.650973, 0.0 ], [ 101.596887, 2.650929, 0.0 ], [ 101.596891, 2.650831, 0.0 ], [ 101.596895, 2.650733, 0.0 ], [ 101.5969, 2.650598, 0.0 ], [ 101.596903, 2.650521, 0.0 ], [ 101.596904, 2.650504, 0.0 ], [ 101.596909, 2.650406, 0.0 ], [ 101.596911, 2.650069, 0.0 ], [ 101.596913, 2.649923, 0.0 ], [ 101.596926, 2.649638, 0.0 ], [ 101.596927, 2.649618, 0.0 ], [ 101.596931, 2.649525, 0.0 ], [ 101.596934, 2.649416, 0.0 ], [ 101.596936, 2.64931, 0.0 ], [ 101.596941, 2.649199, 0.0 ], [ 101.596941, 2.649166, 0.0 ], [ 101.596943, 2.64909, 0.0 ], [ 101.596945, 2.648983, 0.0 ], [ 101.596949, 2.648875, 0.0 ], [ 101.596952, 2.648771, 0.0 ], [ 101.596972, 2.648283, 0.0 ], [ 101.596978, 2.648175, 0.0 ], [ 101.596983, 2.648103, 0.0 ], [ 101.596979, 2.64807, 0.0 ], [ 101.596961, 2.648002, 0.0 ], [ 101.596957, 2.647988, 0.0 ], [ 101.596944, 2.647045, 0.0 ], [ 101.588188, 2.643957, 0.0 ], [ 101.588227, 2.643907, 0.0 ], [ 101.588326, 2.643754, 0.0 ], [ 101.588713, 2.643872, 0.0 ], [ 101.588867, 2.643321, 0.0 ], [ 101.589119, 2.643177, 0.0 ], [ 101.589425, 2.642942, 0.0 ], [ 101.589902, 2.642627, 0.0 ], [ 101.590089, 2.642464, 0.0 ], [ 101.590245, 2.642248, 0.0 ], [ 101.590201, 2.641949, 0.0 ], [ 101.590156, 2.64166, 0.0 ], [ 101.590175, 2.641515, 0.0 ], [ 101.590777, 2.641526, 0.0 ], [ 101.590954, 2.641578, 0.0 ], [ 101.590995, 2.637137, 0.0 ], [ 101.594387, 2.635558, 0.0 ], [ 101.597676, 2.634027, 0.0 ], [ 101.601023, 2.632469, 0.0 ], [ 101.604946, 2.630643, 0.0 ], [ 101.607985, 2.629228, 0.0 ], [ 101.610432, 2.628089, 0.0 ], [ 101.612556, 2.6271, 0.0 ], [ 101.615797, 2.626609, 0.0 ], [ 101.617997, 2.626275, 0.0 ], [ 101.624769, 2.625248, 0.0 ], [ 101.63, 2.624458, 0.0 ], [ 101.632743, 2.624043, 0.0 ], [ 101.635529, 2.62362, 0.0 ], [ 101.635835, 2.623574, 0.0 ], [ 101.639342, 2.62361, 0.0 ], [ 101.643341, 2.62249, 0.0 ], [ 101.647186, 2.621415, 0.0 ], [ 101.649489, 2.62077, 0.0 ], [ 101.650839, 2.620277, 0.0 ], [ 101.65195, 2.619871, 0.0 ], [ 101.654559, 2.618917, 0.0 ], [ 101.657612, 2.6178, 0.0 ], [ 101.660832, 2.616623, 0.0 ], [ 101.661703, 2.616304, 0.0 ], [ 101.663407, 2.614973, 0.0 ], [ 101.665828, 2.613081, 0.0 ], [ 101.668449, 2.615697, 0.0 ], [ 101.67007, 2.61731, 0.0 ], [ 101.670179, 2.617418, 0.0 ], [ 101.670628, 2.617865, 0.0 ], [ 101.67102, 2.618255, 0.0 ], [ 101.670562, 2.619098, 0.0 ], [ 101.670842, 2.620468, 0.0 ], [ 101.670805, 2.63951, 0.0 ], [ 101.670803, 2.640336, 0.0 ], [ 101.670803, 2.640484, 0.0 ], [ 101.670822, 2.640471, 0.0 ], [ 101.670966, 2.640372, 0.0 ], [ 101.671014, 2.640339, 0.0 ], [ 101.671117, 2.640268, 0.0 ], [ 101.671175, 2.640229, 0.0 ], [ 101.671203, 2.64021, 0.0 ], [ 101.671277, 2.640156, 0.0 ], [ 101.671297, 2.640142, 0.0 ], [ 101.67139, 2.640077, 0.0 ], [ 101.671483, 2.640013, 0.0 ], [ 101.671544, 2.639971, 0.0 ], [ 101.671574, 2.63995, 0.0 ], [ 101.671616, 2.639922, 0.0 ], [ 101.671666, 2.639889, 0.0 ], [ 101.671756, 2.639826, 0.0 ], [ 101.671855, 2.639757, 0.0 ], [ 101.671861, 2.639752, 0.0 ], [ 101.671884, 2.639736, 0.0 ], [ 101.671914, 2.639715, 0.0 ], [ 101.671976, 2.639671, 0.0 ], [ 101.672019, 2.639641, 0.0 ], [ 101.672104, 2.639585, 0.0 ], [ 101.672188, 2.639526, 0.0 ], [ 101.67227, 2.639469, 0.0 ], [ 101.672284, 2.639458, 0.0 ], [ 101.672349, 2.639411, 0.0 ], [ 101.672464, 2.639331, 0.0 ], [ 101.672608, 2.639228, 0.0 ], [ 101.672652, 2.639197, 0.0 ], [ 101.672742, 2.639133, 0.0 ], [ 101.672868, 2.63904, 0.0 ], [ 101.672989, 2.638954, 0.0 ], [ 101.673016, 2.638934, 0.0 ], [ 101.673096, 2.638875, 0.0 ], [ 101.673215, 2.638786, 0.0 ], [ 101.673293, 2.638725, 0.0 ], [ 101.673375, 2.638661, 0.0 ], [ 101.673438, 2.638611, 0.0 ], [ 101.673588, 2.638493, 0.0 ], [ 101.673725, 2.638378, 0.0 ], [ 101.673735, 2.638369, 0.0 ], [ 101.673961, 2.638179, 0.0 ], [ 101.674069, 2.638088, 0.0 ], [ 101.674125, 2.63804, 0.0 ], [ 101.674274, 2.637914, 0.0 ], [ 101.67429, 2.637901, 0.0 ], [ 101.674293, 2.637977, 0.0 ], [ 101.674295, 2.638009, 0.0 ], [ 101.674295, 2.638021, 0.0 ], [ 101.674302, 2.638153, 0.0 ], [ 101.674298, 2.638259, 0.0 ], [ 101.674297, 2.638287, 0.0 ], [ 101.674283, 2.638555, 0.0 ], [ 101.674282, 2.638589, 0.0 ], [ 101.674281, 2.638619, 0.0 ], [ 101.67428, 2.638645, 0.0 ], [ 101.674279, 2.638666, 0.0 ], [ 101.674278, 2.638686, 0.0 ], [ 101.674277, 2.63871, 0.0 ], [ 101.674276, 2.638739, 0.0 ], [ 101.674262, 2.639191, 0.0 ], [ 101.674248, 2.639643, 0.0 ], [ 101.674234, 2.640095, 0.0 ], [ 101.674232, 2.640179, 0.0 ], [ 101.674229, 2.640231, 0.0 ], [ 101.67422, 2.64046, 0.0 ], [ 101.67422, 2.640498, 0.0 ], [ 101.67422, 2.64053, 0.0 ], [ 101.674219, 2.640547, 0.0 ], [ 101.674219, 2.640555, 0.0 ], [ 101.674219, 2.640573, 0.0 ], [ 101.674219, 2.640585, 0.0 ], [ 101.674219, 2.640593, 0.0 ], [ 101.674219, 2.640603, 0.0 ], [ 101.674202, 2.640998, 0.0 ], [ 101.674192, 2.64122, 0.0 ], [ 101.674185, 2.64145, 0.0 ], [ 101.674178, 2.641645, 0.0 ], [ 101.674176, 2.641749, 0.0 ], [ 101.674172, 2.641852, 0.0 ], [ 101.67417, 2.641902, 0.0 ], [ 101.674168, 2.641951, 0.0 ], [ 101.674164, 2.642052, 0.0 ], [ 101.674161, 2.642151, 0.0 ], [ 101.674158, 2.642249, 0.0 ], [ 101.674155, 2.642346, 0.0 ], [ 101.674155, 2.642354, 0.0 ], [ 101.674152, 2.642421, 0.0 ], [ 101.674151, 2.642443, 0.0 ], [ 101.674149, 2.642509, 0.0 ], [ 101.674149, 2.642539, 0.0 ], [ 101.674148, 2.64255, 0.0 ], [ 101.674145, 2.642634, 0.0 ], [ 101.674141, 2.642727, 0.0 ], [ 101.674139, 2.642806, 0.0 ], [ 101.674138, 2.64282, 0.0 ], [ 101.674137, 2.642912, 0.0 ], [ 101.674134, 2.643003, 0.0 ], [ 101.674131, 2.643092, 0.0 ], [ 101.674128, 2.643181, 0.0 ], [ 101.674126, 2.643257, 0.0 ], [ 101.674125, 2.643268, 0.0 ], [ 101.674123, 2.643354, 0.0 ], [ 101.67412, 2.643438, 0.0 ], [ 101.674117, 2.643521, 0.0 ], [ 101.674114, 2.643602, 0.0 ], [ 101.674111, 2.643684, 0.0 ], [ 101.67411, 2.643709, 0.0 ], [ 101.674108, 2.643766, 0.0 ], [ 101.674106, 2.643847, 0.0 ], [ 101.674104, 2.643926, 0.0 ], [ 101.6741, 2.644006, 0.0 ], [ 101.6741, 2.644087, 0.0 ], [ 101.674098, 2.644161, 0.0 ], [ 101.674097, 2.644169, 0.0 ], [ 101.674095, 2.644254, 0.0 ], [ 101.674083, 2.644482, 0.0 ], [ 101.673773, 2.644524, 0.0 ], [ 101.673762, 2.644525, 0.0 ], [ 101.673342, 2.644582, 0.0 ], [ 101.673317, 2.644585, 0.0 ], [ 101.673031, 2.644625, 0.0 ], [ 101.672871, 2.644645, 0.0 ], [ 101.672724, 2.644663, 0.0 ], [ 101.672428, 2.644703, 0.0 ], [ 101.672425, 2.644703, 0.0 ], [ 101.672149, 2.644744, 0.0 ], [ 101.671981, 2.644767, 0.0 ], [ 101.671858, 2.644783, 0.0 ], [ 101.671569, 2.644818, 0.0 ], [ 101.671535, 2.644823, 0.0 ], [ 101.671269, 2.644861, 0.0 ], [ 101.67109, 2.644888, 0.0 ], [ 101.670954, 2.644909, 0.0 ], [ 101.670652, 2.644951, 0.0 ], [ 101.670645, 2.644953, 0.0 ], [ 101.670363, 2.644983, 0.0 ], [ 101.670199, 2.645009, 0.0 ], [ 101.670073, 2.645029, 0.0 ], [ 101.669799, 2.645076, 0.0 ], [ 101.669755, 2.645082, 0.0 ], [ 101.669483, 2.645115, 0.0 ], [ 101.669309, 2.645138, 0.0 ], [ 101.66918, 2.645156, 0.0 ], [ 101.668864, 2.645196, 0.0 ], [ 101.668537, 2.645239, 0.0 ], [ 101.668418, 2.645257, 0.0 ], [ 101.668262, 2.645281, 0.0 ], [ 101.667974, 2.645324, 0.0 ], [ 101.66797, 2.645325, 0.0 ], [ 101.667942, 2.64533, 0.0 ], [ 101.667907, 2.645337, 0.0 ], [ 101.667869, 2.645351, 0.0 ], [ 101.667845, 2.64537, 0.0 ], [ 101.667843, 2.645372, 0.0 ], [ 101.667835, 2.645386, 0.0 ], [ 101.667827, 2.645403, 0.0 ], [ 101.667817, 2.64544, 0.0 ], [ 101.667809, 2.645486, 0.0 ], [ 101.667806, 2.645519, 0.0 ], [ 101.6678, 2.645675, 0.0 ], [ 101.667796, 2.645811, 0.0 ], [ 101.667783, 2.646114, 0.0 ], [ 101.667783, 2.646127, 0.0 ], [ 101.667771, 2.646413, 0.0 ], [ 101.667763, 2.646579, 0.0 ], [ 101.667758, 2.646706, 0.0 ], [ 101.667748, 2.646956, 0.0 ], [ 101.667747, 2.646978, 0.0 ], [ 101.667745, 2.647031, 0.0 ], [ 101.667735, 2.647266, 0.0 ], [ 101.667725, 2.647482, 0.0 ], [ 101.667706, 2.647934, 0.0 ], [ 101.667687, 2.648386, 0.0 ], [ 101.667678, 2.648603, 0.0 ], [ 101.667673, 2.648727, 0.0 ], [ 101.667663, 2.648837, 0.0 ], [ 101.66765, 2.649001, 0.0 ], [ 101.66765, 2.649288, 0.0 ], [ 101.66765, 2.6494, 0.0 ], [ 101.667638, 2.64974, 0.0 ], [ 101.667622, 2.650192, 0.0 ], [ 101.667605, 2.650644, 0.0 ], [ 101.667588, 2.651096, 0.0 ], [ 101.667572, 2.651548, 0.0 ], [ 101.667569, 2.651622, 0.0 ], [ 101.667524, 2.651895, 0.0 ], [ 101.66752, 2.651996, 0.0 ], [ 101.667511, 2.652175, 0.0 ], [ 101.667499, 2.652448, 0.0 ], [ 101.667499, 2.652462, 0.0 ], [ 101.667483, 2.652742, 0.0 ], [ 101.667475, 2.652899, 0.0 ], [ 101.667456, 2.653337, 0.0 ], [ 101.667456, 2.653351, 0.0 ], [ 101.667447, 2.653623, 0.0 ], [ 101.66744, 2.653802, 0.0 ], [ 101.667421, 2.654253, 0.0 ], [ 101.667401, 2.654706, 0.0 ], [ 101.667396, 2.654822, 0.0 ], [ 101.667392, 2.65489, 0.0 ], [ 101.667378, 2.655121, 0.0 ], [ 101.667376, 2.655157, 0.0 ], [ 101.667349, 2.655609, 0.0 ], [ 101.667323, 2.65606, 0.0 ], [ 101.667317, 2.656159, 0.0 ], [ 101.667309, 2.656475, 0.0 ], [ 101.667308, 2.656512, 0.0 ], [ 101.667297, 2.656769, 0.0 ], [ 101.667288, 2.656963, 0.0 ], [ 101.667282, 2.657079, 0.0 ], [ 101.667264, 2.657398, 0.0 ], [ 101.667263, 2.657415, 0.0 ], [ 101.667248, 2.657712, 0.0 ], [ 101.667239, 2.657865, 0.0 ], [ 101.667231, 2.658012, 0.0 ], [ 101.667215, 2.658292, 0.0 ], [ 101.667214, 2.658318, 0.0 ], [ 101.667183, 2.658696, 0.0 ], [ 101.66718, 2.65889, 0.0 ], [ 101.66716, 2.659201, 0.0 ], [ 101.667158, 2.65922, 0.0 ], [ 101.667138, 2.659505, 0.0 ], [ 101.667127, 2.659671, 0.0 ], [ 101.667118, 2.659798, 0.0 ], [ 101.667113, 2.659853, 0.0 ], [ 101.667091, 2.660122, 0.0 ], [ 101.66709, 2.660128, 0.0 ], [ 101.667074, 2.660329, 0.0 ], [ 101.667068, 2.660407, 0.0 ], [ 101.667058, 2.660573, 0.0 ], [ 101.667051, 2.660694, 0.0 ], [ 101.667026, 2.661008, 0.0 ], [ 101.667024, 2.661023, 0.0 ], [ 101.666995, 2.661331, 0.0 ], [ 101.66698, 2.661473, 0.0 ], [ 101.666963, 2.661633, 0.0 ], [ 101.66694, 2.661923, 0.0 ], [ 101.66694, 2.661924, 0.0 ], [ 101.666919, 2.662216, 0.0 ], [ 101.666919, 2.662375, 0.0 ], [ 101.666919, 2.662498, 0.0 ], [ 101.666919, 2.662536, 0.0 ], [ 101.666908, 2.662827, 0.0 ], [ 101.666908, 2.662831, 0.0 ], [ 101.666901, 2.663052, 0.0 ], [ 101.663856, 2.663078, 0.0 ], [ 101.663778, 2.663175, 0.0 ], [ 101.663775, 2.665021, 0.0 ], [ 101.663844, 2.665021, 0.0 ], [ 101.663857, 2.668172, 0.0 ], [ 101.663857, 2.668196, 0.0 ], [ 101.663836, 2.669513, 0.0 ], [ 101.663857, 2.671584, 0.0 ], [ 101.663857, 2.672076, 0.0 ], [ 101.663858, 2.672952, 0.0 ], [ 101.663837, 2.674768, 0.0 ], [ 101.66384, 2.675906, 0.0 ], [ 101.660699, 2.675873, 0.0 ], [ 101.659674, 2.675789, 0.0 ], [ 101.65689, 2.675789, 0.0 ], [ 101.653749, 2.675749, 0.0 ], [ 101.653711, 2.679406, 0.0 ], [ 101.653702, 2.680125, 0.0 ], [ 101.653698, 2.680502, 0.0 ], [ 101.653681, 2.681991, 0.0 ], [ 101.653669, 2.682974, 0.0 ], [ 101.653668, 2.683095, 0.0 ], [ 101.653573, 2.686711, 0.0 ], [ 101.653573, 2.686712, 0.0 ], [ 101.653491, 2.689772, 0.0 ], [ 101.653344, 2.694374, 0.0 ], [ 101.653218, 2.698649, 0.0 ], [ 101.653204, 2.700749, 0.0 ], [ 101.672988, 2.700795, 0.0 ], [ 101.673387, 2.70077, 0.0 ], [ 101.673385, 2.700796, 0.0 ], [ 101.673342, 2.701662, 0.0 ], [ 101.67221, 2.702307, 0.0 ], [ 101.669862, 2.703643, 0.0 ], [ 101.66758, 2.704941, 0.0 ], [ 101.665228, 2.706279, 0.0 ], [ 101.663052, 2.707517, 0.0 ], [ 101.661138, 2.708606, 0.0 ], [ 101.658821, 2.709924, 0.0 ], [ 101.657464, 2.710696, 0.0 ], [ 101.65295, 2.713265, 0.0 ], [ 101.65297, 2.713806, 0.0 ], [ 101.651986, 2.713805, 0.0 ], [ 101.647077, 2.716659, 0.0 ], [ 101.646051, 2.717255, 0.0 ], [ 101.644487, 2.718162, 0.0 ], [ 101.642204, 2.719486, 0.0 ], [ 101.639864, 2.720845, 0.0 ], [ 101.637815, 2.722034, 0.0 ], [ 101.636063, 2.723051, 0.0 ], [ 101.63448, 2.723969, 0.0 ], [ 101.632922, 2.724873, 0.0 ], [ 101.632961, 2.726546, 0.0 ], [ 101.63299, 2.7276, 0.0 ], [ 101.632808, 2.727597, 0.0 ], [ 101.631549, 2.727597, 0.0 ] ] ] } },
{ "type": "Feature", "properties": { "Name": "113/54/04  TANJONG SEPAT TEMPATAN 1", "description": "1135404    <br>       <br>   KODDMA   1135404    <br>   LUAS   271065.665271    <br>   JOBID       <br>   NAMADMA   TANJONG SEPAT TEMPATAN 1    <br>   Status   1    <br>   JUMLAH_PEM   2225    <br>   SHAPE_Leng   3218.536282", "timestamp": null, "begin": null, "end": null, "altitudeMode": null, "tessellate": -1, "extrude": 0, "visibility": -1, "drawOrder": null, "icon": null }, "geometry": { "type": "Polygon", "coordinates": [ [ [ 101.555374, 2.660174, 0.0 ], [ 101.55511, 2.660315, 0.0 ], [ 101.554882, 2.660474, 0.0 ], [ 101.554191, 2.659237, 0.0 ], [ 101.553813, 2.658577, 0.0 ], [ 101.554029, 2.658435, 0.0 ], [ 101.554104, 2.658387, 0.0 ], [ 101.553745, 2.65769, 0.0 ], [ 101.553224, 2.656804, 0.0 ], [ 101.553399, 2.656691, 0.0 ], [ 101.55345, 2.656677, 0.0 ], [ 101.553723, 2.656602, 0.0 ], [ 101.554015, 2.656593, 0.0 ], [ 101.55402, 2.656593, 0.0 ], [ 101.554289, 2.65673, 0.0 ], [ 101.554684, 2.657137, 0.0 ], [ 101.554752, 2.657236, 0.0 ], [ 101.555157, 2.657054, 0.0 ], [ 101.555396, 2.657544, 0.0 ], [ 101.555766, 2.657337, 0.0 ], [ 101.55578, 2.657312, 0.0 ], [ 101.555826, 2.65686, 0.0 ], [ 101.555855, 2.656738, 0.0 ], [ 101.555947, 2.656572, 0.0 ], [ 101.555962, 2.656553, 0.0 ], [ 101.55652, 2.656436, 0.0 ], [ 101.556763, 2.656365, 0.0 ], [ 101.557051, 2.656266, 0.0 ], [ 101.557374, 2.656258, 0.0 ], [ 101.558593, 2.655779, 0.0 ], [ 101.558586, 2.655742, 0.0 ], [ 101.559222, 2.655383, 0.0 ], [ 101.559302, 2.655374, 0.0 ], [ 101.559379, 2.65608, 0.0 ], [ 101.559398, 2.656073, 0.0 ], [ 101.559614, 2.656028, 0.0 ], [ 101.560301, 2.656165, 0.0 ], [ 101.560204, 2.655276, 0.0 ], [ 101.56078, 2.655214, 0.0 ], [ 101.561652, 2.655024, 0.0 ], [ 101.563597, 2.654599, 0.0 ], [ 101.563714, 2.655141, 0.0 ], [ 101.563752, 2.655269, 0.0 ], [ 101.563751, 2.655269, 0.0 ], [ 101.562141, 2.656159, 0.0 ], [ 101.561727, 2.656473, 0.0 ], [ 101.560912, 2.656973, 0.0 ], [ 101.560463, 2.65725, 0.0 ], [ 101.56003, 2.657516, 0.0 ], [ 101.559616, 2.65777, 0.0 ], [ 101.559351, 2.657933, 0.0 ], [ 101.559171, 2.658039, 0.0 ], [ 101.558737, 2.658293, 0.0 ], [ 101.558286, 2.658557, 0.0 ], [ 101.557857, 2.658805, 0.0 ], [ 101.557288, 2.659134, 0.0 ], [ 101.557007, 2.659296, 0.0 ], [ 101.556792, 2.659412, 0.0 ], [ 101.556348, 2.659651, 0.0 ], [ 101.555828, 2.65993, 0.0 ], [ 101.555374, 2.660174, 0.0 ] ] ] } },
{ "type": "Feature", "properties": { "Name": "113/54/05  TANJONG SEPAT TEMPATAN 2", "description": "1135405    <br>       <br>   KODDMA   1135405    <br>   LUAS   152549.330104    <br>   JOBID       <br>   NAMADMA   TANJONG SEPAT TEMPATAN 2    <br>   Status   1    <br>   JUMLAH_PEM   1400    <br>   SHAPE_Leng   1664.089506", "timestamp": null, "begin": null, "end": null, "altitudeMode": null, "tessellate": -1, "extrude": 0, "visibility": -1, "drawOrder": null, "icon": null }, "geometry": { "type": "Polygon", "coordinates": [ [ [ 101.562704, 2.658188, 0.0 ], [ 101.562568, 2.658325, 0.0 ], [ 101.563673, 2.660236, 0.0 ], [ 101.563721, 2.660295, 0.0 ], [ 101.563618, 2.660358, 0.0 ], [ 101.563552, 2.660399, 0.0 ], [ 101.563445, 2.660464, 0.0 ], [ 101.563337, 2.66053, 0.0 ], [ 101.563232, 2.66059, 0.0 ], [ 101.563223, 2.660595, 0.0 ], [ 101.563113, 2.660663, 0.0 ], [ 101.563089, 2.660677, 0.0 ], [ 101.563001, 2.660732, 0.0 ], [ 101.562889, 2.660801, 0.0 ], [ 101.562849, 2.660826, 0.0 ], [ 101.562777, 2.660871, 0.0 ], [ 101.562688, 2.660925, 0.0 ], [ 101.562464, 2.661061, 0.0 ], [ 101.562244, 2.661194, 0.0 ], [ 101.56208, 2.661294, 0.0 ], [ 101.562027, 2.661326, 0.0 ], [ 101.561695, 2.661527, 0.0 ], [ 101.561443, 2.66168, 0.0 ], [ 101.561324, 2.661752, 0.0 ], [ 101.56131, 2.661761, 0.0 ], [ 101.561212, 2.66182, 0.0 ], [ 101.561168, 2.661847, 0.0 ], [ 101.561156, 2.661855, 0.0 ], [ 101.561155, 2.661854, 0.0 ], [ 101.561108, 2.661772, 0.0 ], [ 101.560852, 2.661326, 0.0 ], [ 101.560886, 2.661297, 0.0 ], [ 101.561066, 2.661185, 0.0 ], [ 101.560985, 2.661067, 0.0 ], [ 101.56091, 2.660942, 0.0 ], [ 101.560837, 2.660818, 0.0 ], [ 101.560837, 2.660817, 0.0 ], [ 101.560763, 2.660693, 0.0 ], [ 101.560763, 2.660692, 0.0 ], [ 101.560697, 2.660585, 0.0 ], [ 101.560599, 2.660453, 0.0 ], [ 101.56053, 2.660338, 0.0 ], [ 101.560531, 2.660337, 0.0 ], [ 101.560461, 2.660221, 0.0 ], [ 101.560476, 2.660211, 0.0 ], [ 101.560405, 2.660092, 0.0 ], [ 101.56033, 2.659965, 0.0 ], [ 101.560252, 2.659832, 0.0 ], [ 101.560181, 2.659713, 0.0 ], [ 101.560107, 2.659587, 0.0 ], [ 101.560033, 2.659464, 0.0 ], [ 101.559979, 2.659368, 0.0 ], [ 101.559903, 2.659243, 0.0 ], [ 101.559835, 2.65913, 0.0 ], [ 101.559755, 2.658999, 0.0 ], [ 101.559688, 2.658887, 0.0 ], [ 101.559608, 2.658756, 0.0 ], [ 101.559537, 2.658637, 0.0 ], [ 101.559462, 2.658513, 0.0 ], [ 101.559385, 2.658386, 0.0 ], [ 101.559356, 2.658339, 0.0 ], [ 101.559316, 2.658273, 0.0 ], [ 101.559252, 2.658166, 0.0 ], [ 101.559171, 2.658039, 0.0 ], [ 101.559351, 2.657933, 0.0 ], [ 101.559616, 2.65777, 0.0 ], [ 101.56003, 2.657516, 0.0 ], [ 101.560463, 2.65725, 0.0 ], [ 101.560912, 2.656973, 0.0 ], [ 101.561727, 2.656473, 0.0 ], [ 101.562704, 2.658188, 0.0 ] ] ] } },
{ "type": "Feature", "properties": { "Name": "113/54/06  TANJONG SEPAT TEMPATAN 3", "description": "1135406    <br>       <br>   KODDMA   1135406    <br>   LUAS   55274.862989    <br>   JOBID       <br>   NAMADMA   TANJONG SEPAT TEMPATAN 3    <br>   Status   1    <br>   JUMLAH_PEM   238    <br>   SHAPE_Leng   1235.487736", "timestamp": null, "begin": null, "end": null, "altitudeMode": null, "tessellate": -1, "extrude": 0, "visibility": -1, "drawOrder": null, "icon": null }, "geometry": { "type": "Polygon", "coordinates": [ [ [ 101.560033, 2.659464, 0.0 ], [ 101.560107, 2.659587, 0.0 ], [ 101.560181, 2.659713, 0.0 ], [ 101.560252, 2.659832, 0.0 ], [ 101.56033, 2.659965, 0.0 ], [ 101.560405, 2.660092, 0.0 ], [ 101.560476, 2.660211, 0.0 ], [ 101.560461, 2.660221, 0.0 ], [ 101.560531, 2.660337, 0.0 ], [ 101.56053, 2.660338, 0.0 ], [ 101.560599, 2.660453, 0.0 ], [ 101.560697, 2.660585, 0.0 ], [ 101.560763, 2.660692, 0.0 ], [ 101.560763, 2.660693, 0.0 ], [ 101.560837, 2.660817, 0.0 ], [ 101.560837, 2.660818, 0.0 ], [ 101.56091, 2.660942, 0.0 ], [ 101.560985, 2.661067, 0.0 ], [ 101.561066, 2.661185, 0.0 ], [ 101.560886, 2.661297, 0.0 ], [ 101.560852, 2.661326, 0.0 ], [ 101.561108, 2.661772, 0.0 ], [ 101.561155, 2.661854, 0.0 ], [ 101.561156, 2.661855, 0.0 ], [ 101.561104, 2.661887, 0.0 ], [ 101.560993, 2.661955, 0.0 ], [ 101.560925, 2.661996, 0.0 ], [ 101.560878, 2.662025, 0.0 ], [ 101.56076, 2.662097, 0.0 ], [ 101.560722, 2.66212, 0.0 ], [ 101.56064, 2.66217, 0.0 ], [ 101.560541, 2.66223, 0.0 ], [ 101.560519, 2.662244, 0.0 ], [ 101.560398, 2.662318, 0.0 ], [ 101.560316, 2.662362, 0.0 ], [ 101.560261, 2.662292, 0.0 ], [ 101.559669, 2.66135, 0.0 ], [ 101.559899, 2.661221, 0.0 ], [ 101.559895, 2.661215, 0.0 ], [ 101.559894, 2.661213, 0.0 ], [ 101.559833, 2.661112, 0.0 ], [ 101.559607, 2.660737, 0.0 ], [ 101.55953, 2.660605, 0.0 ], [ 101.559461, 2.660489, 0.0 ], [ 101.559387, 2.660363, 0.0 ], [ 101.559314, 2.660239, 0.0 ], [ 101.55924, 2.660114, 0.0 ], [ 101.559241, 2.660114, 0.0 ], [ 101.559166, 2.659989, 0.0 ], [ 101.559166, 2.659988, 0.0 ], [ 101.559107, 2.659896, 0.0 ], [ 101.559031, 2.659768, 0.0 ], [ 101.558959, 2.659646, 0.0 ], [ 101.558883, 2.659519, 0.0 ], [ 101.558811, 2.659399, 0.0 ], [ 101.55881, 2.659399, 0.0 ], [ 101.558737, 2.659275, 0.0 ], [ 101.558736, 2.659274, 0.0 ], [ 101.558663, 2.659143, 0.0 ], [ 101.558663, 2.659142, 0.0 ], [ 101.558594, 2.659018, 0.0 ], [ 101.558514, 2.65889, 0.0 ], [ 101.55845, 2.658784, 0.0 ], [ 101.558385, 2.658679, 0.0 ], [ 101.558286, 2.658557, 0.0 ], [ 101.558737, 2.658293, 0.0 ], [ 101.559171, 2.658039, 0.0 ], [ 101.559252, 2.658166, 0.0 ], [ 101.559316, 2.658273, 0.0 ], [ 101.559356, 2.658339, 0.0 ], [ 101.559385, 2.658386, 0.0 ], [ 101.559462, 2.658513, 0.0 ], [ 101.559537, 2.658637, 0.0 ], [ 101.559608, 2.658756, 0.0 ], [ 101.559688, 2.658887, 0.0 ], [ 101.559755, 2.658999, 0.0 ], [ 101.559835, 2.65913, 0.0 ], [ 101.559903, 2.659243, 0.0 ], [ 101.559979, 2.659368, 0.0 ], [ 101.560033, 2.659464, 0.0 ] ] ] } },
{ "type": "Feature", "properties": { "Name": "113/54/07  TANJONG SEPAT TEMPATAN 4", "description": "1135407    <br>       <br>   KODDMA   1135407    <br>   LUAS   87594.320251    <br>   JOBID       <br>   NAMADMA   TANJONG SEPAT TEMPATAN 4    <br>   Status   1    <br>   JUMLAH_PEM   477    <br>   SHAPE_Leng   1358.407237", "timestamp": null, "begin": null, "end": null, "altitudeMode": null, "tessellate": -1, "extrude": 0, "visibility": -1, "drawOrder": null, "icon": null }, "geometry": { "type": "Polygon", "coordinates": [ [ [ 101.560261, 2.662292, 0.0 ], [ 101.560316, 2.662362, 0.0 ], [ 101.56028, 2.662382, 0.0 ], [ 101.560266, 2.662389, 0.0 ], [ 101.560167, 2.662449, 0.0 ], [ 101.560153, 2.662457, 0.0 ], [ 101.560111, 2.662486, 0.0 ], [ 101.560064, 2.662513, 0.0 ], [ 101.560016, 2.662541, 0.0 ], [ 101.559899, 2.662606, 0.0 ], [ 101.559803, 2.662666, 0.0 ], [ 101.559766, 2.662688, 0.0 ], [ 101.559695, 2.662731, 0.0 ], [ 101.559567, 2.662808, 0.0 ], [ 101.559446, 2.66288, 0.0 ], [ 101.55938, 2.66292, 0.0 ], [ 101.559336, 2.662947, 0.0 ], [ 101.559232, 2.663009, 0.0 ], [ 101.55918, 2.663039, 0.0 ], [ 101.55908, 2.663096, 0.0 ], [ 101.559067, 2.663073, 0.0 ], [ 101.559064, 2.663067, 0.0 ], [ 101.559042, 2.663024, 0.0 ], [ 101.558998, 2.662941, 0.0 ], [ 101.558934, 2.662833, 0.0 ], [ 101.558863, 2.662712, 0.0 ], [ 101.558789, 2.662587, 0.0 ], [ 101.55872, 2.662459, 0.0 ], [ 101.558652, 2.662332, 0.0 ], [ 101.55858, 2.662199, 0.0 ], [ 101.558514, 2.662089, 0.0 ], [ 101.55851, 2.662091, 0.0 ], [ 101.558379, 2.662166, 0.0 ], [ 101.558243, 2.661858, 0.0 ], [ 101.557965, 2.66139, 0.0 ], [ 101.557902, 2.661266, 0.0 ], [ 101.557699, 2.660874, 0.0 ], [ 101.557591, 2.660811, 0.0 ], [ 101.557475, 2.660582, 0.0 ], [ 101.557378, 2.66038, 0.0 ], [ 101.557374, 2.660376, 0.0 ], [ 101.557335, 2.66034, 0.0 ], [ 101.557325, 2.660322, 0.0 ], [ 101.557265, 2.660211, 0.0 ], [ 101.557192, 2.660076, 0.0 ], [ 101.557119, 2.659943, 0.0 ], [ 101.557055, 2.659834, 0.0 ], [ 101.557054, 2.659834, 0.0 ], [ 101.557039, 2.659808, 0.0 ], [ 101.557016, 2.659768, 0.0 ], [ 101.557011, 2.659761, 0.0 ], [ 101.556958, 2.659671, 0.0 ], [ 101.556958, 2.65967, 0.0 ], [ 101.556939, 2.659638, 0.0 ], [ 101.556935, 2.659632, 0.0 ], [ 101.556876, 2.659532, 0.0 ], [ 101.556866, 2.659517, 0.0 ], [ 101.556834, 2.659472, 0.0 ], [ 101.556792, 2.659412, 0.0 ], [ 101.557007, 2.659296, 0.0 ], [ 101.557288, 2.659134, 0.0 ], [ 101.557857, 2.658805, 0.0 ], [ 101.558286, 2.658557, 0.0 ], [ 101.558385, 2.658679, 0.0 ], [ 101.55845, 2.658784, 0.0 ], [ 101.558514, 2.65889, 0.0 ], [ 101.558594, 2.659018, 0.0 ], [ 101.558663, 2.659142, 0.0 ], [ 101.558663, 2.659143, 0.0 ], [ 101.558736, 2.659274, 0.0 ], [ 101.558737, 2.659275, 0.0 ], [ 101.55881, 2.659399, 0.0 ], [ 101.558811, 2.659399, 0.0 ], [ 101.558883, 2.659519, 0.0 ], [ 101.558959, 2.659646, 0.0 ], [ 101.559031, 2.659768, 0.0 ], [ 101.559107, 2.659896, 0.0 ], [ 101.559166, 2.659988, 0.0 ], [ 101.559166, 2.659989, 0.0 ], [ 101.559241, 2.660114, 0.0 ], [ 101.55924, 2.660114, 0.0 ], [ 101.559314, 2.660239, 0.0 ], [ 101.559387, 2.660363, 0.0 ], [ 101.559461, 2.660489, 0.0 ], [ 101.55953, 2.660605, 0.0 ], [ 101.559607, 2.660737, 0.0 ], [ 101.559833, 2.661112, 0.0 ], [ 101.559894, 2.661213, 0.0 ], [ 101.559895, 2.661215, 0.0 ], [ 101.559899, 2.661221, 0.0 ], [ 101.559669, 2.66135, 0.0 ], [ 101.560261, 2.662292, 0.0 ] ] ] } },
{ "type": "Feature", "properties": { "Name": "113/54/08  TANJONG SEPAT TEMPATAN 5", "description": "1135408    <br>       <br>   KODDMA   1135408    <br>   LUAS   128464.266914    <br>   JOBID       <br>   NAMADMA   TANJONG SEPAT TEMPATAN 5    <br>   Status   1    <br>   JUMLAH_PEM   570    <br>   SHAPE_Leng   1510.612128", "timestamp": null, "begin": null, "end": null, "altitudeMode": null, "tessellate": -1, "extrude": 0, "visibility": -1, "drawOrder": null, "icon": null }, "geometry": { "type": "Polygon", "coordinates": [ [ [ 101.55858, 2.662199, 0.0 ], [ 101.558652, 2.662332, 0.0 ], [ 101.55872, 2.662459, 0.0 ], [ 101.558789, 2.662587, 0.0 ], [ 101.558863, 2.662712, 0.0 ], [ 101.558934, 2.662833, 0.0 ], [ 101.558998, 2.662941, 0.0 ], [ 101.559042, 2.663024, 0.0 ], [ 101.559064, 2.663067, 0.0 ], [ 101.559067, 2.663073, 0.0 ], [ 101.55908, 2.663096, 0.0 ], [ 101.558991, 2.663145, 0.0 ], [ 101.558979, 2.663151, 0.0 ], [ 101.55882, 2.663217, 0.0 ], [ 101.558765, 2.663234, 0.0 ], [ 101.558618, 2.663277, 0.0 ], [ 101.558566, 2.663292, 0.0 ], [ 101.558151, 2.663413, 0.0 ], [ 101.558135, 2.663418, 0.0 ], [ 101.558002, 2.663456, 0.0 ], [ 101.557913, 2.663482, 0.0 ], [ 101.557832, 2.663503, 0.0 ], [ 101.557755, 2.663525, 0.0 ], [ 101.557702, 2.663539, 0.0 ], [ 101.557664, 2.663549, 0.0 ], [ 101.557567, 2.663576, 0.0 ], [ 101.557524, 2.663589, 0.0 ], [ 101.55749, 2.663597, 0.0 ], [ 101.557458, 2.663606, 0.0 ], [ 101.557426, 2.663615, 0.0 ], [ 101.557349, 2.663636, 0.0 ], [ 101.557268, 2.663659, 0.0 ], [ 101.557122, 2.663701, 0.0 ], [ 101.557063, 2.663717, 0.0 ], [ 101.556916, 2.663759, 0.0 ], [ 101.556836, 2.663782, 0.0 ], [ 101.556716, 2.663816, 0.0 ], [ 101.556632, 2.663838, 0.0 ], [ 101.556571, 2.663855, 0.0 ], [ 101.556551, 2.66386, 0.0 ], [ 101.556468, 2.663884, 0.0 ], [ 101.556375, 2.663911, 0.0 ], [ 101.556309, 2.663929, 0.0 ], [ 101.556221, 2.663953, 0.0 ], [ 101.55602, 2.664009, 0.0 ], [ 101.555748, 2.662989, 0.0 ], [ 101.555629, 2.66233, 0.0 ], [ 101.555444, 2.661854, 0.0 ], [ 101.554975, 2.660643, 0.0 ], [ 101.554965, 2.660622, 0.0 ], [ 101.554882, 2.660474, 0.0 ], [ 101.55511, 2.660315, 0.0 ], [ 101.555374, 2.660174, 0.0 ], [ 101.555828, 2.65993, 0.0 ], [ 101.556348, 2.659651, 0.0 ], [ 101.556792, 2.659412, 0.0 ], [ 101.556834, 2.659472, 0.0 ], [ 101.556866, 2.659517, 0.0 ], [ 101.556876, 2.659532, 0.0 ], [ 101.556935, 2.659632, 0.0 ], [ 101.556939, 2.659638, 0.0 ], [ 101.556958, 2.65967, 0.0 ], [ 101.556958, 2.659671, 0.0 ], [ 101.557011, 2.659761, 0.0 ], [ 101.557016, 2.659768, 0.0 ], [ 101.557039, 2.659808, 0.0 ], [ 101.557054, 2.659834, 0.0 ], [ 101.557055, 2.659834, 0.0 ], [ 101.557119, 2.659943, 0.0 ], [ 101.557192, 2.660076, 0.0 ], [ 101.557265, 2.660211, 0.0 ], [ 101.557325, 2.660322, 0.0 ], [ 101.557335, 2.66034, 0.0 ], [ 101.557374, 2.660376, 0.0 ], [ 101.557378, 2.66038, 0.0 ], [ 101.557475, 2.660582, 0.0 ], [ 101.557591, 2.660811, 0.0 ], [ 101.557699, 2.660874, 0.0 ], [ 101.557902, 2.661266, 0.0 ], [ 101.557965, 2.66139, 0.0 ], [ 101.558243, 2.661858, 0.0 ], [ 101.558379, 2.662166, 0.0 ], [ 101.55851, 2.662091, 0.0 ], [ 101.558514, 2.662089, 0.0 ], [ 101.55858, 2.662199, 0.0 ] ] ] } },
{ "type": "Feature", "properties": { "Name": "113/54/09  TANJONG SEPAT 6", "description": "1135409    <br>       <br>   KODDMA   1135409    <br>   LUAS   74448289.5042    <br>   JOBID       <br>   NAMADMA   TANJONG SEPAT 6    <br>   Status   1    <br>   JUMLAH_PEM   3038    <br>   SHAPE_Leng   42579.796611", "timestamp": null, "begin": null, "end": null, "altitudeMode": null, "tessellate": -1, "extrude": 0, "visibility": -1, "drawOrder": null, "icon": null }, "geometry": { "type": "Polygon", "coordinates": [ [ [ 101.596396, 2.665665, 0.0 ], [ 101.59639, 2.665813, 0.0 ], [ 101.596387, 2.665882, 0.0 ], [ 101.596384, 2.665967, 0.0 ], [ 101.596373, 2.666118, 0.0 ], [ 101.596368, 2.666264, 0.0 ], [ 101.596364, 2.666334, 0.0 ], [ 101.596363, 2.666405, 0.0 ], [ 101.596359, 2.66654, 0.0 ], [ 101.596355, 2.666668, 0.0 ], [ 101.596357, 2.666786, 0.0 ], [ 101.596358, 2.666796, 0.0 ], [ 101.596354, 2.666925, 0.0 ], [ 101.596351, 2.667059, 0.0 ], [ 101.596345, 2.667197, 0.0 ], [ 101.596343, 2.667238, 0.0 ], [ 101.596339, 2.667339, 0.0 ], [ 101.596333, 2.667483, 0.0 ], [ 101.596326, 2.667631, 0.0 ], [ 101.596325, 2.667689, 0.0 ], [ 101.596321, 2.667779, 0.0 ], [ 101.596315, 2.667923, 0.0 ], [ 101.596311, 2.668062, 0.0 ], [ 101.596309, 2.668141, 0.0 ], [ 101.596307, 2.668195, 0.0 ], [ 101.596303, 2.668323, 0.0 ], [ 101.596301, 2.668433, 0.0 ], [ 101.596301, 2.668536, 0.0 ], [ 101.596298, 2.668593, 0.0 ], [ 101.596344, 2.669018, 0.0 ], [ 101.596562, 2.669023, 0.0 ], [ 101.596234, 2.686058, 0.0 ], [ 101.596229, 2.686315, 0.0 ], [ 101.596195, 2.688097, 0.0 ], [ 101.596187, 2.688496, 0.0 ], [ 101.596126, 2.691665, 0.0 ], [ 101.595768, 2.71027, 0.0 ], [ 101.595829, 2.727119, 0.0 ], [ 101.595831, 2.727581, 0.0 ], [ 101.595833, 2.728311, 0.0 ], [ 101.595765, 2.728311, 0.0 ], [ 101.595707, 2.741761, 0.0 ], [ 101.59564, 2.749918, 0.0 ], [ 101.595565, 2.759124, 0.0 ], [ 101.593411, 2.759262, 0.0 ], [ 101.548089, 2.759206, 0.0 ], [ 101.535622, 2.7593, 0.0 ], [ 101.535426, 2.759302, 0.0 ], [ 101.531703, 2.75933, 0.0 ], [ 101.524807, 2.759222, 0.0 ], [ 101.523491, 2.759191, 0.0 ], [ 101.523329, 2.758873, 0.0 ], [ 101.523257, 2.758872, 0.0 ], [ 101.523216, 2.758795, 0.0 ], [ 101.520719, 2.75402, 0.0 ], [ 101.518937, 2.750614, 0.0 ], [ 101.518478, 2.749738, 0.0 ], [ 101.518279, 2.749417, 0.0 ], [ 101.518365, 2.749344, 0.0 ], [ 101.525056, 2.743953, 0.0 ], [ 101.533484, 2.736685, 0.0 ], [ 101.53568, 2.734834, 0.0 ], [ 101.536892, 2.733951, 0.0 ], [ 101.536927, 2.722624, 0.0 ], [ 101.536981, 2.710739, 0.0 ], [ 101.536979, 2.71043, 0.0 ], [ 101.545421, 2.706917, 0.0 ], [ 101.554483, 2.702971, 0.0 ], [ 101.550374, 2.693437, 0.0 ], [ 101.546684, 2.683438, 0.0 ], [ 101.546413, 2.682664, 0.0 ], [ 101.546069, 2.681702, 0.0 ], [ 101.545555, 2.680195, 0.0 ], [ 101.545307, 2.679469, 0.0 ], [ 101.545279, 2.679392, 0.0 ], [ 101.54512, 2.678968, 0.0 ], [ 101.544963, 2.678545, 0.0 ], [ 101.544806, 2.678123, 0.0 ], [ 101.544647, 2.677699, 0.0 ], [ 101.54449, 2.677276, 0.0 ], [ 101.544333, 2.676852, 0.0 ], [ 101.544251, 2.676638, 0.0 ], [ 101.544227, 2.676571, 0.0 ], [ 101.544224, 2.676563, 0.0 ], [ 101.544202, 2.676503, 0.0 ], [ 101.544175, 2.676429, 0.0 ], [ 101.544017, 2.676005, 0.0 ], [ 101.543859, 2.675582, 0.0 ], [ 101.5437, 2.675158, 0.0 ], [ 101.543544, 2.674735, 0.0 ], [ 101.543386, 2.674313, 0.0 ], [ 101.543227, 2.673889, 0.0 ], [ 101.54307, 2.673465, 0.0 ], [ 101.542958, 2.673164, 0.0 ], [ 101.542913, 2.673042, 0.0 ], [ 101.542754, 2.672618, 0.0 ], [ 101.542597, 2.672195, 0.0 ], [ 101.542439, 2.671771, 0.0 ], [ 101.542341, 2.671509, 0.0 ], [ 101.541498, 2.669231, 0.0 ], [ 101.540098, 2.66545, 0.0 ], [ 101.540087, 2.665423, 0.0 ], [ 101.540035, 2.665463, 0.0 ], [ 101.540028, 2.665445, 0.0 ], [ 101.540021, 2.665426, 0.0 ], [ 101.53947, 2.664057, 0.0 ], [ 101.538979, 2.662837, 0.0 ], [ 101.539304, 2.66267, 0.0 ], [ 101.539988, 2.662428, 0.0 ], [ 101.540195, 2.662356, 0.0 ], [ 101.540807, 2.661996, 0.0 ], [ 101.541185, 2.661716, 0.0 ], [ 101.541869, 2.661465, 0.0 ], [ 101.542157, 2.661294, 0.0 ], [ 101.542473, 2.661059, 0.0 ], [ 101.54367, 2.660438, 0.0 ], [ 101.543904, 2.66033, 0.0 ], [ 101.544255, 2.660196, 0.0 ], [ 101.544849, 2.660116, 0.0 ], [ 101.545173, 2.659999, 0.0 ], [ 101.546027, 2.659911, 0.0 ], [ 101.546405, 2.659731, 0.0 ], [ 101.546783, 2.659496, 0.0 ], [ 101.547899, 2.659228, 0.0 ], [ 101.548349, 2.658994, 0.0 ], [ 101.549519, 2.658554, 0.0 ], [ 101.550284, 2.658185, 0.0 ], [ 101.551391, 2.657708, 0.0 ], [ 101.551816, 2.657589, 0.0 ], [ 101.553224, 2.656804, 0.0 ], [ 101.553745, 2.65769, 0.0 ], [ 101.554104, 2.658387, 0.0 ], [ 101.554029, 2.658435, 0.0 ], [ 101.553813, 2.658577, 0.0 ], [ 101.554191, 2.659237, 0.0 ], [ 101.554882, 2.660474, 0.0 ], [ 101.554965, 2.660622, 0.0 ], [ 101.554975, 2.660643, 0.0 ], [ 101.555444, 2.661854, 0.0 ], [ 101.555629, 2.66233, 0.0 ], [ 101.555748, 2.662989, 0.0 ], [ 101.55602, 2.664009, 0.0 ], [ 101.556221, 2.663953, 0.0 ], [ 101.556309, 2.663929, 0.0 ], [ 101.556375, 2.663911, 0.0 ], [ 101.556468, 2.663884, 0.0 ], [ 101.556551, 2.66386, 0.0 ], [ 101.556571, 2.663855, 0.0 ], [ 101.556632, 2.663838, 0.0 ], [ 101.556716, 2.663816, 0.0 ], [ 101.556836, 2.663782, 0.0 ], [ 101.556916, 2.663759, 0.0 ], [ 101.557063, 2.663717, 0.0 ], [ 101.557122, 2.663701, 0.0 ], [ 101.557268, 2.663659, 0.0 ], [ 101.557349, 2.663636, 0.0 ], [ 101.557426, 2.663615, 0.0 ], [ 101.557458, 2.663606, 0.0 ], [ 101.55749, 2.663597, 0.0 ], [ 101.557524, 2.663589, 0.0 ], [ 101.557567, 2.663576, 0.0 ], [ 101.557664, 2.663549, 0.0 ], [ 101.557702, 2.663539, 0.0 ], [ 101.557755, 2.663525, 0.0 ], [ 101.557832, 2.663503, 0.0 ], [ 101.557913, 2.663482, 0.0 ], [ 101.558002, 2.663456, 0.0 ], [ 101.558135, 2.663418, 0.0 ], [ 101.558151, 2.663413, 0.0 ], [ 101.558566, 2.663292, 0.0 ], [ 101.558618, 2.663277, 0.0 ], [ 101.558765, 2.663234, 0.0 ], [ 101.55882, 2.663217, 0.0 ], [ 101.558979, 2.663151, 0.0 ], [ 101.558991, 2.663145, 0.0 ], [ 101.55908, 2.663096, 0.0 ], [ 101.55918, 2.663039, 0.0 ], [ 101.559232, 2.663009, 0.0 ], [ 101.559336, 2.662947, 0.0 ], [ 101.55938, 2.66292, 0.0 ], [ 101.559446, 2.66288, 0.0 ], [ 101.559567, 2.662808, 0.0 ], [ 101.559695, 2.662731, 0.0 ], [ 101.559766, 2.662688, 0.0 ], [ 101.559803, 2.662666, 0.0 ], [ 101.559899, 2.662606, 0.0 ], [ 101.560016, 2.662541, 0.0 ], [ 101.560064, 2.662513, 0.0 ], [ 101.560111, 2.662486, 0.0 ], [ 101.560153, 2.662457, 0.0 ], [ 101.560167, 2.662449, 0.0 ], [ 101.560266, 2.662389, 0.0 ], [ 101.56028, 2.662382, 0.0 ], [ 101.560316, 2.662362, 0.0 ], [ 101.560398, 2.662318, 0.0 ], [ 101.560519, 2.662244, 0.0 ], [ 101.560541, 2.66223, 0.0 ], [ 101.56064, 2.66217, 0.0 ], [ 101.560722, 2.66212, 0.0 ], [ 101.56076, 2.662097, 0.0 ], [ 101.560878, 2.662025, 0.0 ], [ 101.560925, 2.661996, 0.0 ], [ 101.560993, 2.661955, 0.0 ], [ 101.561104, 2.661887, 0.0 ], [ 101.561156, 2.661855, 0.0 ], [ 101.561168, 2.661847, 0.0 ], [ 101.561212, 2.66182, 0.0 ], [ 101.56131, 2.661761, 0.0 ], [ 101.561324, 2.661752, 0.0 ], [ 101.561443, 2.66168, 0.0 ], [ 101.561695, 2.661527, 0.0 ], [ 101.562027, 2.661326, 0.0 ], [ 101.56208, 2.661294, 0.0 ], [ 101.562244, 2.661194, 0.0 ], [ 101.562464, 2.661061, 0.0 ], [ 101.562688, 2.660925, 0.0 ], [ 101.562777, 2.660871, 0.0 ], [ 101.562849, 2.660826, 0.0 ], [ 101.562889, 2.660801, 0.0 ], [ 101.563001, 2.660732, 0.0 ], [ 101.563089, 2.660677, 0.0 ], [ 101.563113, 2.660663, 0.0 ], [ 101.563223, 2.660595, 0.0 ], [ 101.563232, 2.66059, 0.0 ], [ 101.563337, 2.66053, 0.0 ], [ 101.563445, 2.660464, 0.0 ], [ 101.563552, 2.660399, 0.0 ], [ 101.563618, 2.660358, 0.0 ], [ 101.563721, 2.660295, 0.0 ], [ 101.563673, 2.660236, 0.0 ], [ 101.562568, 2.658325, 0.0 ], [ 101.562704, 2.658188, 0.0 ], [ 101.561727, 2.656473, 0.0 ], [ 101.562141, 2.656159, 0.0 ], [ 101.563751, 2.655269, 0.0 ], [ 101.563752, 2.655269, 0.0 ], [ 101.564435, 2.655244, 0.0 ], [ 101.564652, 2.655214, 0.0 ], [ 101.564885, 2.655182, 0.0 ], [ 101.565092, 2.655083, 0.0 ], [ 101.565533, 2.654722, 0.0 ], [ 101.565563, 2.65467, 0.0 ], [ 101.565705, 2.654415, 0.0 ], [ 101.566047, 2.654163, 0.0 ], [ 101.566758, 2.653839, 0.0 ], [ 101.567172, 2.653686, 0.0 ], [ 101.567514, 2.653533, 0.0 ], [ 101.567902, 2.65319, 0.0 ], [ 101.56864, 2.652803, 0.0 ], [ 101.568982, 2.652687, 0.0 ], [ 101.569369, 2.652498, 0.0 ], [ 101.569585, 2.652462, 0.0 ], [ 101.569729, 2.652372, 0.0 ], [ 101.570269, 2.652156, 0.0 ], [ 101.57067, 2.651967, 0.0 ], [ 101.570935, 2.651841, 0.0 ], [ 101.571259, 2.651706, 0.0 ], [ 101.571586, 2.651638, 0.0 ], [ 101.572537, 2.651438, 0.0 ], [ 101.573203, 2.651241, 0.0 ], [ 101.573842, 2.651025, 0.0 ], [ 101.573865, 2.651012, 0.0 ], [ 101.574535, 2.650647, 0.0 ], [ 101.574832, 2.650539, 0.0 ], [ 101.575264, 2.650369, 0.0 ], [ 101.575885, 2.650153, 0.0 ], [ 101.576785, 2.64983, 0.0 ], [ 101.577045, 2.649794, 0.0 ], [ 101.577476, 2.649791, 0.0 ], [ 101.577654, 2.649789, 0.0 ], [ 101.577665, 2.649782, 0.0 ], [ 101.578445, 2.649319, 0.0 ], [ 101.578804, 2.649106, 0.0 ], [ 101.579288, 2.648851, 0.0 ], [ 101.579722, 2.648599, 0.0 ], [ 101.580364, 2.649785, 0.0 ], [ 101.580417, 2.649766, 0.0 ], [ 101.58094, 2.649496, 0.0 ], [ 101.581651, 2.648901, 0.0 ], [ 101.582138, 2.648405, 0.0 ], [ 101.582426, 2.648161, 0.0 ], [ 101.582669, 2.648071, 0.0 ], [ 101.582831, 2.648081, 0.0 ], [ 101.583289, 2.648308, 0.0 ], [ 101.583155, 2.647973, 0.0 ], [ 101.583803, 2.647712, 0.0 ], [ 101.584217, 2.647542, 0.0 ], [ 101.584649, 2.647289, 0.0 ], [ 101.585181, 2.646884, 0.0 ], [ 101.585424, 2.646704, 0.0 ], [ 101.585694, 2.646442, 0.0 ], [ 101.586055, 2.646099, 0.0 ], [ 101.58628, 2.645792, 0.0 ], [ 101.586379, 2.645693, 0.0 ], [ 101.586578, 2.64544, 0.0 ], [ 101.586812, 2.645305, 0.0 ], [ 101.586974, 2.645278, 0.0 ], [ 101.587244, 2.645315, 0.0 ], [ 101.587486, 2.645352, 0.0 ], [ 101.587527, 2.645317, 0.0 ], [ 101.587197, 2.644666, 0.0 ], [ 101.587593, 2.644462, 0.0 ], [ 101.587667, 2.644303, 0.0 ], [ 101.587696, 2.64424, 0.0 ], [ 101.58811, 2.64406, 0.0 ], [ 101.588188, 2.643957, 0.0 ], [ 101.596944, 2.647045, 0.0 ], [ 101.596957, 2.647988, 0.0 ], [ 101.596961, 2.648002, 0.0 ], [ 101.596979, 2.64807, 0.0 ], [ 101.596983, 2.648103, 0.0 ], [ 101.596978, 2.648175, 0.0 ], [ 101.596972, 2.648283, 0.0 ], [ 101.596952, 2.648771, 0.0 ], [ 101.596949, 2.648875, 0.0 ], [ 101.596945, 2.648983, 0.0 ], [ 101.596943, 2.64909, 0.0 ], [ 101.596941, 2.649166, 0.0 ], [ 101.596941, 2.649199, 0.0 ], [ 101.596936, 2.64931, 0.0 ], [ 101.596934, 2.649416, 0.0 ], [ 101.596931, 2.649525, 0.0 ], [ 101.596927, 2.649618, 0.0 ], [ 101.596926, 2.649638, 0.0 ], [ 101.596913, 2.649923, 0.0 ], [ 101.596911, 2.650069, 0.0 ], [ 101.596909, 2.650406, 0.0 ], [ 101.596904, 2.650504, 0.0 ], [ 101.596903, 2.650521, 0.0 ], [ 101.5969, 2.650598, 0.0 ], [ 101.596895, 2.650733, 0.0 ], [ 101.596891, 2.650831, 0.0 ], [ 101.596887, 2.650929, 0.0 ], [ 101.59689, 2.650973, 0.0 ], [ 101.596894, 2.65103, 0.0 ], [ 101.596888, 2.65114, 0.0 ], [ 101.596873, 2.651301, 0.0 ], [ 101.59687, 2.65141, 0.0 ], [ 101.59687, 2.651424, 0.0 ], [ 101.596867, 2.651523, 0.0 ], [ 101.596861, 2.651641, 0.0 ], [ 101.596852, 2.651754, 0.0 ], [ 101.596849, 2.651876, 0.0 ], [ 101.596845, 2.652018, 0.0 ], [ 101.596841, 2.652125, 0.0 ], [ 101.596838, 2.652232, 0.0 ], [ 101.596835, 2.652327, 0.0 ], [ 101.596835, 2.652339, 0.0 ], [ 101.59683, 2.652454, 0.0 ], [ 101.596825, 2.652581, 0.0 ], [ 101.596821, 2.652718, 0.0 ], [ 101.596819, 2.652779, 0.0 ], [ 101.596817, 2.652859, 0.0 ], [ 101.596814, 2.653, 0.0 ], [ 101.59681, 2.653144, 0.0 ], [ 101.596806, 2.653231, 0.0 ], [ 101.596803, 2.653292, 0.0 ], [ 101.596798, 2.65344, 0.0 ], [ 101.596792, 2.653585, 0.0 ], [ 101.596788, 2.653683, 0.0 ], [ 101.596779, 2.653914, 0.0 ], [ 101.596775, 2.654037, 0.0 ], [ 101.596772, 2.654135, 0.0 ], [ 101.596771, 2.654162, 0.0 ], [ 101.596766, 2.654293, 0.0 ], [ 101.596762, 2.654426, 0.0 ], [ 101.596757, 2.654557, 0.0 ], [ 101.596757, 2.654587, 0.0 ], [ 101.596754, 2.654688, 0.0 ], [ 101.596752, 2.65482, 0.0 ], [ 101.596748, 2.654954, 0.0 ], [ 101.596746, 2.655039, 0.0 ], [ 101.596744, 2.655088, 0.0 ], [ 101.596741, 2.655223, 0.0 ], [ 101.596738, 2.65536, 0.0 ], [ 101.596733, 2.65549, 0.0 ], [ 101.596733, 2.655495, 0.0 ], [ 101.596728, 2.655625, 0.0 ], [ 101.596724, 2.655757, 0.0 ], [ 101.596718, 2.655893, 0.0 ], [ 101.596717, 2.655942, 0.0 ], [ 101.596714, 2.656028, 0.0 ], [ 101.596709, 2.656163, 0.0 ], [ 101.596704, 2.656295, 0.0 ], [ 101.596701, 2.656394, 0.0 ], [ 101.5967, 2.656429, 0.0 ], [ 101.596696, 2.656565, 0.0 ], [ 101.596691, 2.656705, 0.0 ], [ 101.596686, 2.656846, 0.0 ], [ 101.596686, 2.656852, 0.0 ], [ 101.596681, 2.657, 0.0 ], [ 101.596676, 2.657148, 0.0 ], [ 101.59667, 2.657295, 0.0 ], [ 101.59667, 2.657298, 0.0 ], [ 101.596669, 2.657443, 0.0 ], [ 101.596662, 2.657591, 0.0 ], [ 101.596658, 2.657739, 0.0 ], [ 101.596658, 2.65775, 0.0 ], [ 101.596654, 2.657889, 0.0 ], [ 101.596649, 2.658041, 0.0 ], [ 101.596645, 2.658195, 0.0 ], [ 101.596644, 2.658202, 0.0 ], [ 101.59664, 2.658348, 0.0 ], [ 101.596634, 2.658498, 0.0 ], [ 101.59663, 2.658644, 0.0 ], [ 101.59663, 2.658653, 0.0 ], [ 101.596625, 2.65879, 0.0 ], [ 101.59662, 2.658938, 0.0 ], [ 101.596615, 2.659087, 0.0 ], [ 101.596614, 2.659105, 0.0 ], [ 101.596609, 2.659235, 0.0 ], [ 101.596607, 2.659382, 0.0 ], [ 101.596602, 2.65953, 0.0 ], [ 101.596601, 2.659557, 0.0 ], [ 101.596597, 2.659678, 0.0 ], [ 101.596591, 2.659826, 0.0 ], [ 101.596585, 2.659972, 0.0 ], [ 101.596584, 2.660009, 0.0 ], [ 101.596582, 2.660117, 0.0 ], [ 101.596578, 2.660262, 0.0 ], [ 101.596574, 2.660406, 0.0 ], [ 101.596574, 2.660461, 0.0 ], [ 101.596573, 2.660549, 0.0 ], [ 101.59657, 2.660693, 0.0 ], [ 101.596564, 2.660841, 0.0 ], [ 101.596561, 2.660913, 0.0 ], [ 101.596557, 2.660993, 0.0 ], [ 101.596547, 2.661142, 0.0 ], [ 101.596545, 2.661282, 0.0 ], [ 101.596542, 2.661364, 0.0 ], [ 101.59654, 2.661417, 0.0 ], [ 101.596536, 2.661544, 0.0 ], [ 101.596532, 2.661668, 0.0 ], [ 101.596527, 2.66179, 0.0 ], [ 101.596526, 2.661816, 0.0 ], [ 101.596523, 2.661908, 0.0 ], [ 101.596518, 2.662023, 0.0 ], [ 101.596515, 2.66214, 0.0 ], [ 101.596512, 2.662259, 0.0 ], [ 101.596511, 2.662268, 0.0 ], [ 101.596507, 2.662379, 0.0 ], [ 101.596502, 2.662501, 0.0 ], [ 101.596497, 2.662626, 0.0 ], [ 101.596495, 2.66272, 0.0 ], [ 101.596493, 2.662755, 0.0 ], [ 101.596491, 2.662887, 0.0 ], [ 101.596482, 2.663021, 0.0 ], [ 101.596481, 2.66316, 0.0 ], [ 101.596481, 2.663172, 0.0 ], [ 101.596476, 2.663303, 0.0 ], [ 101.59647, 2.66345, 0.0 ], [ 101.596465, 2.663602, 0.0 ], [ 101.596464, 2.663623, 0.0 ], [ 101.596459, 2.663752, 0.0 ], [ 101.596451, 2.663896, 0.0 ], [ 101.596446, 2.664037, 0.0 ], [ 101.596444, 2.664075, 0.0 ], [ 101.59644, 2.664183, 0.0 ], [ 101.596435, 2.664334, 0.0 ], [ 101.596429, 2.664486, 0.0 ], [ 101.596428, 2.664527, 0.0 ], [ 101.596427, 2.664635, 0.0 ], [ 101.596422, 2.664778, 0.0 ], [ 101.596418, 2.664925, 0.0 ], [ 101.596416, 2.664979, 0.0 ], [ 101.596412, 2.665074, 0.0 ], [ 101.596404, 2.66522, 0.0 ], [ 101.596407, 2.665368, 0.0 ], [ 101.596406, 2.665431, 0.0 ], [ 101.596402, 2.665518, 0.0 ], [ 101.596396, 2.665665, 0.0 ] ] ] } },
{ "type": "Feature", "properties": { "Name": "113/54/10  KUNDANG", "description": "1135410    <br>       <br>   KODDMA   1135410    <br>   LUAS   9693475.84152    <br>   JOBID       <br>   NAMADMA   KUNDANG    <br>   Status   1    <br>   JUMLAH_PEM   1311    <br>   SHAPE_Leng   13929.404426", "timestamp": null, "begin": null, "end": null, "altitudeMode": null, "tessellate": -1, "extrude": 0, "visibility": -1, "drawOrder": null, "icon": null }, "geometry": { "type": "Polygon", "coordinates": [ [ [ 101.550374, 2.693437, 0.0 ], [ 101.554483, 2.702971, 0.0 ], [ 101.545421, 2.706917, 0.0 ], [ 101.536979, 2.71043, 0.0 ], [ 101.536953, 2.709525, 0.0 ], [ 101.536065, 2.707249, 0.0 ], [ 101.53519, 2.704939, 0.0 ], [ 101.534685, 2.704157, 0.0 ], [ 101.534547, 2.703967, 0.0 ], [ 101.534533, 2.703945, 0.0 ], [ 101.532164, 2.699679, 0.0 ], [ 101.531888, 2.699173, 0.0 ], [ 101.528371, 2.692715, 0.0 ], [ 101.527227, 2.690561, 0.0 ], [ 101.525596, 2.687508, 0.0 ], [ 101.525462, 2.687257, 0.0 ], [ 101.525549, 2.687272, 0.0 ], [ 101.525822, 2.687214, 0.0 ], [ 101.525825, 2.687214, 0.0 ], [ 101.525937, 2.68719, 0.0 ], [ 101.526048, 2.687164, 0.0 ], [ 101.526261, 2.68712, 0.0 ], [ 101.526702, 2.68703, 0.0 ], [ 101.527143, 2.68694, 0.0 ], [ 101.527198, 2.686928, 0.0 ], [ 101.527583, 2.686849, 0.0 ], [ 101.528024, 2.686759, 0.0 ], [ 101.528464, 2.686669, 0.0 ], [ 101.528797, 2.686601, 0.0 ], [ 101.528883, 2.686583, 0.0 ], [ 101.528911, 2.686578, 0.0 ], [ 101.528915, 2.686577, 0.0 ], [ 101.528909, 2.686555, 0.0 ], [ 101.528871, 2.686413, 0.0 ], [ 101.528824, 2.686262, 0.0 ], [ 101.528787, 2.68616, 0.0 ], [ 101.528769, 2.686111, 0.0 ], [ 101.52875, 2.686061, 0.0 ], [ 101.528707, 2.685943, 0.0 ], [ 101.528675, 2.685858, 0.0 ], [ 101.528607, 2.685689, 0.0 ], [ 101.5286, 2.68567, 0.0 ], [ 101.52852, 2.685472, 0.0 ], [ 101.52848, 2.685371, 0.0 ], [ 101.528438, 2.68527, 0.0 ], [ 101.528418, 2.685219, 0.0 ], [ 101.528393, 2.685158, 0.0 ], [ 101.528378, 2.68512, 0.0 ], [ 101.528348, 2.685046, 0.0 ], [ 101.528271, 2.68485, 0.0 ], [ 101.528105, 2.68443, 0.0 ], [ 101.527986, 2.684128, 0.0 ], [ 101.527964, 2.684072, 0.0 ], [ 101.527938, 2.68401, 0.0 ], [ 101.527878, 2.683855, 0.0 ], [ 101.527777, 2.683588, 0.0 ], [ 101.527707, 2.683404, 0.0 ], [ 101.527633, 2.683217, 0.0 ], [ 101.527613, 2.683167, 0.0 ], [ 101.52756, 2.683027, 0.0 ], [ 101.527448, 2.682746, 0.0 ], [ 101.52733, 2.682444, 0.0 ], [ 101.527286, 2.682325, 0.0 ], [ 101.52724, 2.682207, 0.0 ], [ 101.527162, 2.682004, 0.0 ], [ 101.527122, 2.681904, 0.0 ], [ 101.527096, 2.681839, 0.0 ], [ 101.527035, 2.681692, 0.0 ], [ 101.526988, 2.681564, 0.0 ], [ 101.526956, 2.681476, 0.0 ], [ 101.526938, 2.681427, 0.0 ], [ 101.526871, 2.681259, 0.0 ], [ 101.526836, 2.681171, 0.0 ], [ 101.526801, 2.681085, 0.0 ], [ 101.526793, 2.681062, 0.0 ], [ 101.526737, 2.680915, 0.0 ], [ 101.526676, 2.680752, 0.0 ], [ 101.526632, 2.68064, 0.0 ], [ 101.526615, 2.680593, 0.0 ], [ 101.526559, 2.68045, 0.0 ], [ 101.52648, 2.680283, 0.0 ], [ 101.526472, 2.680264, 0.0 ], [ 101.526459, 2.680246, 0.0 ], [ 101.526445, 2.680232, 0.0 ], [ 101.526437, 2.680227, 0.0 ], [ 101.526509, 2.680047, 0.0 ], [ 101.526897, 2.679897, 0.0 ], [ 101.526197, 2.67817, 0.0 ], [ 101.526587, 2.677782, 0.0 ], [ 101.526592, 2.677782, 0.0 ], [ 101.526772, 2.677754, 0.0 ], [ 101.526658, 2.677607, 0.0 ], [ 101.526639, 2.677594, 0.0 ], [ 101.526596, 2.677517, 0.0 ], [ 101.526521, 2.67738, 0.0 ], [ 101.526261, 2.676743, 0.0 ], [ 101.526156, 2.676502, 0.0 ], [ 101.526155, 2.676496, 0.0 ], [ 101.525317, 2.673285, 0.0 ], [ 101.525398, 2.672999, 0.0 ], [ 101.52546, 2.673011, 0.0 ], [ 101.525525, 2.673023, 0.0 ], [ 101.525655, 2.67305, 0.0 ], [ 101.525788, 2.673077, 0.0 ], [ 101.52581, 2.673051, 0.0 ], [ 101.525967, 2.672786, 0.0 ], [ 101.525854, 2.672378, 0.0 ], [ 101.525754, 2.670687, 0.0 ], [ 101.525877, 2.670379, 0.0 ], [ 101.526014, 2.670026, 0.0 ], [ 101.526067, 2.6699, 0.0 ], [ 101.526087, 2.669854, 0.0 ], [ 101.526159, 2.669664, 0.0 ], [ 101.526321, 2.669556, 0.0 ], [ 101.526645, 2.669421, 0.0 ], [ 101.526897, 2.669196, 0.0 ], [ 101.527149, 2.669115, 0.0 ], [ 101.527383, 2.669043, 0.0 ], [ 101.527555, 2.668917, 0.0 ], [ 101.528041, 2.668394, 0.0 ], [ 101.52823, 2.668313, 0.0 ], [ 101.528392, 2.668331, 0.0 ], [ 101.528572, 2.668386, 0.0 ], [ 101.528816, 2.667971, 0.0 ], [ 101.528978, 2.667808, 0.0 ], [ 101.529158, 2.667664, 0.0 ], [ 101.529392, 2.667421, 0.0 ], [ 101.529654, 2.667177, 0.0 ], [ 101.530023, 2.666943, 0.0 ], [ 101.530266, 2.666871, 0.0 ], [ 101.530527, 2.666818, 0.0 ], [ 101.530689, 2.666746, 0.0 ], [ 101.531112, 2.666539, 0.0 ], [ 101.531191, 2.666509, 0.0 ], [ 101.531976, 2.666215, 0.0 ], [ 101.532219, 2.666089, 0.0 ], [ 101.53239, 2.666017, 0.0 ], [ 101.532747, 2.665943, 0.0 ], [ 101.533119, 2.665865, 0.0 ], [ 101.53329, 2.665748, 0.0 ], [ 101.533379, 2.665665, 0.0 ], [ 101.533551, 2.665505, 0.0 ], [ 101.53383, 2.665361, 0.0 ], [ 101.534235, 2.665235, 0.0 ], [ 101.534384, 2.665215, 0.0 ], [ 101.534631, 2.665182, 0.0 ], [ 101.534769, 2.665043, 0.0 ], [ 101.534901, 2.664911, 0.0 ], [ 101.535081, 2.664848, 0.0 ], [ 101.53554, 2.664777, 0.0 ], [ 101.535729, 2.664651, 0.0 ], [ 101.536162, 2.664381, 0.0 ], [ 101.536531, 2.66421, 0.0 ], [ 101.537052, 2.664085, 0.0 ], [ 101.537332, 2.66376, 0.0 ], [ 101.537584, 2.66348, 0.0 ], [ 101.538979, 2.662837, 0.0 ], [ 101.53947, 2.664057, 0.0 ], [ 101.540021, 2.665426, 0.0 ], [ 101.540028, 2.665445, 0.0 ], [ 101.540035, 2.665463, 0.0 ], [ 101.540087, 2.665423, 0.0 ], [ 101.540098, 2.66545, 0.0 ], [ 101.541498, 2.669231, 0.0 ], [ 101.542341, 2.671509, 0.0 ], [ 101.542439, 2.671771, 0.0 ], [ 101.542597, 2.672195, 0.0 ], [ 101.542754, 2.672618, 0.0 ], [ 101.542913, 2.673042, 0.0 ], [ 101.542958, 2.673164, 0.0 ], [ 101.54307, 2.673465, 0.0 ], [ 101.543227, 2.673889, 0.0 ], [ 101.543386, 2.674313, 0.0 ], [ 101.543544, 2.674735, 0.0 ], [ 101.5437, 2.675158, 0.0 ], [ 101.543859, 2.675582, 0.0 ], [ 101.544017, 2.676005, 0.0 ], [ 101.544175, 2.676429, 0.0 ], [ 101.544202, 2.676503, 0.0 ], [ 101.544224, 2.676563, 0.0 ], [ 101.544227, 2.676571, 0.0 ], [ 101.544251, 2.676638, 0.0 ], [ 101.544333, 2.676852, 0.0 ], [ 101.54449, 2.677276, 0.0 ], [ 101.544647, 2.677699, 0.0 ], [ 101.544806, 2.678123, 0.0 ], [ 101.544963, 2.678545, 0.0 ], [ 101.54512, 2.678968, 0.0 ], [ 101.545279, 2.679392, 0.0 ], [ 101.545307, 2.679469, 0.0 ], [ 101.545555, 2.680195, 0.0 ], [ 101.546069, 2.681702, 0.0 ], [ 101.546413, 2.682664, 0.0 ], [ 101.546684, 2.683438, 0.0 ], [ 101.550374, 2.693437, 0.0 ] ] ] } },
{ "type": "Feature", "properties": { "Name": "113/54/11  BATU LAUT", "description": "1135411    <br>       <br>   KODDMA   1135411    <br>   LUAS   33366429.8488    <br>   JOBID       <br>   NAMADMA   BATU LAUT    <br>   Status   1    <br>   JUMLAH_PEM   2937    <br>   SHAPE_Leng   27282.971245", "timestamp": null, "begin": null, "end": null, "altitudeMode": null, "tessellate": -1, "extrude": 0, "visibility": -1, "drawOrder": null, "icon": null }, "geometry": { "type": "Polygon", "coordinates": [ [ [ 101.536892, 2.733951, 0.0 ], [ 101.53568, 2.734834, 0.0 ], [ 101.533484, 2.736685, 0.0 ], [ 101.525056, 2.743953, 0.0 ], [ 101.518365, 2.749344, 0.0 ], [ 101.51744, 2.747747, 0.0 ], [ 101.514898, 2.742796, 0.0 ], [ 101.509556, 2.732933, 0.0 ], [ 101.508424, 2.733766, 0.0 ], [ 101.505623, 2.735528, 0.0 ], [ 101.504993, 2.735914, 0.0 ], [ 101.504962, 2.735933, 0.0 ], [ 101.502411, 2.737495, 0.0 ], [ 101.499209, 2.739566, 0.0 ], [ 101.499207, 2.739564, 0.0 ], [ 101.499029, 2.739382, 0.0 ], [ 101.497849, 2.738243, 0.0 ], [ 101.497699, 2.738044, 0.0 ], [ 101.497349, 2.737418, 0.0 ], [ 101.496808, 2.73645, 0.0 ], [ 101.495288, 2.733732, 0.0 ], [ 101.494927, 2.733175, 0.0 ], [ 101.494923, 2.733168, 0.0 ], [ 101.494909, 2.733175, 0.0 ], [ 101.493462, 2.73057, 0.0 ], [ 101.491522, 2.72715, 0.0 ], [ 101.489482, 2.723773, 0.0 ], [ 101.489441, 2.7237, 0.0 ], [ 101.4876, 2.720368, 0.0 ], [ 101.487626, 2.720353, 0.0 ], [ 101.487856, 2.720223, 0.0 ], [ 101.492524, 2.717551, 0.0 ], [ 101.492547, 2.717538, 0.0 ], [ 101.496399, 2.715333, 0.0 ], [ 101.496435, 2.715312, 0.0 ], [ 101.497138, 2.71491, 0.0 ], [ 101.497108, 2.714854, 0.0 ], [ 101.494569, 2.710154, 0.0 ], [ 101.494553, 2.710124, 0.0 ], [ 101.493766, 2.708666, 0.0 ], [ 101.490813, 2.703678, 0.0 ], [ 101.490801, 2.703659, 0.0 ], [ 101.489777, 2.701928, 0.0 ], [ 101.489754, 2.701889, 0.0 ], [ 101.489747, 2.701878, 0.0 ], [ 101.4897, 2.701798, 0.0 ], [ 101.489699, 2.701797, 0.0 ], [ 101.484884, 2.693645, 0.0 ], [ 101.48487, 2.693621, 0.0 ], [ 101.484597, 2.693774, 0.0 ], [ 101.484568, 2.693756, 0.0 ], [ 101.483534, 2.693148, 0.0 ], [ 101.482992, 2.692762, 0.0 ], [ 101.482229, 2.69193, 0.0 ], [ 101.482089, 2.691484, 0.0 ], [ 101.480784, 2.690409, 0.0 ], [ 101.480648, 2.689941, 0.0 ], [ 101.480569, 2.688902, 0.0 ], [ 101.48101, 2.688542, 0.0 ], [ 101.48128, 2.688407, 0.0 ], [ 101.481416, 2.688235, 0.0 ], [ 101.481512, 2.688144, 0.0 ], [ 101.481758, 2.687968, 0.0 ], [ 101.481848, 2.687911, 0.0 ], [ 101.4821, 2.687839, 0.0 ], [ 101.482388, 2.68765, 0.0 ], [ 101.483027, 2.687543, 0.0 ], [ 101.483216, 2.687444, 0.0 ], [ 101.483846, 2.687129, 0.0 ], [ 101.484134, 2.686967, 0.0 ], [ 101.484909, 2.686562, 0.0 ], [ 101.485169, 2.686572, 0.0 ], [ 101.48534, 2.686608, 0.0 ], [ 101.485502, 2.686573, 0.0 ], [ 101.485727, 2.68641, 0.0 ], [ 101.486025, 2.686058, 0.0 ], [ 101.486241, 2.68595, 0.0 ], [ 101.486538, 2.685816, 0.0 ], [ 101.486682, 2.685707, 0.0 ], [ 101.486935, 2.685419, 0.0 ], [ 101.487043, 2.685166, 0.0 ], [ 101.487385, 2.684986, 0.0 ], [ 101.487502, 2.684905, 0.0 ], [ 101.487683, 2.684715, 0.0 ], [ 101.48789, 2.684607, 0.0 ], [ 101.488061, 2.68459, 0.0 ], [ 101.48806, 2.684789, 0.0 ], [ 101.488231, 2.684816, 0.0 ], [ 101.488447, 2.68479, 0.0 ], [ 101.488366, 2.684554, 0.0 ], [ 101.488268, 2.684373, 0.0 ], [ 101.488448, 2.684256, 0.0 ], [ 101.488628, 2.684238, 0.0 ], [ 101.488808, 2.684157, 0.0 ], [ 101.489204, 2.683869, 0.0 ], [ 101.489483, 2.683951, 0.0 ], [ 101.489716, 2.684105, 0.0 ], [ 101.489735, 2.683744, 0.0 ], [ 101.489772, 2.683572, 0.0 ], [ 101.489862, 2.683464, 0.0 ], [ 101.490132, 2.683347, 0.0 ], [ 101.490402, 2.68332, 0.0 ], [ 101.490725, 2.68333, 0.0 ], [ 101.490914, 2.683249, 0.0 ], [ 101.49113, 2.683169, 0.0 ], [ 101.491481, 2.683151, 0.0 ], [ 101.492363, 2.682729, 0.0 ], [ 101.492696, 2.682657, 0.0 ], [ 101.493101, 2.682649, 0.0 ], [ 101.49374, 2.68247, 0.0 ], [ 101.494055, 2.682335, 0.0 ], [ 101.494594, 2.682264, 0.0 ], [ 101.494767, 2.682188, 0.0 ], [ 101.4949, 2.682129, 0.0 ], [ 101.494923, 2.682117, 0.0 ], [ 101.495297, 2.681913, 0.0 ], [ 101.495495, 2.681841, 0.0 ], [ 101.495801, 2.681634, 0.0 ], [ 101.495954, 2.68158, 0.0 ], [ 101.49617, 2.681427, 0.0 ], [ 101.496449, 2.68122, 0.0 ], [ 101.496719, 2.681103, 0.0 ], [ 101.496989, 2.681103, 0.0 ], [ 101.497195, 2.681285, 0.0 ], [ 101.497438, 2.681249, 0.0 ], [ 101.497519, 2.681105, 0.0 ], [ 101.497664, 2.68096, 0.0 ], [ 101.497807, 2.681015, 0.0 ], [ 101.497924, 2.681151, 0.0 ], [ 101.498049, 2.681332, 0.0 ], [ 101.498166, 2.681441, 0.0 ], [ 101.49831, 2.681495, 0.0 ], [ 101.498723, 2.681533, 0.0 ], [ 101.498849, 2.681587, 0.0 ], [ 101.498796, 2.681352, 0.0 ], [ 101.498725, 2.681053, 0.0 ], [ 101.498878, 2.680909, 0.0 ], [ 101.499355, 2.680802, 0.0 ], [ 101.499607, 2.680613, 0.0 ], [ 101.499985, 2.680415, 0.0 ], [ 101.500165, 2.680216, 0.0 ], [ 101.500382, 2.679819, 0.0 ], [ 101.500364, 2.679656, 0.0 ], [ 101.500131, 2.679701, 0.0 ], [ 101.499942, 2.679564, 0.0 ], [ 101.499987, 2.679393, 0.0 ], [ 101.500159, 2.679258, 0.0 ], [ 101.50042, 2.679132, 0.0 ], [ 101.500744, 2.678924, 0.0 ], [ 101.50096, 2.678862, 0.0 ], [ 101.501293, 2.67879, 0.0 ], [ 101.501824, 2.678538, 0.0 ], [ 101.502832, 2.677926, 0.0 ], [ 101.503192, 2.6778, 0.0 ], [ 101.503372, 2.677801, 0.0 ], [ 101.503606, 2.677973, 0.0 ], [ 101.503636, 2.678076, 0.0 ], [ 101.503974, 2.677846, 0.0 ], [ 101.504038, 2.677694, 0.0 ], [ 101.504254, 2.677432, 0.0 ], [ 101.504561, 2.677162, 0.0 ], [ 101.505038, 2.676864, 0.0 ], [ 101.505182, 2.676801, 0.0 ], [ 101.505731, 2.676495, 0.0 ], [ 101.506208, 2.676325, 0.0 ], [ 101.506352, 2.676289, 0.0 ], [ 101.506649, 2.676118, 0.0 ], [ 101.507099, 2.67592, 0.0 ], [ 101.507711, 2.675759, 0.0 ], [ 101.5096, 2.675393, 0.0 ], [ 101.510131, 2.675367, 0.0 ], [ 101.510625, 2.675422, 0.0 ], [ 101.511048, 2.67546, 0.0 ], [ 101.511516, 2.675424, 0.0 ], [ 101.512056, 2.675218, 0.0 ], [ 101.512254, 2.675146, 0.0 ], [ 101.512578, 2.674993, 0.0 ], [ 101.512937, 2.674931, 0.0 ], [ 101.515195, 2.674018, 0.0 ], [ 101.520696, 2.671794, 0.0 ], [ 101.520876, 2.671713, 0.0 ], [ 101.521209, 2.671651, 0.0 ], [ 101.522072, 2.671644, 0.0 ], [ 101.522396, 2.67159, 0.0 ], [ 101.52308, 2.671185, 0.0 ], [ 101.523461, 2.671095, 0.0 ], [ 101.523575, 2.671069, 0.0 ], [ 101.524025, 2.671015, 0.0 ], [ 101.524187, 2.670971, 0.0 ], [ 101.524421, 2.670817, 0.0 ], [ 101.524711, 2.670612, 0.0 ], [ 101.52497, 2.670385, 0.0 ], [ 101.525204, 2.670295, 0.0 ], [ 101.52569, 2.670278, 0.0 ], [ 101.525861, 2.670188, 0.0 ], [ 101.526014, 2.670026, 0.0 ], [ 101.525877, 2.670379, 0.0 ], [ 101.525754, 2.670687, 0.0 ], [ 101.525854, 2.672378, 0.0 ], [ 101.525967, 2.672786, 0.0 ], [ 101.52581, 2.673051, 0.0 ], [ 101.525788, 2.673077, 0.0 ], [ 101.525655, 2.67305, 0.0 ], [ 101.525525, 2.673023, 0.0 ], [ 101.52546, 2.673011, 0.0 ], [ 101.525398, 2.672999, 0.0 ], [ 101.525317, 2.673285, 0.0 ], [ 101.526155, 2.676496, 0.0 ], [ 101.526156, 2.676502, 0.0 ], [ 101.526261, 2.676743, 0.0 ], [ 101.526521, 2.67738, 0.0 ], [ 101.526596, 2.677517, 0.0 ], [ 101.526639, 2.677594, 0.0 ], [ 101.526658, 2.677607, 0.0 ], [ 101.526772, 2.677754, 0.0 ], [ 101.526592, 2.677782, 0.0 ], [ 101.526587, 2.677782, 0.0 ], [ 101.526197, 2.67817, 0.0 ], [ 101.526897, 2.679897, 0.0 ], [ 101.526509, 2.680047, 0.0 ], [ 101.526437, 2.680227, 0.0 ], [ 101.526445, 2.680232, 0.0 ], [ 101.526459, 2.680246, 0.0 ], [ 101.526472, 2.680264, 0.0 ], [ 101.52648, 2.680283, 0.0 ], [ 101.526559, 2.68045, 0.0 ], [ 101.526615, 2.680593, 0.0 ], [ 101.526632, 2.68064, 0.0 ], [ 101.526676, 2.680752, 0.0 ], [ 101.526737, 2.680915, 0.0 ], [ 101.526793, 2.681062, 0.0 ], [ 101.526801, 2.681085, 0.0 ], [ 101.526836, 2.681171, 0.0 ], [ 101.526871, 2.681259, 0.0 ], [ 101.526938, 2.681427, 0.0 ], [ 101.526956, 2.681476, 0.0 ], [ 101.526988, 2.681564, 0.0 ], [ 101.527035, 2.681692, 0.0 ], [ 101.527096, 2.681839, 0.0 ], [ 101.527122, 2.681904, 0.0 ], [ 101.527162, 2.682004, 0.0 ], [ 101.52724, 2.682207, 0.0 ], [ 101.527286, 2.682325, 0.0 ], [ 101.52733, 2.682444, 0.0 ], [ 101.527448, 2.682746, 0.0 ], [ 101.52756, 2.683027, 0.0 ], [ 101.527613, 2.683167, 0.0 ], [ 101.527633, 2.683217, 0.0 ], [ 101.527707, 2.683404, 0.0 ], [ 101.527777, 2.683588, 0.0 ], [ 101.527878, 2.683855, 0.0 ], [ 101.527938, 2.68401, 0.0 ], [ 101.527964, 2.684072, 0.0 ], [ 101.527986, 2.684128, 0.0 ], [ 101.528105, 2.68443, 0.0 ], [ 101.528271, 2.68485, 0.0 ], [ 101.528348, 2.685046, 0.0 ], [ 101.528378, 2.68512, 0.0 ], [ 101.528393, 2.685158, 0.0 ], [ 101.528418, 2.685219, 0.0 ], [ 101.528438, 2.68527, 0.0 ], [ 101.52848, 2.685371, 0.0 ], [ 101.52852, 2.685472, 0.0 ], [ 101.5286, 2.68567, 0.0 ], [ 101.528607, 2.685689, 0.0 ], [ 101.528675, 2.685858, 0.0 ], [ 101.528707, 2.685943, 0.0 ], [ 101.52875, 2.686061, 0.0 ], [ 101.528769, 2.686111, 0.0 ], [ 101.528787, 2.68616, 0.0 ], [ 101.528824, 2.686262, 0.0 ], [ 101.528871, 2.686413, 0.0 ], [ 101.528909, 2.686555, 0.0 ], [ 101.528915, 2.686577, 0.0 ], [ 101.528911, 2.686578, 0.0 ], [ 101.528883, 2.686583, 0.0 ], [ 101.528797, 2.686601, 0.0 ], [ 101.528464, 2.686669, 0.0 ], [ 101.528024, 2.686759, 0.0 ], [ 101.527583, 2.686849, 0.0 ], [ 101.527198, 2.686928, 0.0 ], [ 101.527143, 2.68694, 0.0 ], [ 101.526702, 2.68703, 0.0 ], [ 101.526261, 2.68712, 0.0 ], [ 101.526048, 2.687164, 0.0 ], [ 101.525937, 2.68719, 0.0 ], [ 101.525825, 2.687214, 0.0 ], [ 101.525822, 2.687214, 0.0 ], [ 101.525549, 2.687272, 0.0 ], [ 101.525462, 2.687257, 0.0 ], [ 101.525596, 2.687508, 0.0 ], [ 101.527227, 2.690561, 0.0 ], [ 101.528371, 2.692715, 0.0 ], [ 101.531888, 2.699173, 0.0 ], [ 101.532164, 2.699679, 0.0 ], [ 101.534533, 2.703945, 0.0 ], [ 101.534547, 2.703967, 0.0 ], [ 101.534685, 2.704157, 0.0 ], [ 101.53519, 2.704939, 0.0 ], [ 101.536065, 2.707249, 0.0 ], [ 101.536953, 2.709525, 0.0 ], [ 101.536979, 2.71043, 0.0 ], [ 101.536981, 2.710739, 0.0 ], [ 101.536927, 2.722624, 0.0 ], [ 101.536892, 2.733951, 0.0 ] ] ] } },
{ "type": "Feature", "properties": { "Name": "113/54/12  KAMPUNG ENDAH", "description": "1135412    <br>       <br>   KODDMA   1135412    <br>   LUAS   23998201.68    <br>   JOBID       <br>   NAMADMA   KAMPUNG ENDAH    <br>   Status   1    <br>   JUMLAH_PEM   1807    <br>   SHAPE_Leng   22350.071853", "timestamp": null, "begin": null, "end": null, "altitudeMode": null, "tessellate": -1, "extrude": 0, "visibility": -1, "drawOrder": null, "icon": null }, "geometry": { "type": "Polygon", "coordinates": [ [ [ 101.497108, 2.714854, 0.0 ], [ 101.497138, 2.71491, 0.0 ], [ 101.496435, 2.715312, 0.0 ], [ 101.496399, 2.715333, 0.0 ], [ 101.492547, 2.717538, 0.0 ], [ 101.492524, 2.717551, 0.0 ], [ 101.487856, 2.720223, 0.0 ], [ 101.487626, 2.720353, 0.0 ], [ 101.4876, 2.720368, 0.0 ], [ 101.489441, 2.7237, 0.0 ], [ 101.489482, 2.723773, 0.0 ], [ 101.491522, 2.72715, 0.0 ], [ 101.493462, 2.73057, 0.0 ], [ 101.494909, 2.733175, 0.0 ], [ 101.494308, 2.733487, 0.0 ], [ 101.490369, 2.735807, 0.0 ], [ 101.48722, 2.737655, 0.0 ], [ 101.48295, 2.74018, 0.0 ], [ 101.480606, 2.741582, 0.0 ], [ 101.481444, 2.743004, 0.0 ], [ 101.482489, 2.744954, 0.0 ], [ 101.484414, 2.748229, 0.0 ], [ 101.471968, 2.755545, 0.0 ], [ 101.471972, 2.755551, 0.0 ], [ 101.471774, 2.755677, 0.0 ], [ 101.468466, 2.757937, 0.0 ], [ 101.467228, 2.758784, 0.0 ], [ 101.467199, 2.758803, 0.0 ], [ 101.465714, 2.759818, 0.0 ], [ 101.462383, 2.762094, 0.0 ], [ 101.462123, 2.761749, 0.0 ], [ 101.461551, 2.760988, 0.0 ], [ 101.460722, 2.759706, 0.0 ], [ 101.460122, 2.758767, 0.0 ], [ 101.460099, 2.758731, 0.0 ], [ 101.459955, 2.758466, 0.0 ], [ 101.456312, 2.751792, 0.0 ], [ 101.455034, 2.749445, 0.0 ], [ 101.454577, 2.748472, 0.0 ], [ 101.453467, 2.746112, 0.0 ], [ 101.452469, 2.743987, 0.0 ], [ 101.451636, 2.742216, 0.0 ], [ 101.451612, 2.742164, 0.0 ], [ 101.451582, 2.742102, 0.0 ], [ 101.451067, 2.741006, 0.0 ], [ 101.450387, 2.73956, 0.0 ], [ 101.450379, 2.739542, 0.0 ], [ 101.450321, 2.739419, 0.0 ], [ 101.450297, 2.739366, 0.0 ], [ 101.450273, 2.739316, 0.0 ], [ 101.4501, 2.738887, 0.0 ], [ 101.449441, 2.737249, 0.0 ], [ 101.449328, 2.73697, 0.0 ], [ 101.449127, 2.736453, 0.0 ], [ 101.449069, 2.736306, 0.0 ], [ 101.448831, 2.735696, 0.0 ], [ 101.449216, 2.734927, 0.0 ], [ 101.449659, 2.734159, 0.0 ], [ 101.450219, 2.733657, 0.0 ], [ 101.45084, 2.73286, 0.0 ], [ 101.451135, 2.73221, 0.0 ], [ 101.451342, 2.731825, 0.0 ], [ 101.451579, 2.731293, 0.0 ], [ 101.452022, 2.730791, 0.0 ], [ 101.452258, 2.730348, 0.0 ], [ 101.452525, 2.729816, 0.0 ], [ 101.452908, 2.729551, 0.0 ], [ 101.453203, 2.729137, 0.0 ], [ 101.453528, 2.728753, 0.0 ], [ 101.453676, 2.728369, 0.0 ], [ 101.453795, 2.727955, 0.0 ], [ 101.453854, 2.727777, 0.0 ], [ 101.453944, 2.727215, 0.0 ], [ 101.453945, 2.72686, 0.0 ], [ 101.454152, 2.726269, 0.0 ], [ 101.454448, 2.725796, 0.0 ], [ 101.45495, 2.725176, 0.0 ], [ 101.455239, 2.724709, 0.0 ], [ 101.455339, 2.724465, 0.0 ], [ 101.455484, 2.723977, 0.0 ], [ 101.45561, 2.723742, 0.0 ], [ 101.455839, 2.723239, 0.0 ], [ 101.455873, 2.723164, 0.0 ], [ 101.455991, 2.722767, 0.0 ], [ 101.456127, 2.722297, 0.0 ], [ 101.456176, 2.722136, 0.0 ], [ 101.456261, 2.721858, 0.0 ], [ 101.456453, 2.721231, 0.0 ], [ 101.456743, 2.720427, 0.0 ], [ 101.456917, 2.719971, 0.0 ], [ 101.45706, 2.719596, 0.0 ], [ 101.457376, 2.718756, 0.0 ], [ 101.457503, 2.718476, 0.0 ], [ 101.457756, 2.717889, 0.0 ], [ 101.458054, 2.717338, 0.0 ], [ 101.458074, 2.717302, 0.0 ], [ 101.458307, 2.716868, 0.0 ], [ 101.458452, 2.716733, 0.0 ], [ 101.458474, 2.7167, 0.0 ], [ 101.458808, 2.716225, 0.0 ], [ 101.458876, 2.716128, 0.0 ], [ 101.458966, 2.715911, 0.0 ], [ 101.459103, 2.715658, 0.0 ], [ 101.459077, 2.715643, 0.0 ], [ 101.459416, 2.714875, 0.0 ], [ 101.4598, 2.714093, 0.0 ], [ 101.460287, 2.713122, 0.0 ], [ 101.460391, 2.712931, 0.0 ], [ 101.460885, 2.712018, 0.0 ], [ 101.461123, 2.712148, 0.0 ], [ 101.461365, 2.712281, 0.0 ], [ 101.461358, 2.712313, 0.0 ], [ 101.46143, 2.71221, 0.0 ], [ 101.461512, 2.712002, 0.0 ], [ 101.461648, 2.711406, 0.0 ], [ 101.46165, 2.710709, 0.0 ], [ 101.46165, 2.710628, 0.0 ], [ 101.461687, 2.710276, 0.0 ], [ 101.461706, 2.710185, 0.0 ], [ 101.461747, 2.709999, 0.0 ], [ 101.461769, 2.709779, 0.0 ], [ 101.461797, 2.709453, 0.0 ], [ 101.461869, 2.709173, 0.0 ], [ 101.462213, 2.708559, 0.0 ], [ 101.462294, 2.708216, 0.0 ], [ 101.462286, 2.708008, 0.0 ], [ 101.462584, 2.707584, 0.0 ], [ 101.462116, 2.707646, 0.0 ], [ 101.462134, 2.70751, 0.0 ], [ 101.46236, 2.707212, 0.0 ], [ 101.462495, 2.70714, 0.0 ], [ 101.462639, 2.707104, 0.0 ], [ 101.462595, 2.706788, 0.0 ], [ 101.462586, 2.70648, 0.0 ], [ 101.462641, 2.706182, 0.0 ], [ 101.462759, 2.705929, 0.0 ], [ 101.463011, 2.70565, 0.0 ], [ 101.463209, 2.705533, 0.0 ], [ 101.463597, 2.705145, 0.0 ], [ 101.463931, 2.704721, 0.0 ], [ 101.464066, 2.704621, 0.0 ], [ 101.464192, 2.70445, 0.0 ], [ 101.464265, 2.704215, 0.0 ], [ 101.464301, 2.703917, 0.0 ], [ 101.464599, 2.70342, 0.0 ], [ 101.465157, 2.703159, 0.0 ], [ 101.465266, 2.702979, 0.0 ], [ 101.465177, 2.702716, 0.0 ], [ 101.465348, 2.702518, 0.0 ], [ 101.465618, 2.702383, 0.0 ], [ 101.465798, 2.702157, 0.0 ], [ 101.466105, 2.70176, 0.0 ], [ 101.466412, 2.701444, 0.0 ], [ 101.466529, 2.701164, 0.0 ], [ 101.466682, 2.700993, 0.0 ], [ 101.467034, 2.700831, 0.0 ], [ 101.467259, 2.700597, 0.0 ], [ 101.467593, 2.700082, 0.0 ], [ 101.467711, 2.699748, 0.0 ], [ 101.468215, 2.699505, 0.0 ], [ 101.468539, 2.699424, 0.0 ], [ 101.468602, 2.699235, 0.0 ], [ 101.468512, 2.699108, 0.0 ], [ 101.468388, 2.698969, 0.0 ], [ 101.468334, 2.698664, 0.0 ], [ 101.468478, 2.698583, 0.0 ], [ 101.469045, 2.698431, 0.0 ], [ 101.46918, 2.698296, 0.0 ], [ 101.469577, 2.697836, 0.0 ], [ 101.469829, 2.697682, 0.0 ], [ 101.470009, 2.697556, 0.0 ], [ 101.470388, 2.696897, 0.0 ], [ 101.470506, 2.696744, 0.0 ], [ 101.470686, 2.696482, 0.0 ], [ 101.470803, 2.696356, 0.0 ], [ 101.471055, 2.696221, 0.0 ], [ 101.471424, 2.696122, 0.0 ], [ 101.471577, 2.696068, 0.0 ], [ 101.471803, 2.695834, 0.0 ], [ 101.471926, 2.695675, 0.0 ], [ 101.472118, 2.695428, 0.0 ], [ 101.472299, 2.695193, 0.0 ], [ 101.472623, 2.694968, 0.0 ], [ 101.473019, 2.694842, 0.0 ], [ 101.473352, 2.694825, 0.0 ], [ 101.473639, 2.694835, 0.0 ], [ 101.473936, 2.694772, 0.0 ], [ 101.474107, 2.694673, 0.0 ], [ 101.474369, 2.694457, 0.0 ], [ 101.474657, 2.694331, 0.0 ], [ 101.474864, 2.694322, 0.0 ], [ 101.47516, 2.694413, 0.0 ], [ 101.475367, 2.694468, 0.0 ], [ 101.47552, 2.694432, 0.0 ], [ 101.475836, 2.693818, 0.0 ], [ 101.476052, 2.693539, 0.0 ], [ 101.476269, 2.693367, 0.0 ], [ 101.476476, 2.69325, 0.0 ], [ 101.476692, 2.693115, 0.0 ], [ 101.476791, 2.692989, 0.0 ], [ 101.476729, 2.692781, 0.0 ], [ 101.476657, 2.692636, 0.0 ], [ 101.476676, 2.692482, 0.0 ], [ 101.476739, 2.692329, 0.0 ], [ 101.476569, 2.692057, 0.0 ], [ 101.476425, 2.691903, 0.0 ], [ 101.476381, 2.691767, 0.0 ], [ 101.476624, 2.691506, 0.0 ], [ 101.476877, 2.69119, 0.0 ], [ 101.477111, 2.691009, 0.0 ], [ 101.477264, 2.690956, 0.0 ], [ 101.477407, 2.691164, 0.0 ], [ 101.477353, 2.691336, 0.0 ], [ 101.477271, 2.691552, 0.0 ], [ 101.477361, 2.691661, 0.0 ], [ 101.477586, 2.691562, 0.0 ], [ 101.477767, 2.691219, 0.0 ], [ 101.47792, 2.691129, 0.0 ], [ 101.478145, 2.691048, 0.0 ], [ 101.478244, 2.690949, 0.0 ], [ 101.478254, 2.690578, 0.0 ], [ 101.478317, 2.690452, 0.0 ], [ 101.478714, 2.690082, 0.0 ], [ 101.47884, 2.689992, 0.0 ], [ 101.479046, 2.690146, 0.0 ], [ 101.479253, 2.69012, 0.0 ], [ 101.479451, 2.690039, 0.0 ], [ 101.479667, 2.690012, 0.0 ], [ 101.479676, 2.68984, 0.0 ], [ 101.479425, 2.689776, 0.0 ], [ 101.479596, 2.689487, 0.0 ], [ 101.47957, 2.689261, 0.0 ], [ 101.479669, 2.689153, 0.0 ], [ 101.479804, 2.689117, 0.0 ], [ 101.48011, 2.689127, 0.0 ], [ 101.48037, 2.689417, 0.0 ], [ 101.480486, 2.689752, 0.0 ], [ 101.480634, 2.689895, 0.0 ], [ 101.480648, 2.689941, 0.0 ], [ 101.480784, 2.690409, 0.0 ], [ 101.482089, 2.691484, 0.0 ], [ 101.482229, 2.69193, 0.0 ], [ 101.482992, 2.692762, 0.0 ], [ 101.483534, 2.693148, 0.0 ], [ 101.484568, 2.693756, 0.0 ], [ 101.484597, 2.693774, 0.0 ], [ 101.48487, 2.693621, 0.0 ], [ 101.484884, 2.693645, 0.0 ], [ 101.489699, 2.701797, 0.0 ], [ 101.4897, 2.701798, 0.0 ], [ 101.489747, 2.701878, 0.0 ], [ 101.489754, 2.701889, 0.0 ], [ 101.489777, 2.701928, 0.0 ], [ 101.490801, 2.703659, 0.0 ], [ 101.490813, 2.703678, 0.0 ], [ 101.493766, 2.708666, 0.0 ], [ 101.494553, 2.710124, 0.0 ], [ 101.494569, 2.710154, 0.0 ], [ 101.497108, 2.714854, 0.0 ] ] ] } },
{ "type": "Feature", "properties": { "Name": "113/54/13  SUNGAI LANG", "description": "1135413    <br>       <br>   KODDMA   1135413    <br>   LUAS   4856143.06161    <br>   JOBID       <br>   NAMADMA   SUNGAI LANG    <br>   Status   1    <br>   JUMLAH_PEM   2471    <br>   SHAPE_Leng   10793.432856", "timestamp": null, "begin": null, "end": null, "altitudeMode": null, "tessellate": -1, "extrude": 0, "visibility": -1, "drawOrder": null, "icon": null }, "geometry": { "type": "Polygon", "coordinates": [ [ [ 101.535284, 2.796715, 0.0 ], [ 101.535218, 2.796716, 0.0 ], [ 101.53379, 2.796734, 0.0 ], [ 101.53208, 2.796756, 0.0 ], [ 101.529414, 2.79679, 0.0 ], [ 101.526874, 2.796822, 0.0 ], [ 101.526069, 2.796832, 0.0 ], [ 101.524474, 2.796853, 0.0 ], [ 101.522761, 2.796875, 0.0 ], [ 101.519906, 2.796911, 0.0 ], [ 101.519775, 2.79704, 0.0 ], [ 101.518382, 2.798411, 0.0 ], [ 101.517037, 2.799733, 0.0 ], [ 101.515498, 2.801247, 0.0 ], [ 101.512942, 2.801177, 0.0 ], [ 101.512932, 2.801177, 0.0 ], [ 101.512933, 2.801129, 0.0 ], [ 101.512936, 2.800867, 0.0 ], [ 101.512942, 2.800415, 0.0 ], [ 101.512949, 2.799963, 0.0 ], [ 101.512955, 2.799511, 0.0 ], [ 101.512961, 2.799059, 0.0 ], [ 101.512967, 2.798607, 0.0 ], [ 101.512971, 2.798365, 0.0 ], [ 101.512974, 2.798155, 0.0 ], [ 101.512979, 2.797735, 0.0 ], [ 101.51298, 2.797703, 0.0 ], [ 101.512981, 2.797614, 0.0 ], [ 101.512984, 2.797496, 0.0 ], [ 101.512985, 2.79738, 0.0 ], [ 101.512987, 2.797265, 0.0 ], [ 101.512987, 2.797251, 0.0 ], [ 101.512988, 2.79715, 0.0 ], [ 101.512989, 2.797036, 0.0 ], [ 101.51299, 2.79698, 0.0 ], [ 101.51299, 2.796974, 0.0 ], [ 101.51299, 2.796921, 0.0 ], [ 101.512992, 2.796807, 0.0 ], [ 101.512993, 2.796798, 0.0 ], [ 101.512994, 2.796693, 0.0 ], [ 101.512995, 2.796579, 0.0 ], [ 101.512996, 2.796466, 0.0 ], [ 101.512997, 2.796353, 0.0 ], [ 101.512997, 2.796346, 0.0 ], [ 101.512998, 2.796241, 0.0 ], [ 101.512999, 2.796149, 0.0 ], [ 101.513, 2.79605, 0.0 ], [ 101.5129, 2.796078, 0.0 ], [ 101.512828, 2.796099, 0.0 ], [ 101.512798, 2.796106, 0.0 ], [ 101.51276, 2.796119, 0.0 ], [ 101.512745, 2.796124, 0.0 ], [ 101.512718, 2.796133, 0.0 ], [ 101.512674, 2.79615, 0.0 ], [ 101.512629, 2.796166, 0.0 ], [ 101.512576, 2.796186, 0.0 ], [ 101.512572, 2.796188, 0.0 ], [ 101.512328, 2.796278, 0.0 ], [ 101.512263, 2.7963, 0.0 ], [ 101.512199, 2.796323, 0.0 ], [ 101.512149, 2.79634, 0.0 ], [ 101.512134, 2.796345, 0.0 ], [ 101.512065, 2.796368, 0.0 ], [ 101.511999, 2.79639, 0.0 ], [ 101.511933, 2.796413, 0.0 ], [ 101.511866, 2.796436, 0.0 ], [ 101.511798, 2.796458, 0.0 ], [ 101.511722, 2.796482, 0.0 ], [ 101.511523, 2.796546, 0.0 ], [ 101.511455, 2.796569, 0.0 ], [ 101.511387, 2.796592, 0.0 ], [ 101.511318, 2.796617, 0.0 ], [ 101.511296, 2.796624, 0.0 ], [ 101.51125, 2.79664, 0.0 ], [ 101.511182, 2.796664, 0.0 ], [ 101.511114, 2.796687, 0.0 ], [ 101.511046, 2.796711, 0.0 ], [ 101.510979, 2.796734, 0.0 ], [ 101.51087, 2.796771, 0.0 ], [ 101.510445, 2.796917, 0.0 ], [ 101.510308, 2.796965, 0.0 ], [ 101.510241, 2.796989, 0.0 ], [ 101.510174, 2.79701, 0.0 ], [ 101.510019, 2.797062, 0.0 ], [ 101.509692, 2.797174, 0.0 ], [ 101.509594, 2.797208, 0.0 ], [ 101.509168, 2.797353, 0.0 ], [ 101.509079, 2.797383, 0.0 ], [ 101.508742, 2.797498, 0.0 ], [ 101.508316, 2.797644, 0.0 ], [ 101.507891, 2.797789, 0.0 ], [ 101.507465, 2.797935, 0.0 ], [ 101.507039, 2.79808, 0.0 ], [ 101.50687, 2.798138, 0.0 ], [ 101.506809, 2.798159, 0.0 ], [ 101.506748, 2.798179, 0.0 ], [ 101.5067, 2.798194, 0.0 ], [ 101.506686, 2.798199, 0.0 ], [ 101.506309, 2.797756, 0.0 ], [ 101.506006, 2.797399, 0.0 ], [ 101.505871, 2.797241, 0.0 ], [ 101.50551, 2.796816, 0.0 ], [ 101.505293, 2.796561, 0.0 ], [ 101.505059, 2.796286, 0.0 ], [ 101.50488, 2.796076, 0.0 ], [ 101.504595, 2.79574, 0.0 ], [ 101.504404, 2.795516, 0.0 ], [ 101.504142, 2.795208, 0.0 ], [ 101.503958, 2.794992, 0.0 ], [ 101.503586, 2.794555, 0.0 ], [ 101.503426, 2.794367, 0.0 ], [ 101.503423, 2.794363, 0.0 ], [ 101.503324, 2.794247, 0.0 ], [ 101.503273, 2.794187, 0.0 ], [ 101.503333, 2.794135, 0.0 ], [ 101.503303, 2.794099, 0.0 ], [ 101.505152, 2.793278, 0.0 ], [ 101.506777, 2.792556, 0.0 ], [ 101.506891, 2.792507, 0.0 ], [ 101.506886, 2.792501, 0.0 ], [ 101.506787, 2.792383, 0.0 ], [ 101.506961, 2.792318, 0.0 ], [ 101.507967, 2.791892, 0.0 ], [ 101.508037, 2.791855, 0.0 ], [ 101.508062, 2.791841, 0.0 ], [ 101.508088, 2.79187, 0.0 ], [ 101.508166, 2.791959, 0.0 ], [ 101.508243, 2.791918, 0.0 ], [ 101.509357, 2.791317, 0.0 ], [ 101.509253, 2.791202, 0.0 ], [ 101.509743, 2.790933, 0.0 ], [ 101.509926, 2.790832, 0.0 ], [ 101.510093, 2.79074, 0.0 ], [ 101.51022, 2.790671, 0.0 ], [ 101.5102, 2.790649, 0.0 ], [ 101.510313, 2.790569, 0.0 ], [ 101.510626, 2.790397, 0.0 ], [ 101.510694, 2.790359, 0.0 ], [ 101.510724, 2.790394, 0.0 ], [ 101.510859, 2.79032, 0.0 ], [ 101.510939, 2.790275, 0.0 ], [ 101.511202, 2.79013, 0.0 ], [ 101.511681, 2.789866, 0.0 ], [ 101.512153, 2.789606, 0.0 ], [ 101.512446, 2.789444, 0.0 ], [ 101.51263, 2.789346, 0.0 ], [ 101.512697, 2.789308, 0.0 ], [ 101.512768, 2.789267, 0.0 ], [ 101.512788, 2.789222, 0.0 ], [ 101.512879, 2.789018, 0.0 ], [ 101.513006, 2.788933, 0.0 ], [ 101.513457, 2.788632, 0.0 ], [ 101.513936, 2.788313, 0.0 ], [ 101.514448, 2.787972, 0.0 ], [ 101.514695, 2.787808, 0.0 ], [ 101.514967, 2.787627, 0.0 ], [ 101.51549, 2.78728, 0.0 ], [ 101.515614, 2.787198, 0.0 ], [ 101.516015, 2.78693, 0.0 ], [ 101.516545, 2.786575, 0.0 ], [ 101.516495, 2.786513, 0.0 ], [ 101.51669, 2.78638, 0.0 ], [ 101.516839, 2.786276, 0.0 ], [ 101.518263, 2.785302, 0.0 ], [ 101.518762, 2.784892, 0.0 ], [ 101.520354, 2.784029, 0.0 ], [ 101.520514, 2.783943, 0.0 ], [ 101.521336, 2.783497, 0.0 ], [ 101.522159, 2.78305, 0.0 ], [ 101.522322, 2.782965, 0.0 ], [ 101.523955, 2.782182, 0.0 ], [ 101.524282, 2.782027, 0.0 ], [ 101.52592, 2.78125, 0.0 ], [ 101.526077, 2.78116, 0.0 ], [ 101.527206, 2.78051, 0.0 ], [ 101.52834, 2.779857, 0.0 ], [ 101.528502, 2.779767, 0.0 ], [ 101.530071, 2.778864, 0.0 ], [ 101.530381, 2.778684, 0.0 ], [ 101.531148, 2.778286, 0.0 ], [ 101.531299, 2.778208, 0.0 ], [ 101.531467, 2.778139, 0.0 ], [ 101.531634, 2.778044, 0.0 ], [ 101.531657, 2.778031, 0.0 ], [ 101.531836, 2.778034, 0.0 ], [ 101.532338, 2.778008, 0.0 ], [ 101.533096, 2.777968, 0.0 ], [ 101.533856, 2.777929, 0.0 ], [ 101.534037, 2.777939, 0.0 ], [ 101.53527, 2.778009, 0.0 ], [ 101.535485, 2.778004, 0.0 ], [ 101.535484, 2.778188, 0.0 ], [ 101.5355, 2.782843, 0.0 ], [ 101.5355, 2.782946, 0.0 ], [ 101.535508, 2.785126, 0.0 ], [ 101.535413, 2.785867, 0.0 ], [ 101.535399, 2.786733, 0.0 ], [ 101.535398, 2.786776, 0.0 ], [ 101.535367, 2.788641, 0.0 ], [ 101.535363, 2.788879, 0.0 ], [ 101.535361, 2.788988, 0.0 ], [ 101.53536, 2.789077, 0.0 ], [ 101.535334, 2.790591, 0.0 ], [ 101.535296, 2.792859, 0.0 ], [ 101.535296, 2.792862, 0.0 ], [ 101.535294, 2.792863, 0.0 ], [ 101.535275, 2.792867, 0.0 ], [ 101.535274, 2.793097, 0.0 ], [ 101.535294, 2.79354, 0.0 ], [ 101.535294, 2.793663, 0.0 ], [ 101.535284, 2.796715, 0.0 ] ] ] } },
{ "type": "Feature", "properties": { "Name": "113/54/14  SUNGAI KELAMBU", "description": "1135414    <br>       <br>   KODDMA   1135414    <br>   LUAS   26041478.0243    <br>   JOBID       <br>   NAMADMA   SUNGAI KELAMBU    <br>   Status   1    <br>   JUMLAH_PEM   1314    <br>   SHAPE_Leng   22691.41314", "timestamp": null, "begin": null, "end": null, "altitudeMode": null, "tessellate": -1, "extrude": 0, "visibility": -1, "drawOrder": null, "icon": null }, "geometry": { "type": "Polygon", "coordinates": [ [ [ 101.542128, 2.802778, 0.0 ], [ 101.542127, 2.802778, 0.0 ], [ 101.542124, 2.802711, 0.0 ], [ 101.542124, 2.802707, 0.0 ], [ 101.542114, 2.802419, 0.0 ], [ 101.542112, 2.801971, 0.0 ], [ 101.542081, 2.80032, 0.0 ], [ 101.542064, 2.799506, 0.0 ], [ 101.538629, 2.799575, 0.0 ], [ 101.53728, 2.799607, 0.0 ], [ 101.535752, 2.799643, 0.0 ], [ 101.535403, 2.799652, 0.0 ], [ 101.53539, 2.799651, 0.0 ], [ 101.535352, 2.799649, 0.0 ], [ 101.535277, 2.799645, 0.0 ], [ 101.535284, 2.796715, 0.0 ], [ 101.535294, 2.793663, 0.0 ], [ 101.535294, 2.79354, 0.0 ], [ 101.535274, 2.793097, 0.0 ], [ 101.535275, 2.792867, 0.0 ], [ 101.535294, 2.792863, 0.0 ], [ 101.535296, 2.792862, 0.0 ], [ 101.535296, 2.792859, 0.0 ], [ 101.535334, 2.790591, 0.0 ], [ 101.53536, 2.789077, 0.0 ], [ 101.535361, 2.788988, 0.0 ], [ 101.535363, 2.788879, 0.0 ], [ 101.535367, 2.788641, 0.0 ], [ 101.535398, 2.786776, 0.0 ], [ 101.535399, 2.786733, 0.0 ], [ 101.535413, 2.785867, 0.0 ], [ 101.535508, 2.785126, 0.0 ], [ 101.5355, 2.782946, 0.0 ], [ 101.5355, 2.782843, 0.0 ], [ 101.535484, 2.778188, 0.0 ], [ 101.535485, 2.778004, 0.0 ], [ 101.535622, 2.75934, 0.0 ], [ 101.535622, 2.7593, 0.0 ], [ 101.548089, 2.759206, 0.0 ], [ 101.593411, 2.759262, 0.0 ], [ 101.595565, 2.759124, 0.0 ], [ 101.595529, 2.763476, 0.0 ], [ 101.595517, 2.768757, 0.0 ], [ 101.583867, 2.768418, 0.0 ], [ 101.583866, 2.768501, 0.0 ], [ 101.583865, 2.768501, 0.0 ], [ 101.583798, 2.768499, 0.0 ], [ 101.583347, 2.791969, 0.0 ], [ 101.583207, 2.791949, 0.0 ], [ 101.582365, 2.791826, 0.0 ], [ 101.58232, 2.794323, 0.0 ], [ 101.582257, 2.799556, 0.0 ], [ 101.582253, 2.799821, 0.0 ], [ 101.580548, 2.799938, 0.0 ], [ 101.578807, 2.800059, 0.0 ], [ 101.577416, 2.800157, 0.0 ], [ 101.576299, 2.800236, 0.0 ], [ 101.575235, 2.800312, 0.0 ], [ 101.573166, 2.800461, 0.0 ], [ 101.572003, 2.800587, 0.0 ], [ 101.570312, 2.800769, 0.0 ], [ 101.568339, 2.800983, 0.0 ], [ 101.565797, 2.801192, 0.0 ], [ 101.564669, 2.801287, 0.0 ], [ 101.562553, 2.801465, 0.0 ], [ 101.560491, 2.801639, 0.0 ], [ 101.55921, 2.801804, 0.0 ], [ 101.556673, 2.802034, 0.0 ], [ 101.554165, 2.802262, 0.0 ], [ 101.552145, 2.802328, 0.0 ], [ 101.550101, 2.802421, 0.0 ], [ 101.547764, 2.802528, 0.0 ], [ 101.545738, 2.80262, 0.0 ], [ 101.542128, 2.802778, 0.0 ] ] ] } },
{ "type": "Feature", "properties": { "Name": "113/55/01  SUNGAI LEMPIT", "description": "1135501    <br>       <br>   KODDMA   1135501    <br>   LUAS   14018317.4583    <br>   JOBID       <br>   NAMADMA   SUNGAI LEMPIT    <br>   Status   1    <br>   JUMLAH_PEM   2459    <br>   SHAPE_Leng   17759.167107", "timestamp": null, "begin": null, "end": null, "altitudeMode": null, "tessellate": -1, "extrude": 0, "visibility": -1, "drawOrder": null, "icon": null }, "geometry": { "type": "Polygon", "coordinates": [ [ [ 101.590246, 2.854148, 0.0 ], [ 101.590247, 2.855371, 0.0 ], [ 101.590247, 2.857317, 0.0 ], [ 101.590247, 2.857755, 0.0 ], [ 101.585244, 2.857948, 0.0 ], [ 101.585241, 2.858166, 0.0 ], [ 101.5848, 2.858166, 0.0 ], [ 101.584352, 2.858166, 0.0 ], [ 101.583904, 2.858166, 0.0 ], [ 101.583456, 2.858166, 0.0 ], [ 101.583008, 2.858166, 0.0 ], [ 101.58256, 2.858166, 0.0 ], [ 101.582112, 2.858166, 0.0 ], [ 101.581664, 2.858166, 0.0 ], [ 101.581215, 2.858166, 0.0 ], [ 101.580767, 2.858166, 0.0 ], [ 101.580344, 2.858166, 0.0 ], [ 101.580319, 2.858166, 0.0 ], [ 101.579971, 2.858166, 0.0 ], [ 101.579881, 2.858166, 0.0 ], [ 101.579681, 2.858178, 0.0 ], [ 101.579667, 2.854075, 0.0 ], [ 101.578699, 2.85313, 0.0 ], [ 101.578685, 2.853118, 0.0 ], [ 101.578323, 2.852799, 0.0 ], [ 101.578051, 2.852559, 0.0 ], [ 101.57795, 2.85247, 0.0 ], [ 101.576366, 2.851076, 0.0 ], [ 101.574328, 2.849282, 0.0 ], [ 101.57279, 2.847929, 0.0 ], [ 101.572389, 2.847577, 0.0 ], [ 101.572359, 2.84755, 0.0 ], [ 101.567474, 2.843427, 0.0 ], [ 101.563846, 2.840366, 0.0 ], [ 101.56188, 2.838568, 0.0 ], [ 101.56188, 2.838567, 0.0 ], [ 101.559015, 2.83856, 0.0 ], [ 101.559989, 2.835327, 0.0 ], [ 101.560296, 2.834213, 0.0 ], [ 101.561259, 2.830705, 0.0 ], [ 101.561463, 2.830006, 0.0 ], [ 101.56148, 2.829946, 0.0 ], [ 101.563002, 2.829927, 0.0 ], [ 101.566755, 2.829881, 0.0 ], [ 101.569613, 2.829937, 0.0 ], [ 101.573359, 2.830137, 0.0 ], [ 101.57848, 2.827948, 0.0 ], [ 101.57496, 2.823953, 0.0 ], [ 101.576495, 2.823468, 0.0 ], [ 101.576145, 2.822231, 0.0 ], [ 101.576115, 2.822047, 0.0 ], [ 101.576118, 2.821978, 0.0 ], [ 101.576127, 2.821909, 0.0 ], [ 101.576142, 2.821842, 0.0 ], [ 101.576163, 2.821776, 0.0 ], [ 101.57619, 2.821712, 0.0 ], [ 101.576222, 2.821651, 0.0 ], [ 101.57626, 2.821593, 0.0 ], [ 101.576303, 2.821538, 0.0 ], [ 101.576378, 2.821482, 0.0 ], [ 101.576457, 2.82143, 0.0 ], [ 101.576538, 2.821383, 0.0 ], [ 101.576622, 2.82134, 0.0 ], [ 101.576767, 2.821254, 0.0 ], [ 101.576864, 2.821156, 0.0 ], [ 101.577109, 2.821107, 0.0 ], [ 101.57697, 2.820934, 0.0 ], [ 101.576342, 2.818699, 0.0 ], [ 101.577422, 2.818353, 0.0 ], [ 101.577747, 2.818368, 0.0 ], [ 101.57771, 2.817791, 0.0 ], [ 101.577656, 2.816828, 0.0 ], [ 101.578109, 2.816735, 0.0 ], [ 101.579149, 2.816518, 0.0 ], [ 101.580279, 2.81641, 0.0 ], [ 101.581589, 2.816266, 0.0 ], [ 101.582611, 2.816482, 0.0 ], [ 101.583598, 2.816825, 0.0 ], [ 101.584175, 2.817076, 0.0 ], [ 101.584261, 2.817113, 0.0 ], [ 101.584527, 2.817381, 0.0 ], [ 101.584835, 2.817715, 0.0 ], [ 101.585149, 2.818055, 0.0 ], [ 101.584707, 2.818358, 0.0 ], [ 101.585315, 2.819348, 0.0 ], [ 101.586892, 2.822273, 0.0 ], [ 101.587612, 2.823599, 0.0 ], [ 101.588027, 2.823429, 0.0 ], [ 101.588064, 2.823497, 0.0 ], [ 101.588074, 2.823516, 0.0 ], [ 101.590184, 2.824859, 0.0 ], [ 101.590396, 2.824994, 0.0 ], [ 101.591043, 2.825406, 0.0 ], [ 101.591735, 2.825846, 0.0 ], [ 101.592345, 2.826234, 0.0 ], [ 101.592716, 2.82647, 0.0 ], [ 101.592954, 2.826622, 0.0 ], [ 101.593336, 2.826866, 0.0 ], [ 101.594042, 2.827317, 0.0 ], [ 101.594115, 2.827363, 0.0 ], [ 101.594116, 2.827364, 0.0 ], [ 101.594689, 2.827724, 0.0 ], [ 101.594689, 2.827725, 0.0 ], [ 101.59503, 2.82794, 0.0 ], [ 101.595337, 2.828135, 0.0 ], [ 101.595987, 2.828549, 0.0 ], [ 101.596092, 2.828616, 0.0 ], [ 101.597314, 2.829392, 0.0 ], [ 101.599085, 2.830518, 0.0 ], [ 101.599823, 2.830753, 0.0 ], [ 101.599841, 2.831143, 0.0 ], [ 101.600057, 2.831211, 0.0 ], [ 101.600367, 2.83131, 0.0 ], [ 101.600729, 2.831426, 0.0 ], [ 101.601127, 2.831647, 0.0 ], [ 101.601465, 2.831835, 0.0 ], [ 101.601905, 2.83208, 0.0 ], [ 101.602671, 2.832506, 0.0 ], [ 101.602967, 2.832667, 0.0 ], [ 101.604855, 2.83369, 0.0 ], [ 101.605079, 2.834049, 0.0 ], [ 101.605361, 2.835758, 0.0 ], [ 101.606171, 2.839278, 0.0 ], [ 101.606273, 2.839391, 0.0 ], [ 101.606377, 2.839506, 0.0 ], [ 101.606782, 2.841153, 0.0 ], [ 101.607167, 2.842676, 0.0 ], [ 101.60731, 2.842718, 0.0 ], [ 101.607512, 2.843809, 0.0 ], [ 101.607504, 2.853494, 0.0 ], [ 101.60736, 2.853494, 0.0 ], [ 101.605977, 2.853494, 0.0 ], [ 101.604782, 2.853494, 0.0 ], [ 101.602937, 2.853494, 0.0 ], [ 101.602104, 2.853494, 0.0 ], [ 101.600755, 2.853494, 0.0 ], [ 101.599401, 2.853493, 0.0 ], [ 101.599036, 2.853493, 0.0 ], [ 101.597996, 2.853493, 0.0 ], [ 101.596038, 2.853478, 0.0 ], [ 101.59379, 2.853458, 0.0 ], [ 101.59108, 2.853444, 0.0 ], [ 101.590245, 2.853437, 0.0 ], [ 101.590246, 2.854148, 0.0 ] ] ] } },
{ "type": "Feature", "properties": { "Name": "113/55/02  BUKIT CANGGANG", "description": "1135502    <br>       <br>   KODDMA   1135502    <br>   LUAS   30168178.3011    <br>   JOBID       <br>   NAMADMA   BUKIT CANGGANG    <br>   Status   1    <br>   JUMLAH_PEM   3445    <br>   SHAPE_Leng   26521.779917", "timestamp": null, "begin": null, "end": null, "altitudeMode": null, "tessellate": -1, "extrude": 0, "visibility": -1, "drawOrder": null, "icon": null }, "geometry": { "type": "Polygon", "coordinates": [ [ [ 101.630256, 2.853549, 0.0 ], [ 101.630253, 2.853563, 0.0 ], [ 101.627594, 2.853552, 0.0 ], [ 101.625387, 2.853542, 0.0 ], [ 101.62271, 2.853531, 0.0 ], [ 101.620051, 2.853519, 0.0 ], [ 101.61741, 2.853508, 0.0 ], [ 101.614877, 2.853498, 0.0 ], [ 101.613068, 2.853493, 0.0 ], [ 101.610934, 2.853493, 0.0 ], [ 101.609125, 2.853493, 0.0 ], [ 101.607504, 2.853494, 0.0 ], [ 101.607512, 2.843809, 0.0 ], [ 101.60731, 2.842718, 0.0 ], [ 101.607167, 2.842676, 0.0 ], [ 101.606782, 2.841153, 0.0 ], [ 101.606377, 2.839506, 0.0 ], [ 101.606273, 2.839391, 0.0 ], [ 101.606171, 2.839278, 0.0 ], [ 101.605361, 2.835758, 0.0 ], [ 101.605079, 2.834049, 0.0 ], [ 101.604855, 2.83369, 0.0 ], [ 101.602967, 2.832667, 0.0 ], [ 101.602671, 2.832506, 0.0 ], [ 101.601905, 2.83208, 0.0 ], [ 101.601465, 2.831835, 0.0 ], [ 101.601127, 2.831647, 0.0 ], [ 101.600729, 2.831426, 0.0 ], [ 101.600367, 2.83131, 0.0 ], [ 101.600057, 2.831211, 0.0 ], [ 101.599841, 2.831143, 0.0 ], [ 101.599823, 2.830753, 0.0 ], [ 101.599085, 2.830518, 0.0 ], [ 101.597314, 2.829392, 0.0 ], [ 101.596092, 2.828616, 0.0 ], [ 101.595987, 2.828549, 0.0 ], [ 101.595337, 2.828135, 0.0 ], [ 101.59503, 2.82794, 0.0 ], [ 101.594689, 2.827725, 0.0 ], [ 101.594689, 2.827724, 0.0 ], [ 101.594116, 2.827364, 0.0 ], [ 101.594115, 2.827363, 0.0 ], [ 101.594042, 2.827317, 0.0 ], [ 101.593336, 2.826866, 0.0 ], [ 101.592954, 2.826622, 0.0 ], [ 101.592716, 2.82647, 0.0 ], [ 101.592345, 2.826234, 0.0 ], [ 101.591735, 2.825846, 0.0 ], [ 101.591043, 2.825406, 0.0 ], [ 101.590396, 2.824994, 0.0 ], [ 101.590184, 2.824859, 0.0 ], [ 101.588074, 2.823516, 0.0 ], [ 101.588064, 2.823497, 0.0 ], [ 101.588027, 2.823429, 0.0 ], [ 101.587612, 2.823599, 0.0 ], [ 101.586892, 2.822273, 0.0 ], [ 101.585315, 2.819348, 0.0 ], [ 101.584707, 2.818358, 0.0 ], [ 101.585149, 2.818055, 0.0 ], [ 101.585045, 2.817744, 0.0 ], [ 101.584948, 2.817431, 0.0 ], [ 101.584857, 2.817115, 0.0 ], [ 101.584772, 2.816798, 0.0 ], [ 101.584694, 2.81648, 0.0 ], [ 101.584622, 2.816159, 0.0 ], [ 101.584557, 2.815838, 0.0 ], [ 101.584498, 2.815515, 0.0 ], [ 101.58442, 2.815362, 0.0 ], [ 101.584348, 2.815206, 0.0 ], [ 101.584282, 2.815048, 0.0 ], [ 101.584223, 2.814887, 0.0 ], [ 101.584171, 2.814723, 0.0 ], [ 101.584125, 2.814557, 0.0 ], [ 101.584087, 2.81439, 0.0 ], [ 101.584055, 2.814221, 0.0 ], [ 101.584031, 2.814051, 0.0 ], [ 101.584013, 2.813881, 0.0 ], [ 101.584002, 2.813709, 0.0 ], [ 101.583999, 2.813537, 0.0 ], [ 101.584002, 2.813366, 0.0 ], [ 101.584013, 2.813194, 0.0 ], [ 101.584031, 2.813023, 0.0 ], [ 101.584056, 2.812853, 0.0 ], [ 101.584088, 2.812685, 0.0 ], [ 101.584126, 2.812517, 0.0 ], [ 101.584172, 2.812352, 0.0 ], [ 101.584224, 2.812188, 0.0 ], [ 101.584284, 2.812027, 0.0 ], [ 101.584343, 2.811883, 0.0 ], [ 101.584408, 2.811741, 0.0 ], [ 101.584478, 2.811602, 0.0 ], [ 101.584523, 2.811518, 0.0 ], [ 101.585114, 2.811002, 0.0 ], [ 101.585233, 2.810899, 0.0 ], [ 101.585405, 2.810821, 0.0 ], [ 101.585574, 2.810738, 0.0 ], [ 101.58574, 2.810648, 0.0 ], [ 101.585903, 2.810552, 0.0 ], [ 101.586063, 2.810451, 0.0 ], [ 101.586218, 2.810344, 0.0 ], [ 101.58637, 2.810231, 0.0 ], [ 101.586518, 2.810113, 0.0 ], [ 101.586661, 2.80999, 0.0 ], [ 101.5868, 2.809861, 0.0 ], [ 101.586934, 2.809728, 0.0 ], [ 101.587063, 2.80959, 0.0 ], [ 101.587188, 2.809447, 0.0 ], [ 101.587307, 2.8093, 0.0 ], [ 101.587421, 2.809149, 0.0 ], [ 101.587529, 2.808994, 0.0 ], [ 101.587632, 2.808835, 0.0 ], [ 101.587729, 2.808672, 0.0 ], [ 101.587821, 2.808506, 0.0 ], [ 101.587906, 2.808337, 0.0 ], [ 101.587985, 2.808165, 0.0 ], [ 101.588058, 2.80799, 0.0 ], [ 101.588125, 2.807812, 0.0 ], [ 101.588185, 2.807633, 0.0 ], [ 101.588239, 2.807451, 0.0 ], [ 101.588287, 2.807267, 0.0 ], [ 101.588328, 2.807082, 0.0 ], [ 101.588362, 2.806896, 0.0 ], [ 101.588389, 2.806708, 0.0 ], [ 101.58841, 2.806519, 0.0 ], [ 101.588425, 2.80633, 0.0 ], [ 101.588432, 2.806141, 0.0 ], [ 101.588294, 2.805382, 0.0 ], [ 101.58815, 2.804629, 0.0 ], [ 101.587999, 2.803878, 0.0 ], [ 101.58784, 2.803128, 0.0 ], [ 101.587675, 2.80238, 0.0 ], [ 101.587503, 2.801633, 0.0 ], [ 101.587351, 2.800997, 0.0 ], [ 101.587194, 2.800363, 0.0 ], [ 101.587031, 2.799729, 0.0 ], [ 101.587041, 2.799625, 0.0 ], [ 101.587057, 2.799523, 0.0 ], [ 101.587079, 2.799421, 0.0 ], [ 101.587109, 2.799322, 0.0 ], [ 101.587145, 2.799224, 0.0 ], [ 101.587187, 2.799129, 0.0 ], [ 101.587235, 2.799037, 0.0 ], [ 101.58729, 2.798949, 0.0 ], [ 101.58735, 2.798864, 0.0 ], [ 101.587415, 2.798784, 0.0 ], [ 101.587486, 2.798708, 0.0 ], [ 101.587561, 2.798637, 0.0 ], [ 101.587641, 2.798571, 0.0 ], [ 101.587726, 2.798511, 0.0 ], [ 101.587814, 2.798456, 0.0 ], [ 101.587905, 2.798408, 0.0 ], [ 101.587997, 2.798366, 0.0 ], [ 101.588091, 2.798331, 0.0 ], [ 101.588187, 2.798302, 0.0 ], [ 101.588285, 2.798279, 0.0 ], [ 101.588384, 2.798263, 0.0 ], [ 101.588483, 2.798253, 0.0 ], [ 101.588583, 2.798249, 0.0 ], [ 101.588683, 2.798252, 0.0 ], [ 101.588782, 2.798261, 0.0 ], [ 101.588881, 2.798277, 0.0 ], [ 101.588978, 2.798299, 0.0 ], [ 101.589074, 2.798327, 0.0 ], [ 101.589168, 2.798362, 0.0 ], [ 101.589259, 2.798402, 0.0 ], [ 101.589348, 2.798448, 0.0 ], [ 101.589514, 2.798545, 0.0 ], [ 101.589677, 2.798648, 0.0 ], [ 101.589836, 2.798756, 0.0 ], [ 101.589991, 2.79887, 0.0 ], [ 101.590142, 2.79899, 0.0 ], [ 101.590289, 2.799114, 0.0 ], [ 101.590431, 2.799244, 0.0 ], [ 101.590569, 2.799379, 0.0 ], [ 101.590701, 2.799519, 0.0 ], [ 101.590829, 2.799663, 0.0 ], [ 101.590952, 2.799812, 0.0 ], [ 101.591069, 2.799965, 0.0 ], [ 101.591181, 2.800123, 0.0 ], [ 101.591287, 2.800284, 0.0 ], [ 101.591389, 2.800451, 0.0 ], [ 101.591485, 2.800622, 0.0 ], [ 101.591575, 2.800796, 0.0 ], [ 101.591659, 2.800974, 0.0 ], [ 101.591736, 2.801154, 0.0 ], [ 101.591807, 2.801338, 0.0 ], [ 101.591871, 2.801523, 0.0 ], [ 101.591928, 2.801711, 0.0 ], [ 101.591979, 2.8019, 0.0 ], [ 101.592023, 2.802092, 0.0 ], [ 101.59206, 2.802285, 0.0 ], [ 101.59209, 2.802479, 0.0 ], [ 101.592113, 2.802674, 0.0 ], [ 101.592129, 2.80287, 0.0 ], [ 101.592152, 2.802969, 0.0 ], [ 101.592182, 2.803066, 0.0 ], [ 101.592219, 2.803161, 0.0 ], [ 101.592261, 2.803254, 0.0 ], [ 101.59231, 2.803344, 0.0 ], [ 101.592364, 2.80343, 0.0 ], [ 101.592424, 2.803512, 0.0 ], [ 101.592489, 2.80359, 0.0 ], [ 101.59256, 2.803664, 0.0 ], [ 101.592634, 2.803732, 0.0 ], [ 101.592714, 2.803796, 0.0 ], [ 101.592797, 2.803854, 0.0 ], [ 101.592884, 2.803907, 0.0 ], [ 101.592974, 2.803953, 0.0 ], [ 101.593068, 2.803994, 0.0 ], [ 101.593163, 2.804028, 0.0 ], [ 101.593261, 2.804055, 0.0 ], [ 101.59336, 2.804076, 0.0 ], [ 101.59346, 2.804091, 0.0 ], [ 101.593562, 2.804098, 0.0 ], [ 101.593663, 2.804099, 0.0 ], [ 101.593764, 2.804093, 0.0 ], [ 101.593865, 2.804081, 0.0 ], [ 101.593965, 2.804062, 0.0 ], [ 101.594064, 2.804033, 0.0 ], [ 101.594161, 2.803999, 0.0 ], [ 101.594256, 2.803957, 0.0 ], [ 101.594347, 2.80391, 0.0 ], [ 101.594436, 2.803857, 0.0 ], [ 101.594521, 2.803798, 0.0 ], [ 101.594601, 2.803733, 0.0 ], [ 101.594678, 2.803664, 0.0 ], [ 101.594749, 2.803589, 0.0 ], [ 101.594816, 2.80351, 0.0 ], [ 101.594877, 2.803426, 0.0 ], [ 101.594932, 2.803339, 0.0 ], [ 101.59526, 2.803023, 0.0 ], [ 101.595592, 2.802712, 0.0 ], [ 101.595927, 2.802404, 0.0 ], [ 101.596265, 2.8021, 0.0 ], [ 101.596607, 2.8018, 0.0 ], [ 101.596952, 2.801504, 0.0 ], [ 101.597226, 2.801269, 0.0 ], [ 101.597352, 2.801176, 0.0 ], [ 101.597482, 2.801089, 0.0 ], [ 101.597616, 2.801007, 0.0 ], [ 101.597753, 2.800932, 0.0 ], [ 101.597893, 2.800862, 0.0 ], [ 101.598036, 2.800799, 0.0 ], [ 101.598182, 2.800743, 0.0 ], [ 101.59833, 2.800692, 0.0 ], [ 101.59848, 2.800649, 0.0 ], [ 101.598632, 2.800612, 0.0 ], [ 101.598785, 2.800581, 0.0 ], [ 101.59894, 2.800558, 0.0 ], [ 101.599095, 2.800541, 0.0 ], [ 101.599218, 2.800532, 0.0 ], [ 101.59934, 2.800528, 0.0 ], [ 101.599463, 2.800528, 0.0 ], [ 101.599585, 2.800533, 0.0 ], [ 101.59973, 2.800543, 0.0 ], [ 101.599873, 2.80056, 0.0 ], [ 101.600016, 2.800582, 0.0 ], [ 101.600158, 2.80061, 0.0 ], [ 101.600299, 2.800644, 0.0 ], [ 101.600438, 2.800684, 0.0 ], [ 101.600576, 2.800729, 0.0 ], [ 101.601038, 2.801695, 0.0 ], [ 101.601579, 2.802135, 0.0 ], [ 101.603494, 2.803659, 0.0 ], [ 101.603684, 2.80381, 0.0 ], [ 101.605058, 2.803571, 0.0 ], [ 101.606733, 2.803389, 0.0 ], [ 101.607344, 2.803702, 0.0 ], [ 101.60814, 2.804079, 0.0 ], [ 101.608536, 2.804171, 0.0 ], [ 101.608697, 2.8042, 0.0 ], [ 101.609115, 2.803616, 0.0 ], [ 101.609227, 2.803461, 0.0 ], [ 101.609273, 2.803486, 0.0 ], [ 101.610187, 2.803723, 0.0 ], [ 101.613904, 2.80483, 0.0 ], [ 101.614679, 2.80506, 0.0 ], [ 101.615327, 2.805307, 0.0 ], [ 101.615884, 2.805519, 0.0 ], [ 101.617559, 2.806919, 0.0 ], [ 101.617806, 2.807126, 0.0 ], [ 101.619174, 2.808428, 0.0 ], [ 101.619827, 2.809049, 0.0 ], [ 101.621756, 2.810884, 0.0 ], [ 101.621795, 2.810921, 0.0 ], [ 101.621948, 2.811066, 0.0 ], [ 101.621955, 2.811074, 0.0 ], [ 101.622227, 2.811396, 0.0 ], [ 101.622385, 2.811583, 0.0 ], [ 101.622614, 2.811804, 0.0 ], [ 101.6228, 2.811778, 0.0 ], [ 101.625097, 2.811792, 0.0 ], [ 101.625784, 2.811797, 0.0 ], [ 101.641058, 2.811716, 0.0 ], [ 101.641707, 2.812958, 0.0 ], [ 101.642478, 2.813521, 0.0 ], [ 101.643288, 2.814154, 0.0 ], [ 101.643872, 2.814548, 0.0 ], [ 101.644885, 2.815572, 0.0 ], [ 101.646289, 2.817205, 0.0 ], [ 101.647351, 2.817947, 0.0 ], [ 101.649245, 2.819127, 0.0 ], [ 101.651399, 2.819687, 0.0 ], [ 101.652279, 2.819943, 0.0 ], [ 101.653689, 2.820104, 0.0 ], [ 101.654371, 2.820503, 0.0 ], [ 101.655056, 2.820773, 0.0 ], [ 101.656255, 2.820891, 0.0 ], [ 101.657434, 2.821219, 0.0 ], [ 101.659203, 2.822008, 0.0 ], [ 101.660172, 2.822623, 0.0 ], [ 101.660601, 2.822693, 0.0 ], [ 101.660426, 2.823624, 0.0 ], [ 101.660367, 2.824118, 0.0 ], [ 101.660334, 2.824628, 0.0 ], [ 101.660302, 2.825137, 0.0 ], [ 101.660269, 2.825647, 0.0 ], [ 101.660256, 2.825855, 0.0 ], [ 101.660256, 2.826168, 0.0 ], [ 101.660256, 2.826697, 0.0 ], [ 101.660242, 2.826886, 0.0 ], [ 101.660117, 2.827994, 0.0 ], [ 101.660059, 2.828525, 0.0 ], [ 101.659985, 2.829182, 0.0 ], [ 101.659953, 2.829511, 0.0 ], [ 101.659953, 2.829512, 0.0 ], [ 101.6597, 2.831354, 0.0 ], [ 101.659681, 2.83253, 0.0 ], [ 101.65965, 2.834407, 0.0 ], [ 101.659617, 2.836397, 0.0 ], [ 101.659588, 2.838205, 0.0 ], [ 101.658656, 2.837571, 0.0 ], [ 101.657793, 2.838512, 0.0 ], [ 101.656982, 2.839399, 0.0 ], [ 101.655699, 2.83838, 0.0 ], [ 101.654358, 2.837315, 0.0 ], [ 101.653145, 2.836352, 0.0 ], [ 101.652318, 2.837153, 0.0 ], [ 101.651161, 2.838273, 0.0 ], [ 101.650244, 2.839161, 0.0 ], [ 101.650093, 2.839054, 0.0 ], [ 101.649171, 2.839948, 0.0 ], [ 101.648963, 2.840149, 0.0 ], [ 101.648785, 2.84032, 0.0 ], [ 101.647958, 2.84112, 0.0 ], [ 101.647676, 2.841574, 0.0 ], [ 101.646669, 2.843197, 0.0 ], [ 101.645759, 2.844742, 0.0 ], [ 101.645663, 2.844868, 0.0 ], [ 101.64558, 2.845086, 0.0 ], [ 101.644828, 2.846522, 0.0 ], [ 101.644127, 2.847875, 0.0 ], [ 101.643167, 2.849729, 0.0 ], [ 101.642968, 2.850111, 0.0 ], [ 101.642803, 2.850034, 0.0 ], [ 101.640854, 2.848776, 0.0 ], [ 101.638599, 2.847321, 0.0 ], [ 101.637615, 2.846686, 0.0 ], [ 101.635359, 2.84523, 0.0 ], [ 101.634542, 2.844702, 0.0 ], [ 101.633886, 2.846024, 0.0 ], [ 101.633106, 2.847667, 0.0 ], [ 101.632416, 2.84912, 0.0 ], [ 101.631543, 2.850957, 0.0 ], [ 101.631073, 2.851938, 0.0 ], [ 101.630256, 2.853549, 0.0 ] ] ] } },
{ "type": "Feature", "properties": { "Name": "113/55/03  LABUHAN DAGANG", "description": "1135503    <br>       <br>   KODDMA   1135503    <br>   LUAS   53029096.8739    <br>   JOBID       <br>   NAMADMA   LABUHAN DAGANG    <br>   Status   1    <br>   JUMLAH_PEM   3236    <br>   SHAPE_Leng   33395.811679", "timestamp": null, "begin": null, "end": null, "altitudeMode": null, "tessellate": -1, "extrude": 0, "visibility": -1, "drawOrder": null, "icon": null }, "geometry": { "type": "Polygon", "coordinates": [ [ [ 101.595831, 2.727581, 0.0 ], [ 101.596132, 2.727582, 0.0 ], [ 101.601741, 2.727602, 0.0 ], [ 101.603122, 2.727601, 0.0 ], [ 101.60501, 2.7276, 0.0 ], [ 101.607708, 2.7276, 0.0 ], [ 101.610406, 2.727599, 0.0 ], [ 101.612879, 2.727599, 0.0 ], [ 101.615398, 2.7276, 0.0 ], [ 101.618096, 2.727599, 0.0 ], [ 101.620793, 2.727599, 0.0 ], [ 101.623491, 2.727598, 0.0 ], [ 101.626189, 2.727598, 0.0 ], [ 101.628887, 2.727598, 0.0 ], [ 101.631549, 2.727597, 0.0 ], [ 101.632808, 2.727597, 0.0 ], [ 101.632868, 2.730087, 0.0 ], [ 101.63293, 2.732696, 0.0 ], [ 101.632992, 2.735305, 0.0 ], [ 101.633023, 2.736567, 0.0 ], [ 101.633055, 2.737903, 0.0 ], [ 101.633117, 2.740502, 0.0 ], [ 101.633142, 2.741606, 0.0 ], [ 101.633178, 2.74309, 0.0 ], [ 101.63324, 2.745678, 0.0 ], [ 101.633271, 2.746916, 0.0 ], [ 101.633248, 2.74888, 0.0 ], [ 101.633226, 2.750843, 0.0 ], [ 101.633204, 2.752784, 0.0 ], [ 101.633182, 2.754724, 0.0 ], [ 101.633164, 2.756276, 0.0 ], [ 101.634503, 2.757918, 0.0 ], [ 101.635996, 2.759748, 0.0 ], [ 101.639783, 2.764394, 0.0 ], [ 101.664383, 2.79281, 0.0 ], [ 101.664519, 2.792972, 0.0 ], [ 101.664487, 2.792999, 0.0 ], [ 101.664453, 2.793028, 0.0 ], [ 101.664368, 2.7931, 0.0 ], [ 101.664367, 2.793101, 0.0 ], [ 101.664247, 2.793203, 0.0 ], [ 101.664127, 2.793306, 0.0 ], [ 101.664026, 2.793394, 0.0 ], [ 101.664009, 2.79341, 0.0 ], [ 101.663891, 2.793512, 0.0 ], [ 101.663772, 2.793614, 0.0 ], [ 101.663685, 2.793688, 0.0 ], [ 101.663654, 2.793715, 0.0 ], [ 101.663536, 2.793815, 0.0 ], [ 101.663418, 2.793915, 0.0 ], [ 101.663342, 2.793981, 0.0 ], [ 101.663302, 2.794016, 0.0 ], [ 101.663188, 2.794115, 0.0 ], [ 101.663074, 2.794214, 0.0 ], [ 101.663001, 2.794276, 0.0 ], [ 101.662961, 2.794311, 0.0 ], [ 101.66285, 2.794407, 0.0 ], [ 101.66274, 2.794502, 0.0 ], [ 101.662661, 2.794571, 0.0 ], [ 101.662631, 2.794596, 0.0 ], [ 101.662524, 2.794688, 0.0 ], [ 101.662417, 2.794778, 0.0 ], [ 101.662318, 2.794864, 0.0 ], [ 101.662311, 2.794868, 0.0 ], [ 101.662207, 2.794959, 0.0 ], [ 101.662103, 2.795049, 0.0 ], [ 101.662, 2.795138, 0.0 ], [ 101.661977, 2.795157, 0.0 ], [ 101.661898, 2.795224, 0.0 ], [ 101.661798, 2.79531, 0.0 ], [ 101.661698, 2.795397, 0.0 ], [ 101.661635, 2.795452, 0.0 ], [ 101.6616, 2.795482, 0.0 ], [ 101.661505, 2.795563, 0.0 ], [ 101.661416, 2.795639, 0.0 ], [ 101.661333, 2.795711, 0.0 ], [ 101.661293, 2.795746, 0.0 ], [ 101.661256, 2.795778, 0.0 ], [ 101.661185, 2.79584, 0.0 ], [ 101.661121, 2.795896, 0.0 ], [ 101.661063, 2.795947, 0.0 ], [ 101.661007, 2.795993, 0.0 ], [ 101.660955, 2.796039, 0.0 ], [ 101.660953, 2.796041, 0.0 ], [ 101.660907, 2.796081, 0.0 ], [ 101.66086, 2.796122, 0.0 ], [ 101.660813, 2.796164, 0.0 ], [ 101.660768, 2.796204, 0.0 ], [ 101.660615, 2.796338, 0.0 ], [ 101.660275, 2.796635, 0.0 ], [ 101.660274, 2.796636, 0.0 ], [ 101.660189, 2.796701, 0.0 ], [ 101.660134, 2.796743, 0.0 ], [ 101.660075, 2.796791, 0.0 ], [ 101.660013, 2.796844, 0.0 ], [ 101.659947, 2.796901, 0.0 ], [ 101.659926, 2.79692, 0.0 ], [ 101.659878, 2.796962, 0.0 ], [ 101.659806, 2.797025, 0.0 ], [ 101.659732, 2.797088, 0.0 ], [ 101.659657, 2.797153, 0.0 ], [ 101.659585, 2.797214, 0.0 ], [ 101.659581, 2.797218, 0.0 ], [ 101.659505, 2.797283, 0.0 ], [ 101.659428, 2.797349, 0.0 ], [ 101.65935, 2.797415, 0.0 ], [ 101.659273, 2.797481, 0.0 ], [ 101.659243, 2.797507, 0.0 ], [ 101.659195, 2.797548, 0.0 ], [ 101.659118, 2.797615, 0.0 ], [ 101.65904, 2.797681, 0.0 ], [ 101.658961, 2.797748, 0.0 ], [ 101.658901, 2.7978, 0.0 ], [ 101.658882, 2.797816, 0.0 ], [ 101.658804, 2.797884, 0.0 ], [ 101.658726, 2.797952, 0.0 ], [ 101.658647, 2.79802, 0.0 ], [ 101.658567, 2.798088, 0.0 ], [ 101.65856, 2.798094, 0.0 ], [ 101.658488, 2.798157, 0.0 ], [ 101.658409, 2.798225, 0.0 ], [ 101.658328, 2.798293, 0.0 ], [ 101.658248, 2.798364, 0.0 ], [ 101.658218, 2.798389, 0.0 ], [ 101.658168, 2.798433, 0.0 ], [ 101.65809, 2.798501, 0.0 ], [ 101.658012, 2.798569, 0.0 ], [ 101.657936, 2.798635, 0.0 ], [ 101.657878, 2.798684, 0.0 ], [ 101.657862, 2.798698, 0.0 ], [ 101.657792, 2.798759, 0.0 ], [ 101.657726, 2.798816, 0.0 ], [ 101.657666, 2.798869, 0.0 ], [ 101.657602, 2.798925, 0.0 ], [ 101.657537, 2.79898, 0.0 ], [ 101.657351, 2.799137, 0.0 ], [ 101.657225, 2.799244, 0.0 ], [ 101.656973, 2.799458, 0.0 ], [ 101.656917, 2.799503, 0.0 ], [ 101.656861, 2.799552, 0.0 ], [ 101.65685, 2.799561, 0.0 ], [ 101.656805, 2.799601, 0.0 ], [ 101.656747, 2.799651, 0.0 ], [ 101.656687, 2.799702, 0.0 ], [ 101.656627, 2.799754, 0.0 ], [ 101.656566, 2.799807, 0.0 ], [ 101.656509, 2.799857, 0.0 ], [ 101.656503, 2.799861, 0.0 ], [ 101.656438, 2.799917, 0.0 ], [ 101.656372, 2.799973, 0.0 ], [ 101.656305, 2.800031, 0.0 ], [ 101.656235, 2.800091, 0.0 ], [ 101.656166, 2.80015, 0.0 ], [ 101.656164, 2.800152, 0.0 ], [ 101.656092, 2.800214, 0.0 ], [ 101.656021, 2.800275, 0.0 ], [ 101.65595, 2.800336, 0.0 ], [ 101.65588, 2.800396, 0.0 ], [ 101.655824, 2.800443, 0.0 ], [ 101.65581, 2.800455, 0.0 ], [ 101.655738, 2.800515, 0.0 ], [ 101.655665, 2.800577, 0.0 ], [ 101.655595, 2.800636, 0.0 ], [ 101.655528, 2.800693, 0.0 ], [ 101.65548, 2.800734, 0.0 ], [ 101.655465, 2.800748, 0.0 ], [ 101.655405, 2.800799, 0.0 ], [ 101.655349, 2.800846, 0.0 ], [ 101.655296, 2.800891, 0.0 ], [ 101.655243, 2.800937, 0.0 ], [ 101.655194, 2.800979, 0.0 ], [ 101.655153, 2.801015, 0.0 ], [ 101.655139, 2.801028, 0.0 ], [ 101.655117, 2.801046, 0.0 ], [ 101.655083, 2.80108, 0.0 ], [ 101.654795, 2.801319, 0.0 ], [ 101.654671, 2.801423, 0.0 ], [ 101.654589, 2.801495, 0.0 ], [ 101.654507, 2.801566, 0.0 ], [ 101.654453, 2.801613, 0.0 ], [ 101.654425, 2.801637, 0.0 ], [ 101.654342, 2.801707, 0.0 ], [ 101.654261, 2.801777, 0.0 ], [ 101.654181, 2.801844, 0.0 ], [ 101.65411, 2.801905, 0.0 ], [ 101.654102, 2.801912, 0.0 ], [ 101.654024, 2.801978, 0.0 ], [ 101.653948, 2.802043, 0.0 ], [ 101.653874, 2.802107, 0.0 ], [ 101.653801, 2.802168, 0.0 ], [ 101.653768, 2.802198, 0.0 ], [ 101.65373, 2.80223, 0.0 ], [ 101.653659, 2.80229, 0.0 ], [ 101.653588, 2.80235, 0.0 ], [ 101.653517, 2.802412, 0.0 ], [ 101.653446, 2.802472, 0.0 ], [ 101.653424, 2.80249, 0.0 ], [ 101.653374, 2.802533, 0.0 ], [ 101.653303, 2.802595, 0.0 ], [ 101.653233, 2.802656, 0.0 ], [ 101.653162, 2.802718, 0.0 ], [ 101.653091, 2.802778, 0.0 ], [ 101.653083, 2.802785, 0.0 ], [ 101.653032, 2.802829, 0.0 ], [ 101.652744, 2.803081, 0.0 ], [ 101.652405, 2.803378, 0.0 ], [ 101.652067, 2.803674, 0.0 ], [ 101.652066, 2.803675, 0.0 ], [ 101.652017, 2.803717, 0.0 ], [ 101.651947, 2.803776, 0.0 ], [ 101.651877, 2.803837, 0.0 ], [ 101.651806, 2.803897, 0.0 ], [ 101.651738, 2.803957, 0.0 ], [ 101.651724, 2.803969, 0.0 ], [ 101.65167, 2.804015, 0.0 ], [ 101.651601, 2.804075, 0.0 ], [ 101.651534, 2.804131, 0.0 ], [ 101.651465, 2.80419, 0.0 ], [ 101.651398, 2.804248, 0.0 ], [ 101.651382, 2.804262, 0.0 ], [ 101.651332, 2.804304, 0.0 ], [ 101.651267, 2.804362, 0.0 ], [ 101.6512, 2.804419, 0.0 ], [ 101.651136, 2.804476, 0.0 ], [ 101.651072, 2.80453, 0.0 ], [ 101.651041, 2.804556, 0.0 ], [ 101.651007, 2.804585, 0.0 ], [ 101.65111, 2.804723, 0.0 ], [ 101.649696, 2.805914, 0.0 ], [ 101.64658, 2.808653, 0.0 ], [ 101.642168, 2.812381, 0.0 ], [ 101.641707, 2.812958, 0.0 ], [ 101.641058, 2.811716, 0.0 ], [ 101.625784, 2.811797, 0.0 ], [ 101.625097, 2.811792, 0.0 ], [ 101.6228, 2.811778, 0.0 ], [ 101.622614, 2.811804, 0.0 ], [ 101.622385, 2.811583, 0.0 ], [ 101.622227, 2.811396, 0.0 ], [ 101.621955, 2.811074, 0.0 ], [ 101.621948, 2.811066, 0.0 ], [ 101.621795, 2.810921, 0.0 ], [ 101.621756, 2.810884, 0.0 ], [ 101.619827, 2.809049, 0.0 ], [ 101.619174, 2.808428, 0.0 ], [ 101.617806, 2.807126, 0.0 ], [ 101.617559, 2.806919, 0.0 ], [ 101.615884, 2.805519, 0.0 ], [ 101.615327, 2.805307, 0.0 ], [ 101.614679, 2.80506, 0.0 ], [ 101.613904, 2.80483, 0.0 ], [ 101.610187, 2.803723, 0.0 ], [ 101.609273, 2.803486, 0.0 ], [ 101.609227, 2.803461, 0.0 ], [ 101.609115, 2.803616, 0.0 ], [ 101.608697, 2.8042, 0.0 ], [ 101.608536, 2.804171, 0.0 ], [ 101.60814, 2.804079, 0.0 ], [ 101.607344, 2.803702, 0.0 ], [ 101.606733, 2.803389, 0.0 ], [ 101.605058, 2.803571, 0.0 ], [ 101.603684, 2.80381, 0.0 ], [ 101.603494, 2.803659, 0.0 ], [ 101.601579, 2.802135, 0.0 ], [ 101.601038, 2.801695, 0.0 ], [ 101.600576, 2.800729, 0.0 ], [ 101.600438, 2.800684, 0.0 ], [ 101.600299, 2.800644, 0.0 ], [ 101.600158, 2.80061, 0.0 ], [ 101.600016, 2.800582, 0.0 ], [ 101.599873, 2.80056, 0.0 ], [ 101.59973, 2.800543, 0.0 ], [ 101.599585, 2.800533, 0.0 ], [ 101.599463, 2.800528, 0.0 ], [ 101.59934, 2.800528, 0.0 ], [ 101.599218, 2.800532, 0.0 ], [ 101.599095, 2.800541, 0.0 ], [ 101.59894, 2.800558, 0.0 ], [ 101.598785, 2.800581, 0.0 ], [ 101.598632, 2.800612, 0.0 ], [ 101.59848, 2.800649, 0.0 ], [ 101.59833, 2.800692, 0.0 ], [ 101.598182, 2.800743, 0.0 ], [ 101.598036, 2.800799, 0.0 ], [ 101.597893, 2.800862, 0.0 ], [ 101.597753, 2.800932, 0.0 ], [ 101.597616, 2.801007, 0.0 ], [ 101.597482, 2.801089, 0.0 ], [ 101.597352, 2.801176, 0.0 ], [ 101.597226, 2.801269, 0.0 ], [ 101.596952, 2.801504, 0.0 ], [ 101.596607, 2.8018, 0.0 ], [ 101.596265, 2.8021, 0.0 ], [ 101.595927, 2.802404, 0.0 ], [ 101.595592, 2.802712, 0.0 ], [ 101.59526, 2.803023, 0.0 ], [ 101.594932, 2.803339, 0.0 ], [ 101.594877, 2.803426, 0.0 ], [ 101.594816, 2.80351, 0.0 ], [ 101.594749, 2.803589, 0.0 ], [ 101.594678, 2.803664, 0.0 ], [ 101.594601, 2.803733, 0.0 ], [ 101.594521, 2.803798, 0.0 ], [ 101.594436, 2.803857, 0.0 ], [ 101.594347, 2.80391, 0.0 ], [ 101.594256, 2.803957, 0.0 ], [ 101.594161, 2.803999, 0.0 ], [ 101.594064, 2.804033, 0.0 ], [ 101.593965, 2.804062, 0.0 ], [ 101.593865, 2.804081, 0.0 ], [ 101.593764, 2.804093, 0.0 ], [ 101.593663, 2.804099, 0.0 ], [ 101.593562, 2.804098, 0.0 ], [ 101.59346, 2.804091, 0.0 ], [ 101.59336, 2.804076, 0.0 ], [ 101.593261, 2.804055, 0.0 ], [ 101.593163, 2.804028, 0.0 ], [ 101.593068, 2.803994, 0.0 ], [ 101.592974, 2.803953, 0.0 ], [ 101.592884, 2.803907, 0.0 ], [ 101.592797, 2.803854, 0.0 ], [ 101.592714, 2.803796, 0.0 ], [ 101.592634, 2.803732, 0.0 ], [ 101.59256, 2.803664, 0.0 ], [ 101.592489, 2.80359, 0.0 ], [ 101.592424, 2.803512, 0.0 ], [ 101.592364, 2.80343, 0.0 ], [ 101.59231, 2.803344, 0.0 ], [ 101.592261, 2.803254, 0.0 ], [ 101.592219, 2.803161, 0.0 ], [ 101.592182, 2.803066, 0.0 ], [ 101.592152, 2.802969, 0.0 ], [ 101.592129, 2.80287, 0.0 ], [ 101.592113, 2.802674, 0.0 ], [ 101.59209, 2.802479, 0.0 ], [ 101.59206, 2.802285, 0.0 ], [ 101.592023, 2.802092, 0.0 ], [ 101.591979, 2.8019, 0.0 ], [ 101.591928, 2.801711, 0.0 ], [ 101.591871, 2.801523, 0.0 ], [ 101.591807, 2.801338, 0.0 ], [ 101.591736, 2.801154, 0.0 ], [ 101.591659, 2.800974, 0.0 ], [ 101.591575, 2.800796, 0.0 ], [ 101.591485, 2.800622, 0.0 ], [ 101.591389, 2.800451, 0.0 ], [ 101.591287, 2.800284, 0.0 ], [ 101.591181, 2.800123, 0.0 ], [ 101.591069, 2.799965, 0.0 ], [ 101.590952, 2.799812, 0.0 ], [ 101.590829, 2.799663, 0.0 ], [ 101.590701, 2.799519, 0.0 ], [ 101.590569, 2.799379, 0.0 ], [ 101.590431, 2.799244, 0.0 ], [ 101.590289, 2.799114, 0.0 ], [ 101.590142, 2.79899, 0.0 ], [ 101.589991, 2.79887, 0.0 ], [ 101.589836, 2.798756, 0.0 ], [ 101.589677, 2.798648, 0.0 ], [ 101.589514, 2.798545, 0.0 ], [ 101.589348, 2.798448, 0.0 ], [ 101.589259, 2.798402, 0.0 ], [ 101.589168, 2.798362, 0.0 ], [ 101.589074, 2.798327, 0.0 ], [ 101.588978, 2.798299, 0.0 ], [ 101.588881, 2.798277, 0.0 ], [ 101.588782, 2.798261, 0.0 ], [ 101.588683, 2.798252, 0.0 ], [ 101.588583, 2.798249, 0.0 ], [ 101.588483, 2.798253, 0.0 ], [ 101.588384, 2.798263, 0.0 ], [ 101.588285, 2.798279, 0.0 ], [ 101.588187, 2.798302, 0.0 ], [ 101.588091, 2.798331, 0.0 ], [ 101.587997, 2.798366, 0.0 ], [ 101.587905, 2.798408, 0.0 ], [ 101.587814, 2.798456, 0.0 ], [ 101.587726, 2.798511, 0.0 ], [ 101.587641, 2.798571, 0.0 ], [ 101.587561, 2.798637, 0.0 ], [ 101.587486, 2.798708, 0.0 ], [ 101.587415, 2.798784, 0.0 ], [ 101.58735, 2.798864, 0.0 ], [ 101.58729, 2.798949, 0.0 ], [ 101.587235, 2.799037, 0.0 ], [ 101.587187, 2.799129, 0.0 ], [ 101.587145, 2.799224, 0.0 ], [ 101.587109, 2.799322, 0.0 ], [ 101.587079, 2.799421, 0.0 ], [ 101.587057, 2.799523, 0.0 ], [ 101.587041, 2.799625, 0.0 ], [ 101.587031, 2.799729, 0.0 ], [ 101.586354, 2.799571, 0.0 ], [ 101.582253, 2.799821, 0.0 ], [ 101.582257, 2.799556, 0.0 ], [ 101.58232, 2.794323, 0.0 ], [ 101.582365, 2.791826, 0.0 ], [ 101.583207, 2.791949, 0.0 ], [ 101.583347, 2.791969, 0.0 ], [ 101.583798, 2.768499, 0.0 ], [ 101.583865, 2.768501, 0.0 ], [ 101.583866, 2.768501, 0.0 ], [ 101.583867, 2.768418, 0.0 ], [ 101.595517, 2.768757, 0.0 ], [ 101.595529, 2.763476, 0.0 ], [ 101.595565, 2.759124, 0.0 ], [ 101.59564, 2.749918, 0.0 ], [ 101.595707, 2.741761, 0.0 ], [ 101.595765, 2.728311, 0.0 ], [ 101.595833, 2.728311, 0.0 ], [ 101.595831, 2.727581, 0.0 ] ] ] } },
{ "type": "Feature", "properties": { "Name": "113/55/04  AMPAR TENANG", "description": "1135504    <br>       <br>   KODDMA   1135504    <br>   LUAS   11324486.957    <br>   JOBID       <br>   NAMADMA   AMPAR TENANG    <br>   Status   1    <br>   JUMLAH_PEM   802    <br>   SHAPE_Leng   18798.315762", "timestamp": null, "begin": null, "end": null, "altitudeMode": null, "tessellate": -1, "extrude": 0, "visibility": -1, "drawOrder": null, "icon": null }, "geometry": { "type": "Polygon", "coordinates": [ [ [ 101.697627, 2.893137, 0.0 ], [ 101.697536, 2.893458, 0.0 ], [ 101.697535, 2.893992, 0.0 ], [ 101.69649, 2.893428, 0.0 ], [ 101.694269, 2.892944, 0.0 ], [ 101.691822, 2.89311, 0.0 ], [ 101.689925, 2.893015, 0.0 ], [ 101.688363, 2.891682, 0.0 ], [ 101.688081, 2.889213, 0.0 ], [ 101.687455, 2.88752, 0.0 ], [ 101.686985, 2.884598, 0.0 ], [ 101.687399, 2.884261, 0.0 ], [ 101.686309, 2.882542, 0.0 ], [ 101.684443, 2.880909, 0.0 ], [ 101.683748, 2.880266, 0.0 ], [ 101.682073, 2.87755, 0.0 ], [ 101.681539, 2.875783, 0.0 ], [ 101.680943, 2.873904, 0.0 ], [ 101.681122, 2.873413, 0.0 ], [ 101.680913, 2.872775, 0.0 ], [ 101.681081, 2.87187, 0.0 ], [ 101.680883, 2.871255, 0.0 ], [ 101.68154, 2.870508, 0.0 ], [ 101.681731, 2.86976, 0.0 ], [ 101.681588, 2.869279, 0.0 ], [ 101.681678, 2.868765, 0.0 ], [ 101.682169, 2.868006, 0.0 ], [ 101.68247, 2.867649, 0.0 ], [ 101.682973, 2.86641, 0.0 ], [ 101.683986, 2.865797, 0.0 ], [ 101.684011, 2.864501, 0.0 ], [ 101.684056, 2.864222, 0.0 ], [ 101.684613, 2.863675, 0.0 ], [ 101.684536, 2.863463, 0.0 ], [ 101.684304, 2.862836, 0.0 ], [ 101.68446, 2.862591, 0.0 ], [ 101.684739, 2.862189, 0.0 ], [ 101.684706, 2.861876, 0.0 ], [ 101.684496, 2.861551, 0.0 ], [ 101.683928, 2.86128, 0.0 ], [ 101.683766, 2.860877, 0.0 ], [ 101.683846, 2.8607, 0.0 ], [ 101.683907, 2.860565, 0.0 ], [ 101.683974, 2.860416, 0.0 ], [ 101.683567, 2.860072, 0.0 ], [ 101.683443, 2.859893, 0.0 ], [ 101.683408, 2.859724, 0.0 ], [ 101.683666, 2.859216, 0.0 ], [ 101.683729, 2.858797, 0.0 ], [ 101.683429, 2.858262, 0.0 ], [ 101.68348, 2.857889, 0.0 ], [ 101.683494, 2.857681, 0.0 ], [ 101.683661, 2.857375, 0.0 ], [ 101.683469, 2.8564, 0.0 ], [ 101.682459, 2.85637, 0.0 ], [ 101.682291, 2.856209, 0.0 ], [ 101.681597, 2.855545, 0.0 ], [ 101.681088, 2.8547, 0.0 ], [ 101.681265, 2.853744, 0.0 ], [ 101.681491, 2.853608, 0.0 ], [ 101.681066, 2.853011, 0.0 ], [ 101.680734, 2.853077, 0.0 ], [ 101.679429, 2.852433, 0.0 ], [ 101.679407, 2.85201, 0.0 ], [ 101.679938, 2.851744, 0.0 ], [ 101.679827, 2.851455, 0.0 ], [ 101.679584, 2.851299, 0.0 ], [ 101.678832, 2.851321, 0.0 ], [ 101.677705, 2.850721, 0.0 ], [ 101.677616, 2.850299, 0.0 ], [ 101.678279, 2.849877, 0.0 ], [ 101.678235, 2.848765, 0.0 ], [ 101.678235, 2.848469, 0.0 ], [ 101.678403, 2.848461, 0.0 ], [ 101.679331, 2.84824, 0.0 ], [ 101.681364, 2.846775, 0.0 ], [ 101.683016, 2.8457, 0.0 ], [ 101.684733, 2.844809, 0.0 ], [ 101.686184, 2.844028, 0.0 ], [ 101.688193, 2.843285, 0.0 ], [ 101.68957, 2.842839, 0.0 ], [ 101.691802, 2.842097, 0.0 ], [ 101.694311, 2.84165, 0.0 ], [ 101.695112, 2.841507, 0.0 ], [ 101.695421, 2.841484, 0.0 ], [ 101.695872, 2.841508, 0.0 ], [ 101.697069, 2.841285, 0.0 ], [ 101.697216, 2.841827, 0.0 ], [ 101.697091, 2.842858, 0.0 ], [ 101.696759, 2.845519, 0.0 ], [ 101.696484, 2.847708, 0.0 ], [ 101.696233, 2.849851, 0.0 ], [ 101.695858, 2.85027, 0.0 ], [ 101.695302, 2.850924, 0.0 ], [ 101.695682, 2.85161, 0.0 ], [ 101.695277, 2.852536, 0.0 ], [ 101.694867, 2.857353, 0.0 ], [ 101.694417, 2.857544, 0.0 ], [ 101.693964, 2.857748, 0.0 ], [ 101.693817, 2.857814, 0.0 ], [ 101.692601, 2.858363, 0.0 ], [ 101.692184, 2.858551, 0.0 ], [ 101.691849, 2.859115, 0.0 ], [ 101.691844, 2.859117, 0.0 ], [ 101.69001, 2.859915, 0.0 ], [ 101.689777, 2.860046, 0.0 ], [ 101.689909, 2.860227, 0.0 ], [ 101.690783, 2.861187, 0.0 ], [ 101.691476, 2.861839, 0.0 ], [ 101.691497, 2.861858, 0.0 ], [ 101.691704, 2.862361, 0.0 ], [ 101.692086, 2.863291, 0.0 ], [ 101.692269, 2.863736, 0.0 ], [ 101.692267, 2.86378, 0.0 ], [ 101.692287, 2.863781, 0.0 ], [ 101.692504, 2.863721, 0.0 ], [ 101.695225, 2.86362, 0.0 ], [ 101.696575, 2.863561, 0.0 ], [ 101.698414, 2.863519, 0.0 ], [ 101.698331, 2.862949, 0.0 ], [ 101.698113, 2.86164, 0.0 ], [ 101.698218, 2.861593, 0.0 ], [ 101.700044, 2.861602, 0.0 ], [ 101.700996, 2.861608, 0.0 ], [ 101.70345, 2.861622, 0.0 ], [ 101.705511, 2.861552, 0.0 ], [ 101.70555, 2.86155, 0.0 ], [ 101.705809, 2.863337, 0.0 ], [ 101.706165, 2.865163, 0.0 ], [ 101.706354, 2.867127, 0.0 ], [ 101.706295, 2.868882, 0.0 ], [ 101.706568, 2.872538, 0.0 ], [ 101.708833, 2.872741, 0.0 ], [ 101.709582, 2.879156, 0.0 ], [ 101.706276, 2.881599, 0.0 ], [ 101.706226, 2.881872, 0.0 ], [ 101.708136, 2.883382, 0.0 ], [ 101.706886, 2.88459, 0.0 ], [ 101.706757, 2.884715, 0.0 ], [ 101.705158, 2.886421, 0.0 ], [ 101.704241, 2.887292, 0.0 ], [ 101.701938, 2.889597, 0.0 ], [ 101.701538, 2.890044, 0.0 ], [ 101.70135, 2.890315, 0.0 ], [ 101.701066, 2.891399, 0.0 ], [ 101.700925, 2.891623, 0.0 ], [ 101.700513, 2.891928, 0.0 ], [ 101.69948, 2.892468, 0.0 ], [ 101.699069, 2.891903, 0.0 ], [ 101.698693, 2.892049, 0.0 ], [ 101.697983, 2.892551, 0.0 ], [ 101.697627, 2.893137, 0.0 ] ] ] } },
{ "type": "Feature", "properties": { "Name": "113/55/05  KAMPUNG BAHARU DENGKIL", "description": "1135505    <br>       <br>   KODDMA   1135505    <br>   LUAS   20996199.2713    <br>   JOBID       <br>   NAMADMA   KAMPUNG BAHARU DENGKIL    <br>   Status   1    <br>   JUMLAH_PEM   1574    <br>   SHAPE_Leng   25457.350084", "timestamp": null, "begin": null, "end": null, "altitudeMode": null, "tessellate": -1, "extrude": 0, "visibility": -1, "drawOrder": null, "icon": null }, "geometry": { "type": "Polygon", "coordinates": [ [ [ 101.645183, 2.91695, 0.0 ], [ 101.643781, 2.916968, 0.0 ], [ 101.642554, 2.916984, 0.0 ], [ 101.642405, 2.916986, 0.0 ], [ 101.642003, 2.917128, 0.0 ], [ 101.64005, 2.91782, 0.0 ], [ 101.64001, 2.917707, 0.0 ], [ 101.639786, 2.917348, 0.0 ], [ 101.63957, 2.917146, 0.0 ], [ 101.639484, 2.917065, 0.0 ], [ 101.63885, 2.916631, 0.0 ], [ 101.638838, 2.916601, 0.0 ], [ 101.638763, 2.916417, 0.0 ], [ 101.638882, 2.915814, 0.0 ], [ 101.637302, 2.915806, 0.0 ], [ 101.635458, 2.915797, 0.0 ], [ 101.63531, 2.915327, 0.0 ], [ 101.634886, 2.913982, 0.0 ], [ 101.634757, 2.913552, 0.0 ], [ 101.634852, 2.912679, 0.0 ], [ 101.635131, 2.910108, 0.0 ], [ 101.635374, 2.90754, 0.0 ], [ 101.635346, 2.907531, 0.0 ], [ 101.634717, 2.907486, 0.0 ], [ 101.634213, 2.907065, 0.0 ], [ 101.634014, 2.906692, 0.0 ], [ 101.633844, 2.906225, 0.0 ], [ 101.633484, 2.904922, 0.0 ], [ 101.633294, 2.904354, 0.0 ], [ 101.633198, 2.90393, 0.0 ], [ 101.632786, 2.903612, 0.0 ], [ 101.632487, 2.903259, 0.0 ], [ 101.631874, 2.903187, 0.0 ], [ 101.631804, 2.903012, 0.0 ], [ 101.630881, 2.902856, 0.0 ], [ 101.630252, 2.902633, 0.0 ], [ 101.629686, 2.902258, 0.0 ], [ 101.628959, 2.901543, 0.0 ], [ 101.628579, 2.901001, 0.0 ], [ 101.628837, 2.900875, 0.0 ], [ 101.628996, 2.900621, 0.0 ], [ 101.629381, 2.899791, 0.0 ], [ 101.630261, 2.899975, 0.0 ], [ 101.63041, 2.900164, 0.0 ], [ 101.630576, 2.900375, 0.0 ], [ 101.630857, 2.900133, 0.0 ], [ 101.631252, 2.900306, 0.0 ], [ 101.631708, 2.900586, 0.0 ], [ 101.631955, 2.900895, 0.0 ], [ 101.632657, 2.901024, 0.0 ], [ 101.632831, 2.900971, 0.0 ], [ 101.632601, 2.899929, 0.0 ], [ 101.631164, 2.899354, 0.0 ], [ 101.630352, 2.898594, 0.0 ], [ 101.630049, 2.897906, 0.0 ], [ 101.630018, 2.897121, 0.0 ], [ 101.629842, 2.897256, 0.0 ], [ 101.629719, 2.89613, 0.0 ], [ 101.629804, 2.895342, 0.0 ], [ 101.629844, 2.894892, 0.0 ], [ 101.629843, 2.894892, 0.0 ], [ 101.627154, 2.894859, 0.0 ], [ 101.624524, 2.894826, 0.0 ], [ 101.623297, 2.89761, 0.0 ], [ 101.618982, 2.895823, 0.0 ], [ 101.618746, 2.895725, 0.0 ], [ 101.619317, 2.894631, 0.0 ], [ 101.619912, 2.893405, 0.0 ], [ 101.620512, 2.89219, 0.0 ], [ 101.621649, 2.890062, 0.0 ], [ 101.622182, 2.889016, 0.0 ], [ 101.622871, 2.887677, 0.0 ], [ 101.623361, 2.886678, 0.0 ], [ 101.623752, 2.886068, 0.0 ], [ 101.624236, 2.885308, 0.0 ], [ 101.625407, 2.883688, 0.0 ], [ 101.625499, 2.883573, 0.0 ], [ 101.625937, 2.883029, 0.0 ], [ 101.629223, 2.876581, 0.0 ], [ 101.63423, 2.866754, 0.0 ], [ 101.634241, 2.866759, 0.0 ], [ 101.634366, 2.866818, 0.0 ], [ 101.638434, 2.868755, 0.0 ], [ 101.640753, 2.865681, 0.0 ], [ 101.641012, 2.865322, 0.0 ], [ 101.644838, 2.859696, 0.0 ], [ 101.645649, 2.859306, 0.0 ], [ 101.645933, 2.859248, 0.0 ], [ 101.646217, 2.85919, 0.0 ], [ 101.646299, 2.859174, 0.0 ], [ 101.646435, 2.859053, 0.0 ], [ 101.646587, 2.859043, 0.0 ], [ 101.646953, 2.859323, 0.0 ], [ 101.647535, 2.859503, 0.0 ], [ 101.648426, 2.859497, 0.0 ], [ 101.64944, 2.859489, 0.0 ], [ 101.649464, 2.85958, 0.0 ], [ 101.650584, 2.859572, 0.0 ], [ 101.651014, 2.859568, 0.0 ], [ 101.651506, 2.859565, 0.0 ], [ 101.651488, 2.859545, 0.0 ], [ 101.65161, 2.859545, 0.0 ], [ 101.651628, 2.859564, 0.0 ], [ 101.652331, 2.859559, 0.0 ], [ 101.654201, 2.859529, 0.0 ], [ 101.654435, 2.859644, 0.0 ], [ 101.654971, 2.859905, 0.0 ], [ 101.655083, 2.859959, 0.0 ], [ 101.655294, 2.860063, 0.0 ], [ 101.655514, 2.860171, 0.0 ], [ 101.655717, 2.860271, 0.0 ], [ 101.655918, 2.86037, 0.0 ], [ 101.656017, 2.860419, 0.0 ], [ 101.656303, 2.860559, 0.0 ], [ 101.656588, 2.8607, 0.0 ], [ 101.65666, 2.860746, 0.0 ], [ 101.656683, 2.860757, 0.0 ], [ 101.656782, 2.860805, 0.0 ], [ 101.656943, 2.860885, 0.0 ], [ 101.657147, 2.860985, 0.0 ], [ 101.657349, 2.861084, 0.0 ], [ 101.657524, 2.86117, 0.0 ], [ 101.657698, 2.861255, 0.0 ], [ 101.657872, 2.861341, 0.0 ], [ 101.658047, 2.861426, 0.0 ], [ 101.658221, 2.861512, 0.0 ], [ 101.658395, 2.861597, 0.0 ], [ 101.658435, 2.861617, 0.0 ], [ 101.658916, 2.861853, 0.0 ], [ 101.659028, 2.861908, 0.0 ], [ 101.659349, 2.862066, 0.0 ], [ 101.65967, 2.862223, 0.0 ], [ 101.659781, 2.862278, 0.0 ], [ 101.66006, 2.862415, 0.0 ], [ 101.661258, 2.863037, 0.0 ], [ 101.662083, 2.863457, 0.0 ], [ 101.662944, 2.863382, 0.0 ], [ 101.663451, 2.864928, 0.0 ], [ 101.663821, 2.866056, 0.0 ], [ 101.665167, 2.866224, 0.0 ], [ 101.666952, 2.866446, 0.0 ], [ 101.668072, 2.866446, 0.0 ], [ 101.668143, 2.866491, 0.0 ], [ 101.668142, 2.866492, 0.0 ], [ 101.668144, 2.866492, 0.0 ], [ 101.67067, 2.866455, 0.0 ], [ 101.6726, 2.866517, 0.0 ], [ 101.672843, 2.866607, 0.0 ], [ 101.672884, 2.866622, 0.0 ], [ 101.672881, 2.866629, 0.0 ], [ 101.672831, 2.866699, 0.0 ], [ 101.67283, 2.866701, 0.0 ], [ 101.672791, 2.866762, 0.0 ], [ 101.672753, 2.866828, 0.0 ], [ 101.672633, 2.86702, 0.0 ], [ 101.672594, 2.867085, 0.0 ], [ 101.672553, 2.867145, 0.0 ], [ 101.672526, 2.86719, 0.0 ], [ 101.672517, 2.867205, 0.0 ], [ 101.672481, 2.867266, 0.0 ], [ 101.672446, 2.867324, 0.0 ], [ 101.672432, 2.867351, 0.0 ], [ 101.672414, 2.867386, 0.0 ], [ 101.672379, 2.867448, 0.0 ], [ 101.672363, 2.867473, 0.0 ], [ 101.67234, 2.86751, 0.0 ], [ 101.672299, 2.867565, 0.0 ], [ 101.672264, 2.867623, 0.0 ], [ 101.672248, 2.867648, 0.0 ], [ 101.672228, 2.867681, 0.0 ], [ 101.672197, 2.867746, 0.0 ], [ 101.672162, 2.867815, 0.0 ], [ 101.672134, 2.867861, 0.0 ], [ 101.672122, 2.86788, 0.0 ], [ 101.672083, 2.867944, 0.0 ], [ 101.672043, 2.868011, 0.0 ], [ 101.672011, 2.868056, 0.0 ], [ 101.671955, 2.868139, 0.0 ], [ 101.671915, 2.868206, 0.0 ], [ 101.671893, 2.868243, 0.0 ], [ 101.671873, 2.868277, 0.0 ], [ 101.671826, 2.868343, 0.0 ], [ 101.671784, 2.86841, 0.0 ], [ 101.671744, 2.868477, 0.0 ], [ 101.671707, 2.86855, 0.0 ], [ 101.671664, 2.868622, 0.0 ], [ 101.67166, 2.868628, 0.0 ], [ 101.671622, 2.868691, 0.0 ], [ 101.671579, 2.868761, 0.0 ], [ 101.671536, 2.86883, 0.0 ], [ 101.671495, 2.868899, 0.0 ], [ 101.671456, 2.868967, 0.0 ], [ 101.671454, 2.868972, 0.0 ], [ 101.671427, 2.869015, 0.0 ], [ 101.671411, 2.869042, 0.0 ], [ 101.671368, 2.869112, 0.0 ], [ 101.671325, 2.869185, 0.0 ], [ 101.671277, 2.869251, 0.0 ], [ 101.671236, 2.86932, 0.0 ], [ 101.671195, 2.869395, 0.0 ], [ 101.671192, 2.8694, 0.0 ], [ 101.671151, 2.869468, 0.0 ], [ 101.671109, 2.869539, 0.0 ], [ 101.671067, 2.86961, 0.0 ], [ 101.671047, 2.869643, 0.0 ], [ 101.671025, 2.86968, 0.0 ], [ 101.670984, 2.869749, 0.0 ], [ 101.670961, 2.869788, 0.0 ], [ 101.670944, 2.869818, 0.0 ], [ 101.670907, 2.86988, 0.0 ], [ 101.670875, 2.86993, 0.0 ], [ 101.670873, 2.869934, 0.0 ], [ 101.67084, 2.869986, 0.0 ], [ 101.670811, 2.870035, 0.0 ], [ 101.670783, 2.870085, 0.0 ], [ 101.670752, 2.870134, 0.0 ], [ 101.670727, 2.870174, 0.0 ], [ 101.670721, 2.870182, 0.0 ], [ 101.670689, 2.870235, 0.0 ], [ 101.670653, 2.87029, 0.0 ], [ 101.670616, 2.870347, 0.0 ], [ 101.670577, 2.870407, 0.0 ], [ 101.670537, 2.87047, 0.0 ], [ 101.670497, 2.870534, 0.0 ], [ 101.670484, 2.870554, 0.0 ], [ 101.670455, 2.870602, 0.0 ], [ 101.670446, 2.870616, 0.0 ], [ 101.670413, 2.87067, 0.0 ], [ 101.670369, 2.870741, 0.0 ], [ 101.670324, 2.870813, 0.0 ], [ 101.670276, 2.870886, 0.0 ], [ 101.670246, 2.870937, 0.0 ], [ 101.670233, 2.870959, 0.0 ], [ 101.670188, 2.871034, 0.0 ], [ 101.67014, 2.871108, 0.0 ], [ 101.670092, 2.871178, 0.0 ], [ 101.670047, 2.87125, 0.0 ], [ 101.670005, 2.871319, 0.0 ], [ 101.670003, 2.871323, 0.0 ], [ 101.669957, 2.871397, 0.0 ], [ 101.669916, 2.871462, 0.0 ], [ 101.669912, 2.871469, 0.0 ], [ 101.669866, 2.871542, 0.0 ], [ 101.66982, 2.871616, 0.0 ], [ 101.669774, 2.871687, 0.0 ], [ 101.669766, 2.871702, 0.0 ], [ 101.669732, 2.871765, 0.0 ], [ 101.669686, 2.871839, 0.0 ], [ 101.66964, 2.871912, 0.0 ], [ 101.669594, 2.871987, 0.0 ], [ 101.669547, 2.872062, 0.0 ], [ 101.669531, 2.872087, 0.0 ], [ 101.6695, 2.872139, 0.0 ], [ 101.669451, 2.872217, 0.0 ], [ 101.6694, 2.87229, 0.0 ], [ 101.669351, 2.872366, 0.0 ], [ 101.669302, 2.872443, 0.0 ], [ 101.669287, 2.872467, 0.0 ], [ 101.669252, 2.87252, 0.0 ], [ 101.669204, 2.872594, 0.0 ], [ 101.669161, 2.87267, 0.0 ], [ 101.669116, 2.872744, 0.0 ], [ 101.669072, 2.872817, 0.0 ], [ 101.669049, 2.872851, 0.0 ], [ 101.669025, 2.872886, 0.0 ], [ 101.668981, 2.872956, 0.0 ], [ 101.668937, 2.873028, 0.0 ], [ 101.668892, 2.8731, 0.0 ], [ 101.668846, 2.873174, 0.0 ], [ 101.668809, 2.873233, 0.0 ], [ 101.668799, 2.873247, 0.0 ], [ 101.668752, 2.873321, 0.0 ], [ 101.668704, 2.873395, 0.0 ], [ 101.668657, 2.873468, 0.0 ], [ 101.668615, 2.873545, 0.0 ], [ 101.668571, 2.873616, 0.0 ], [ 101.668569, 2.873619, 0.0 ], [ 101.668524, 2.873689, 0.0 ], [ 101.668481, 2.873759, 0.0 ], [ 101.668439, 2.873829, 0.0 ], [ 101.668396, 2.873897, 0.0 ], [ 101.668353, 2.873965, 0.0 ], [ 101.668333, 2.873999, 0.0 ], [ 101.668312, 2.874033, 0.0 ], [ 101.668271, 2.874101, 0.0 ], [ 101.668228, 2.87417, 0.0 ], [ 101.668182, 2.874234, 0.0 ], [ 101.66814, 2.874299, 0.0 ], [ 101.668099, 2.874368, 0.0 ], [ 101.668091, 2.87438, 0.0 ], [ 101.668056, 2.874435, 0.0 ], [ 101.668014, 2.874502, 0.0 ], [ 101.667971, 2.874569, 0.0 ], [ 101.667928, 2.874636, 0.0 ], [ 101.667887, 2.874703, 0.0 ], [ 101.667854, 2.874764, 0.0 ], [ 101.667851, 2.874769, 0.0 ], [ 101.667808, 2.874839, 0.0 ], [ 101.667766, 2.874912, 0.0 ], [ 101.667721, 2.874982, 0.0 ], [ 101.667699, 2.875015, 0.0 ], [ 101.6677, 2.875016, 0.0 ], [ 101.668385, 2.875441, 0.0 ], [ 101.668981, 2.874515, 0.0 ], [ 101.669755, 2.874955, 0.0 ], [ 101.669921, 2.874685, 0.0 ], [ 101.670078, 2.87443, 0.0 ], [ 101.670236, 2.874175, 0.0 ], [ 101.670528, 2.873702, 0.0 ], [ 101.670584, 2.873688, 0.0 ], [ 101.670783, 2.873812, 0.0 ], [ 101.671046, 2.873976, 0.0 ], [ 101.671245, 2.8741, 0.0 ], [ 101.67159, 2.874176, 0.0 ], [ 101.672481, 2.87437, 0.0 ], [ 101.672777, 2.874124, 0.0 ], [ 101.67433, 2.875315, 0.0 ], [ 101.674638, 2.876023, 0.0 ], [ 101.67351, 2.877621, 0.0 ], [ 101.672463, 2.879373, 0.0 ], [ 101.67202, 2.880123, 0.0 ], [ 101.671975, 2.880322, 0.0 ], [ 101.671948, 2.880438, 0.0 ], [ 101.671895, 2.880383, 0.0 ], [ 101.671546, 2.881959, 0.0 ], [ 101.671374, 2.882843, 0.0 ], [ 101.671252, 2.883435, 0.0 ], [ 101.665974, 2.8794, 0.0 ], [ 101.66595, 2.879461, 0.0 ], [ 101.665892, 2.8796, 0.0 ], [ 101.665831, 2.879738, 0.0 ], [ 101.665772, 2.879866, 0.0 ], [ 101.665709, 2.879993, 0.0 ], [ 101.665645, 2.880119, 0.0 ], [ 101.665633, 2.880144, 0.0 ], [ 101.665613, 2.880189, 0.0 ], [ 101.665579, 2.880261, 0.0 ], [ 101.665546, 2.880335, 0.0 ], [ 101.665513, 2.880409, 0.0 ], [ 101.665478, 2.880484, 0.0 ], [ 101.665444, 2.880554, 0.0 ], [ 101.665442, 2.880559, 0.0 ], [ 101.665406, 2.880635, 0.0 ], [ 101.665369, 2.88071, 0.0 ], [ 101.665331, 2.880785, 0.0 ], [ 101.665294, 2.880859, 0.0 ], [ 101.665258, 2.880933, 0.0 ], [ 101.665245, 2.88096, 0.0 ], [ 101.665223, 2.881007, 0.0 ], [ 101.665187, 2.881082, 0.0 ], [ 101.665149, 2.881157, 0.0 ], [ 101.665111, 2.881231, 0.0 ], [ 101.665073, 2.881304, 0.0 ], [ 101.665044, 2.881364, 0.0 ], [ 101.665037, 2.881378, 0.0 ], [ 101.665002, 2.881453, 0.0 ], [ 101.664966, 2.881529, 0.0 ], [ 101.664931, 2.881605, 0.0 ], [ 101.664897, 2.881682, 0.0 ], [ 101.664863, 2.88176, 0.0 ], [ 101.664856, 2.881775, 0.0 ], [ 101.664829, 2.881837, 0.0 ], [ 101.664795, 2.881915, 0.0 ], [ 101.664764, 2.881994, 0.0 ], [ 101.664733, 2.882074, 0.0 ], [ 101.664701, 2.882154, 0.0 ], [ 101.664686, 2.882193, 0.0 ], [ 101.66467, 2.882236, 0.0 ], [ 101.664639, 2.882318, 0.0 ], [ 101.664605, 2.8824, 0.0 ], [ 101.664572, 2.882481, 0.0 ], [ 101.664538, 2.882563, 0.0 ], [ 101.664517, 2.882612, 0.0 ], [ 101.664503, 2.882645, 0.0 ], [ 101.664465, 2.882728, 0.0 ], [ 101.664423, 2.882809, 0.0 ], [ 101.66438, 2.882889, 0.0 ], [ 101.664336, 2.88297, 0.0 ], [ 101.664311, 2.883014, 0.0 ], [ 101.66429, 2.88305, 0.0 ], [ 101.664244, 2.883131, 0.0 ], [ 101.664198, 2.883211, 0.0 ], [ 101.664152, 2.883287, 0.0 ], [ 101.664109, 2.883361, 0.0 ], [ 101.664084, 2.883404, 0.0 ], [ 101.664065, 2.883436, 0.0 ], [ 101.664022, 2.883512, 0.0 ], [ 101.663979, 2.883587, 0.0 ], [ 101.663938, 2.883661, 0.0 ], [ 101.663924, 2.883684, 0.0 ], [ 101.663859, 2.883795, 0.0 ], [ 101.663843, 2.883821, 0.0 ], [ 101.663797, 2.883896, 0.0 ], [ 101.663787, 2.883913, 0.0 ], [ 101.663755, 2.883972, 0.0 ], [ 101.663711, 2.884047, 0.0 ], [ 101.663633, 2.884186, 0.0 ], [ 101.663585, 2.884272, 0.0 ], [ 101.66339, 2.884566, 0.0 ], [ 101.663316, 2.884676, 0.0 ], [ 101.663274, 2.88474, 0.0 ], [ 101.663233, 2.8848, 0.0 ], [ 101.663195, 2.884858, 0.0 ], [ 101.663156, 2.884916, 0.0 ], [ 101.66314, 2.884942, 0.0 ], [ 101.663118, 2.884973, 0.0 ], [ 101.663083, 2.88504, 0.0 ], [ 101.663046, 2.885103, 0.0 ], [ 101.66301, 2.885164, 0.0 ], [ 101.662974, 2.885227, 0.0 ], [ 101.662944, 2.885277, 0.0 ], [ 101.662927, 2.885303, 0.0 ], [ 101.66291, 2.88533, 0.0 ], [ 101.66288, 2.885382, 0.0 ], [ 101.662852, 2.885436, 0.0 ], [ 101.662823, 2.885495, 0.0 ], [ 101.662791, 2.885551, 0.0 ], [ 101.662756, 2.885607, 0.0 ], [ 101.662716, 2.885628, 0.0 ], [ 101.662745, 2.885963, 0.0 ], [ 101.662766, 2.886204, 0.0 ], [ 101.662808, 2.886692, 0.0 ], [ 101.662866, 2.887364, 0.0 ], [ 101.663023, 2.887404, 0.0 ], [ 101.663097, 2.887385, 0.0 ], [ 101.66324, 2.887604, 0.0 ], [ 101.663427, 2.88789, 0.0 ], [ 101.663584, 2.88813, 0.0 ], [ 101.663732, 2.888356, 0.0 ], [ 101.663732, 2.888374, 0.0 ], [ 101.663731, 2.888663, 0.0 ], [ 101.66337, 2.889446, 0.0 ], [ 101.663033, 2.88962, 0.0 ], [ 101.662352, 2.890218, 0.0 ], [ 101.662048, 2.890574, 0.0 ], [ 101.661996, 2.890777, 0.0 ], [ 101.661908, 2.891122, 0.0 ], [ 101.661744, 2.891764, 0.0 ], [ 101.661683, 2.892005, 0.0 ], [ 101.661582, 2.892398, 0.0 ], [ 101.661415, 2.893055, 0.0 ], [ 101.661279, 2.893586, 0.0 ], [ 101.66121, 2.893859, 0.0 ], [ 101.66115, 2.894038, 0.0 ], [ 101.661126, 2.894133, 0.0 ], [ 101.660943, 2.894185, 0.0 ], [ 101.660724, 2.894245, 0.0 ], [ 101.660661, 2.894492, 0.0 ], [ 101.660169, 2.896421, 0.0 ], [ 101.659942, 2.89731, 0.0 ], [ 101.659431, 2.899317, 0.0 ], [ 101.659579, 2.900115, 0.0 ], [ 101.65976, 2.901084, 0.0 ], [ 101.659845, 2.901541, 0.0 ], [ 101.660212, 2.901532, 0.0 ], [ 101.661842, 2.903056, 0.0 ], [ 101.660673, 2.903101, 0.0 ], [ 101.659987, 2.903127, 0.0 ], [ 101.659484, 2.903147, 0.0 ], [ 101.657088, 2.903253, 0.0 ], [ 101.655101, 2.903339, 0.0 ], [ 101.653191, 2.903422, 0.0 ], [ 101.651054, 2.903516, 0.0 ], [ 101.648486, 2.903631, 0.0 ], [ 101.648306, 2.903643, 0.0 ], [ 101.648227, 2.903646, 0.0 ], [ 101.64786, 2.903662, 0.0 ], [ 101.647816, 2.904028, 0.0 ], [ 101.647734, 2.904706, 0.0 ], [ 101.64771, 2.904903, 0.0 ], [ 101.647589, 2.906116, 0.0 ], [ 101.64758, 2.906218, 0.0 ], [ 101.647417, 2.907448, 0.0 ], [ 101.647307, 2.908367, 0.0 ], [ 101.647169, 2.909441, 0.0 ], [ 101.647023, 2.910532, 0.0 ], [ 101.646849, 2.912503, 0.0 ], [ 101.647417, 2.91267, 0.0 ], [ 101.647757, 2.914816, 0.0 ], [ 101.648268, 2.914838, 0.0 ], [ 101.648244, 2.915156, 0.0 ], [ 101.648215, 2.915474, 0.0 ], [ 101.64818, 2.91579, 0.0 ], [ 101.648138, 2.916107, 0.0 ], [ 101.648091, 2.916422, 0.0 ], [ 101.648038, 2.916736, 0.0 ], [ 101.647983, 2.917032, 0.0 ], [ 101.645316, 2.916948, 0.0 ], [ 101.645183, 2.91695, 0.0 ] ] ] } },
{ "type": "Feature", "properties": { "Name": "113/55/07  PULAU MERANTI", "description": "1135507    <br>       <br>   KODDMA   1135507    <br>   LUAS   36852013.4447    <br>   JOBID       <br>   NAMADMA   PULAU MERANTI    <br>   Status   1    <br>   JUMLAH_PEM   2761    <br>   SHAPE_Leng   51228.996101", "timestamp": null, "begin": null, "end": null, "altitudeMode": null, "tessellate": -1, "extrude": 0, "visibility": -1, "drawOrder": null, "icon": null }, "geometry": { "type": "Polygon", "coordinates": [ [ [ 101.705344, 2.982843, 0.0 ], [ 101.705417, 2.983046, 0.0 ], [ 101.703641, 2.982877, 0.0 ], [ 101.701444, 2.982663, 0.0 ], [ 101.699479, 2.982464, 0.0 ], [ 101.698021, 2.982318, 0.0 ], [ 101.6965, 2.982165, 0.0 ], [ 101.694722, 2.981987, 0.0 ], [ 101.692393, 2.981745, 0.0 ], [ 101.690661, 2.981571, 0.0 ], [ 101.688769, 2.981389, 0.0 ], [ 101.686758, 2.98121, 0.0 ], [ 101.684618, 2.981068, 0.0 ], [ 101.682613, 2.980921, 0.0 ], [ 101.68132, 2.980842, 0.0 ], [ 101.680423, 2.980829, 0.0 ], [ 101.680155, 2.980823, 0.0 ], [ 101.679524, 2.980809, 0.0 ], [ 101.677728, 2.980753, 0.0 ], [ 101.677312, 2.980755, 0.0 ], [ 101.677255, 2.980755, 0.0 ], [ 101.67664, 2.980757, 0.0 ], [ 101.67627, 2.980758, 0.0 ], [ 101.676242, 2.980758, 0.0 ], [ 101.676095, 2.980759, 0.0 ], [ 101.675992, 2.980757, 0.0 ], [ 101.67595, 2.980756, 0.0 ], [ 101.675714, 2.980751, 0.0 ], [ 101.675686, 2.98075, 0.0 ], [ 101.675449, 2.980745, 0.0 ], [ 101.675407, 2.980745, 0.0 ], [ 101.674768, 2.980731, 0.0 ], [ 101.674495, 2.980726, 0.0 ], [ 101.674494, 2.980726, 0.0 ], [ 101.674296, 2.980721, 0.0 ], [ 101.674295, 2.980717, 0.0 ], [ 101.67416, 2.980714, 0.0 ], [ 101.673992, 2.980711, 0.0 ], [ 101.673882, 2.980708, 0.0 ], [ 101.673772, 2.980706, 0.0 ], [ 101.673663, 2.980703, 0.0 ], [ 101.673553, 2.980701, 0.0 ], [ 101.673444, 2.980698, 0.0 ], [ 101.673334, 2.980696, 0.0 ], [ 101.673224, 2.980694, 0.0 ], [ 101.673115, 2.980691, 0.0 ], [ 101.673005, 2.980689, 0.0 ], [ 101.67284, 2.980685, 0.0 ], [ 101.672676, 2.980681, 0.0 ], [ 101.672512, 2.980678, 0.0 ], [ 101.672501, 2.980677, 0.0 ], [ 101.672347, 2.980677, 0.0 ], [ 101.672183, 2.980676, 0.0 ], [ 101.672018, 2.980676, 0.0 ], [ 101.671854, 2.980675, 0.0 ], [ 101.671689, 2.980675, 0.0 ], [ 101.671525, 2.980674, 0.0 ], [ 101.67136, 2.980674, 0.0 ], [ 101.671196, 2.980673, 0.0 ], [ 101.671031, 2.980673, 0.0 ], [ 101.670881, 2.980676, 0.0 ], [ 101.670673, 2.980675, 0.0 ], [ 101.668875, 2.980636, 0.0 ], [ 101.668893, 2.980568, 0.0 ], [ 101.664358, 2.980558, 0.0 ], [ 101.664177, 2.980552, 0.0 ], [ 101.663399, 2.980526, 0.0 ], [ 101.662877, 2.980517, 0.0 ], [ 101.655353, 2.9804, 0.0 ], [ 101.645294, 2.980229, 0.0 ], [ 101.645301, 2.980078, 0.0 ], [ 101.645303, 2.980031, 0.0 ], [ 101.645307, 2.979914, 0.0 ], [ 101.643814, 2.979921, 0.0 ], [ 101.641821, 2.979932, 0.0 ], [ 101.641819, 2.979934, 0.0 ], [ 101.641631, 2.979929, 0.0 ], [ 101.641619, 2.979908, 0.0 ], [ 101.641411, 2.979909, 0.0 ], [ 101.64113, 2.97991, 0.0 ], [ 101.640871, 2.979911, 0.0 ], [ 101.640387, 2.979914, 0.0 ], [ 101.640075, 2.979915, 0.0 ], [ 101.640015, 2.979916, 0.0 ], [ 101.639937, 2.979917, 0.0 ], [ 101.63893, 2.97993, 0.0 ], [ 101.63829, 2.979938, 0.0 ], [ 101.637411, 2.979949, 0.0 ], [ 101.636825, 2.979957, 0.0 ], [ 101.636631, 2.979959, 0.0 ], [ 101.636508, 2.979961, 0.0 ], [ 101.635476, 2.979974, 0.0 ], [ 101.634581, 2.979986, 0.0 ], [ 101.633974, 2.979993, 0.0 ], [ 101.633882, 2.979997, 0.0 ], [ 101.633091, 2.980025, 0.0 ], [ 101.632178, 2.980058, 0.0 ], [ 101.631796, 2.980054, 0.0 ], [ 101.631456, 2.98005, 0.0 ], [ 101.630857, 2.980044, 0.0 ], [ 101.629089, 2.980097, 0.0 ], [ 101.628785, 2.980106, 0.0 ], [ 101.619879, 2.980055, 0.0 ], [ 101.619549, 2.980053, 0.0 ], [ 101.619418, 2.980123, 0.0 ], [ 101.619285, 2.98019, 0.0 ], [ 101.619283, 2.980191, 0.0 ], [ 101.619161, 2.980249, 0.0 ], [ 101.619039, 2.980306, 0.0 ], [ 101.618593, 2.980306, 0.0 ], [ 101.61742, 2.980306, 0.0 ], [ 101.615969, 2.980304, 0.0 ], [ 101.614941, 2.980303, 0.0 ], [ 101.614662, 2.980305, 0.0 ], [ 101.614604, 2.980231, 0.0 ], [ 101.61357, 2.978905, 0.0 ], [ 101.613184, 2.978395, 0.0 ], [ 101.61271, 2.977769, 0.0 ], [ 101.611661, 2.975206, 0.0 ], [ 101.61271, 2.971887, 0.0 ], [ 101.613642, 2.969265, 0.0 ], [ 101.613775, 2.968794, 0.0 ], [ 101.613857, 2.968503, 0.0 ], [ 101.61402, 2.967925, 0.0 ], [ 101.614563, 2.966426, 0.0 ], [ 101.615695, 2.965216, 0.0 ], [ 101.616004, 2.9647, 0.0 ], [ 101.616167, 2.964456, 0.0 ], [ 101.616292, 2.964255, 0.0 ], [ 101.616452, 2.963949, 0.0 ], [ 101.616947, 2.963352, 0.0 ], [ 101.617908, 2.962974, 0.0 ], [ 101.617956, 2.962858, 0.0 ], [ 101.61096, 2.96292, 0.0 ], [ 101.610962, 2.963317, 0.0 ], [ 101.610441, 2.963756, 0.0 ], [ 101.609537, 2.964516, 0.0 ], [ 101.609497, 2.964551, 0.0 ], [ 101.609501, 2.964558, 0.0 ], [ 101.609347, 2.964676, 0.0 ], [ 101.609313, 2.964705, 0.0 ], [ 101.608957, 2.965005, 0.0 ], [ 101.608082, 2.965741, 0.0 ], [ 101.608095, 2.965758, 0.0 ], [ 101.607998, 2.965812, 0.0 ], [ 101.607366, 2.966345, 0.0 ], [ 101.607355, 2.966353, 0.0 ], [ 101.606306, 2.967237, 0.0 ], [ 101.606159, 2.967361, 0.0 ], [ 101.606136, 2.96738, 0.0 ], [ 101.605978, 2.967529, 0.0 ], [ 101.604798, 2.967532, 0.0 ], [ 101.603777, 2.967535, 0.0 ], [ 101.603366, 2.967536, 0.0 ], [ 101.602955, 2.967537, 0.0 ], [ 101.602543, 2.967538, 0.0 ], [ 101.602132, 2.967539, 0.0 ], [ 101.601721, 2.967541, 0.0 ], [ 101.601446, 2.967504, 0.0 ], [ 101.601433, 2.972265, 0.0 ], [ 101.599872, 2.972278, 0.0 ], [ 101.597416, 2.972298, 0.0 ], [ 101.597416, 2.972432, 0.0 ], [ 101.595886, 2.97244, 0.0 ], [ 101.593864, 2.97245, 0.0 ], [ 101.592627, 2.972457, 0.0 ], [ 101.592426, 2.972468, 0.0 ], [ 101.592262, 2.972301, 0.0 ], [ 101.592251, 2.97212, 0.0 ], [ 101.592282, 2.97117, 0.0 ], [ 101.592288, 2.971005, 0.0 ], [ 101.592389, 2.968151, 0.0 ], [ 101.592399, 2.967972, 0.0 ], [ 101.592401, 2.967944, 0.0 ], [ 101.592473, 2.966672, 0.0 ], [ 101.592481, 2.966539, 0.0 ], [ 101.592482, 2.96633, 0.0 ], [ 101.592502, 2.966137, 0.0 ], [ 101.592564, 2.965034, 0.0 ], [ 101.592565, 2.965006, 0.0 ], [ 101.592574, 2.964838, 0.0 ], [ 101.592675, 2.963013, 0.0 ], [ 101.59154, 2.963018, 0.0 ], [ 101.589727, 2.963045, 0.0 ], [ 101.588844, 2.963058, 0.0 ], [ 101.588844, 2.963043, 0.0 ], [ 101.588221, 2.963053, 0.0 ], [ 101.588182, 2.963053, 0.0 ], [ 101.588069, 2.963055, 0.0 ], [ 101.588005, 2.963208, 0.0 ], [ 101.58767, 2.964016, 0.0 ], [ 101.58739, 2.964697, 0.0 ], [ 101.587356, 2.96478, 0.0 ], [ 101.587342, 2.964814, 0.0 ], [ 101.587248, 2.965042, 0.0 ], [ 101.586969, 2.965725, 0.0 ], [ 101.58581, 2.968707, 0.0 ], [ 101.584759, 2.971302, 0.0 ], [ 101.58448, 2.970815, 0.0 ], [ 101.583892, 2.970188, 0.0 ], [ 101.583825, 2.970102, 0.0 ], [ 101.583675, 2.969941, 0.0 ], [ 101.583562, 2.96982, 0.0 ], [ 101.58345, 2.969699, 0.0 ], [ 101.583337, 2.969579, 0.0 ], [ 101.583225, 2.969458, 0.0 ], [ 101.583116, 2.969341, 0.0 ], [ 101.583112, 2.969337, 0.0 ], [ 101.583, 2.969217, 0.0 ], [ 101.582887, 2.969096, 0.0 ], [ 101.582775, 2.968975, 0.0 ], [ 101.582663, 2.968854, 0.0 ], [ 101.58255, 2.968734, 0.0 ], [ 101.582438, 2.968613, 0.0 ], [ 101.582325, 2.968492, 0.0 ], [ 101.582213, 2.968371, 0.0 ], [ 101.5821, 2.968251, 0.0 ], [ 101.581988, 2.96813, 0.0 ], [ 101.581876, 2.968009, 0.0 ], [ 101.58183, 2.96796, 0.0 ], [ 101.581522, 2.96763, 0.0 ], [ 101.584618, 2.961578, 0.0 ], [ 101.584751, 2.961661, 0.0 ], [ 101.585027, 2.961834, 0.0 ], [ 101.58869, 2.953889, 0.0 ], [ 101.58923, 2.952856, 0.0 ], [ 101.589957, 2.951463, 0.0 ], [ 101.591207, 2.949116, 0.0 ], [ 101.592497, 2.946729, 0.0 ], [ 101.593535, 2.944538, 0.0 ], [ 101.593684, 2.944231, 0.0 ], [ 101.594196, 2.943215, 0.0 ], [ 101.594854, 2.941913, 0.0 ], [ 101.595278, 2.941133, 0.0 ], [ 101.595285, 2.94112, 0.0 ], [ 101.596176, 2.939481, 0.0 ], [ 101.597481, 2.937115, 0.0 ], [ 101.597484, 2.937382, 0.0 ], [ 101.597495, 2.93861, 0.0 ], [ 101.597497, 2.940284, 0.0 ], [ 101.597497, 2.941066, 0.0 ], [ 101.597498, 2.94197, 0.0 ], [ 101.597498, 2.942032, 0.0 ], [ 101.597499, 2.943756, 0.0 ], [ 101.5975, 2.945281, 0.0 ], [ 101.5975, 2.94691, 0.0 ], [ 101.597501, 2.948753, 0.0 ], [ 101.597502, 2.950549, 0.0 ], [ 101.597502, 2.952374, 0.0 ], [ 101.597503, 2.954242, 0.0 ], [ 101.599161, 2.954375, 0.0 ], [ 101.599323, 2.954388, 0.0 ], [ 101.599395, 2.954394, 0.0 ], [ 101.600913, 2.954516, 0.0 ], [ 101.600917, 2.953702, 0.0 ], [ 101.60092, 2.951849, 0.0 ], [ 101.600914, 2.949987, 0.0 ], [ 101.600832, 2.948225, 0.0 ], [ 101.602456, 2.948219, 0.0 ], [ 101.602513, 2.948219, 0.0 ], [ 101.604341, 2.948209, 0.0 ], [ 101.605408, 2.948204, 0.0 ], [ 101.60617, 2.948199, 0.0 ], [ 101.607998, 2.94819, 0.0 ], [ 101.609825, 2.948182, 0.0 ], [ 101.610704, 2.948178, 0.0 ], [ 101.611652, 2.948174, 0.0 ], [ 101.613477, 2.948165, 0.0 ], [ 101.613895, 2.948164, 0.0 ], [ 101.615307, 2.948158, 0.0 ], [ 101.616952, 2.948152, 0.0 ], [ 101.617133, 2.948151, 0.0 ], [ 101.619092, 2.948145, 0.0 ], [ 101.62018, 2.948142, 0.0 ], [ 101.620177, 2.947367, 0.0 ], [ 101.620174, 2.94633, 0.0 ], [ 101.620174, 2.946104, 0.0 ], [ 101.620168, 2.945194, 0.0 ], [ 101.621746, 2.945192, 0.0 ], [ 101.622235, 2.945189, 0.0 ], [ 101.622628, 2.945187, 0.0 ], [ 101.623472, 2.945183, 0.0 ], [ 101.623477, 2.943772, 0.0 ], [ 101.623478, 2.943436, 0.0 ], [ 101.623398, 2.943436, 0.0 ], [ 101.623479, 2.943232, 0.0 ], [ 101.623484, 2.942342, 0.0 ], [ 101.623476, 2.941261, 0.0 ], [ 101.623474, 2.940188, 0.0 ], [ 101.623475, 2.939189, 0.0 ], [ 101.623492, 2.937848, 0.0 ], [ 101.623529, 2.937757, 0.0 ], [ 101.624131, 2.936305, 0.0 ], [ 101.624135, 2.936295, 0.0 ], [ 101.624362, 2.935749, 0.0 ], [ 101.625312, 2.9334, 0.0 ], [ 101.62556, 2.932801, 0.0 ], [ 101.625555, 2.93276, 0.0 ], [ 101.625569, 2.932727, 0.0 ], [ 101.625814, 2.932453, 0.0 ], [ 101.625974, 2.933064, 0.0 ], [ 101.626201, 2.936657, 0.0 ], [ 101.626416, 2.938224, 0.0 ], [ 101.626874, 2.93924, 0.0 ], [ 101.628195, 2.940401, 0.0 ], [ 101.628404, 2.940588, 0.0 ], [ 101.629988, 2.942006, 0.0 ], [ 101.632957, 2.944201, 0.0 ], [ 101.636442, 2.946203, 0.0 ], [ 101.639852, 2.947027, 0.0 ], [ 101.640286, 2.94707, 0.0 ], [ 101.641004, 2.947142, 0.0 ], [ 101.641021, 2.947174, 0.0 ], [ 101.641078, 2.947178, 0.0 ], [ 101.64214, 2.947256, 0.0 ], [ 101.64283, 2.947098, 0.0 ], [ 101.644753, 2.946657, 0.0 ], [ 101.64668, 2.946201, 0.0 ], [ 101.64722, 2.946073, 0.0 ], [ 101.648356, 2.945363, 0.0 ], [ 101.648714, 2.945183, 0.0 ], [ 101.649164, 2.944857, 0.0 ], [ 101.650496, 2.944023, 0.0 ], [ 101.651939, 2.942843, 0.0 ], [ 101.652203, 2.942626, 0.0 ], [ 101.654808, 2.940282, 0.0 ], [ 101.656469, 2.937264, 0.0 ], [ 101.658198, 2.933372, 0.0 ], [ 101.658664, 2.932908, 0.0 ], [ 101.658904, 2.932576, 0.0 ], [ 101.659148, 2.932246, 0.0 ], [ 101.659395, 2.93192, 0.0 ], [ 101.659647, 2.931597, 0.0 ], [ 101.66032, 2.930937, 0.0 ], [ 101.660307, 2.930541, 0.0 ], [ 101.661531, 2.930613, 0.0 ], [ 101.663161, 2.930712, 0.0 ], [ 101.665866, 2.930895, 0.0 ], [ 101.667512, 2.931042, 0.0 ], [ 101.667677, 2.931018, 0.0 ], [ 101.66912, 2.931113, 0.0 ], [ 101.668907, 2.931625, 0.0 ], [ 101.669481, 2.932572, 0.0 ], [ 101.669666, 2.933094, 0.0 ], [ 101.669575, 2.934142, 0.0 ], [ 101.66981, 2.934897, 0.0 ], [ 101.669861, 2.935606, 0.0 ], [ 101.670358, 2.936765, 0.0 ], [ 101.67034, 2.937422, 0.0 ], [ 101.669763, 2.938167, 0.0 ], [ 101.670407, 2.939198, 0.0 ], [ 101.669823, 2.940254, 0.0 ], [ 101.670487, 2.941408, 0.0 ], [ 101.670308, 2.941913, 0.0 ], [ 101.66778, 2.941527, 0.0 ], [ 101.667283, 2.94145, 0.0 ], [ 101.664903, 2.944677, 0.0 ], [ 101.666149, 2.944865, 0.0 ], [ 101.666807, 2.945253, 0.0 ], [ 101.66767, 2.945568, 0.0 ], [ 101.668597, 2.94578, 0.0 ], [ 101.668858, 2.945814, 0.0 ], [ 101.669593, 2.945909, 0.0 ], [ 101.67175, 2.946118, 0.0 ], [ 101.67362, 2.946299, 0.0 ], [ 101.674004, 2.946336, 0.0 ], [ 101.67418, 2.946444, 0.0 ], [ 101.67424, 2.94648, 0.0 ], [ 101.67434, 2.946687, 0.0 ], [ 101.674482, 2.946978, 0.0 ], [ 101.674915, 2.94973, 0.0 ], [ 101.674804, 2.950443, 0.0 ], [ 101.674318, 2.951082, 0.0 ], [ 101.673155, 2.95206, 0.0 ], [ 101.672729, 2.95256, 0.0 ], [ 101.672379, 2.952971, 0.0 ], [ 101.672163, 2.953225, 0.0 ], [ 101.671382, 2.953799, 0.0 ], [ 101.668221, 2.95523, 0.0 ], [ 101.666677, 2.95636, 0.0 ], [ 101.666583, 2.956416, 0.0 ], [ 101.665709, 2.956933, 0.0 ], [ 101.66504, 2.957485, 0.0 ], [ 101.664354, 2.95805, 0.0 ], [ 101.663273, 2.960974, 0.0 ], [ 101.66326, 2.961092, 0.0 ], [ 101.66323, 2.961361, 0.0 ], [ 101.663143, 2.962128, 0.0 ], [ 101.662941, 2.963925, 0.0 ], [ 101.663016, 2.964262, 0.0 ], [ 101.663108, 2.964575, 0.0 ], [ 101.663181, 2.96487, 0.0 ], [ 101.663167, 2.965074, 0.0 ], [ 101.664305, 2.965939, 0.0 ], [ 101.665596, 2.966921, 0.0 ], [ 101.665756, 2.966738, 0.0 ], [ 101.665905, 2.966955, 0.0 ], [ 101.666114, 2.967159, 0.0 ], [ 101.666346, 2.967325, 0.0 ], [ 101.666587, 2.967472, 0.0 ], [ 101.666854, 2.967619, 0.0 ], [ 101.666972, 2.967649, 0.0 ], [ 101.666703, 2.967799, 0.0 ], [ 101.666582, 2.968058, 0.0 ], [ 101.666607, 2.968074, 0.0 ], [ 101.667145, 2.968428, 0.0 ], [ 101.667711, 2.968709, 0.0 ], [ 101.667791, 2.969116, 0.0 ], [ 101.668223, 2.96938, 0.0 ], [ 101.668483, 2.969507, 0.0 ], [ 101.668762, 2.969571, 0.0 ], [ 101.669292, 2.969636, 0.0 ], [ 101.669544, 2.969718, 0.0 ], [ 101.669769, 2.969899, 0.0 ], [ 101.670496, 2.97057, 0.0 ], [ 101.671035, 2.970788, 0.0 ], [ 101.671934, 2.971089, 0.0 ], [ 101.6725, 2.971099, 0.0 ], [ 101.672761, 2.971235, 0.0 ], [ 101.673354, 2.971552, 0.0 ], [ 101.673354, 2.971553, 0.0 ], [ 101.67339, 2.971571, 0.0 ], [ 101.674316, 2.971646, 0.0 ], [ 101.674699, 2.971581, 0.0 ], [ 101.674718, 2.971578, 0.0 ], [ 101.675738, 2.971405, 0.0 ], [ 101.676152, 2.971681, 0.0 ], [ 101.67616, 2.971687, 0.0 ], [ 101.676159, 2.971696, 0.0 ], [ 101.67615, 2.971904, 0.0 ], [ 101.67749, 2.971934, 0.0 ], [ 101.678111, 2.971872, 0.0 ], [ 101.678197, 2.971864, 0.0 ], [ 101.6782, 2.971864, 0.0 ], [ 101.680062, 2.972035, 0.0 ], [ 101.68128, 2.971685, 0.0 ], [ 101.681366, 2.971699, 0.0 ], [ 101.681366, 2.971691, 0.0 ], [ 101.682176, 2.971473, 0.0 ], [ 101.68285, 2.971872, 0.0 ], [ 101.68312, 2.971608, 0.0 ], [ 101.68289, 2.971229, 0.0 ], [ 101.68286, 2.970886, 0.0 ], [ 101.683119, 2.970295, 0.0 ], [ 101.683956, 2.969879, 0.0 ], [ 101.684566, 2.969152, 0.0 ], [ 101.684958, 2.969018, 0.0 ], [ 101.685656, 2.969256, 0.0 ], [ 101.686291, 2.969707, 0.0 ], [ 101.687009, 2.971001, 0.0 ], [ 101.688741, 2.971856, 0.0 ], [ 101.690518, 2.972094, 0.0 ], [ 101.692229, 2.972437, 0.0 ], [ 101.693349, 2.972338, 0.0 ], [ 101.693787, 2.973723, 0.0 ], [ 101.694929, 2.974113, 0.0 ], [ 101.69521, 2.975194, 0.0 ], [ 101.695578, 2.975634, 0.0 ], [ 101.696746, 2.97602, 0.0 ], [ 101.69706, 2.976284, 0.0 ], [ 101.697147, 2.976357, 0.0 ], [ 101.697482, 2.976637, 0.0 ], [ 101.697921, 2.976549, 0.0 ], [ 101.698292, 2.975563, 0.0 ], [ 101.698463, 2.975577, 0.0 ], [ 101.698797, 2.9763, 0.0 ], [ 101.699262, 2.976303, 0.0 ], [ 101.699839, 2.975364, 0.0 ], [ 101.700299, 2.975287, 0.0 ], [ 101.700826, 2.975599, 0.0 ], [ 101.702983, 2.97547, 0.0 ], [ 101.705153, 2.975404, 0.0 ], [ 101.707433, 2.97356, 0.0 ], [ 101.707905, 2.973336, 0.0 ], [ 101.708321, 2.973061, 0.0 ], [ 101.708326, 2.973058, 0.0 ], [ 101.708469, 2.975321, 0.0 ], [ 101.708595, 2.977175, 0.0 ], [ 101.708758, 2.979303, 0.0 ], [ 101.708554, 2.979836, 0.0 ], [ 101.707106, 2.980377, 0.0 ], [ 101.70641, 2.978528, 0.0 ], [ 101.706139, 2.977808, 0.0 ], [ 101.705933, 2.977259, 0.0 ], [ 101.705882, 2.977278, 0.0 ], [ 101.703602, 2.978133, 0.0 ], [ 101.703796, 2.978651, 0.0 ], [ 101.703988, 2.979174, 0.0 ], [ 101.704174, 2.979686, 0.0 ], [ 101.704372, 2.98022, 0.0 ], [ 101.705344, 2.982843, 0.0 ] ] ] } },
{ "type": "Feature", "properties": { "Name": "113/55/08 SUNGAI MERAB UTARA", "description": "1135508    <br>       <br>   KODDMA   1135508    <br>   LUAS   16817761.8302    <br>   JOBID       <br>   NAMADMA   SUNGAI MERAB UTARA    <br>   Status   1    <br>   JUMLAH_PEM   437    <br>   SHAPE_Leng   22985.638152", "timestamp": null, "begin": null, "end": null, "altitudeMode": null, "tessellate": -1, "extrude": 0, "visibility": -1, "drawOrder": null, "icon": null }, "geometry": { "type": "Polygon", "coordinates": [ [ [ 101.723127, 3.008541, 0.0 ], [ 101.722288, 3.009966, 0.0 ], [ 101.721561, 3.0112, 0.0 ], [ 101.721147, 3.011905, 0.0 ], [ 101.720923, 3.011777, 0.0 ], [ 101.720628, 3.011607, 0.0 ], [ 101.720437, 3.011497, 0.0 ], [ 101.719711, 3.011088, 0.0 ], [ 101.719083, 3.010283, 0.0 ], [ 101.718456, 3.009463, 0.0 ], [ 101.718385, 3.009373, 0.0 ], [ 101.71835, 3.009328, 0.0 ], [ 101.718315, 3.009282, 0.0 ], [ 101.718279, 3.009237, 0.0 ], [ 101.718269, 3.009224, 0.0 ], [ 101.718219, 3.00916, 0.0 ], [ 101.718184, 3.009115, 0.0 ], [ 101.718149, 3.009069, 0.0 ], [ 101.718139, 3.009057, 0.0 ], [ 101.718114, 3.009024, 0.0 ], [ 101.718104, 3.009012, 0.0 ], [ 101.718078, 3.008979, 0.0 ], [ 101.718069, 3.008967, 0.0 ], [ 101.718019, 3.008902, 0.0 ], [ 101.718009, 3.00889, 0.0 ], [ 101.717977, 3.008849, 0.0 ], [ 101.717967, 3.008837, 0.0 ], [ 101.717936, 3.008796, 0.0 ], [ 101.717926, 3.008784, 0.0 ], [ 101.717915, 3.00877, 0.0 ], [ 101.717807, 3.008632, 0.0 ], [ 101.717797, 3.008619, 0.0 ], [ 101.717609, 3.008377, 0.0 ], [ 101.717468, 3.007936, 0.0 ], [ 101.717253, 3.007398, 0.0 ], [ 101.717288, 3.007375, 0.0 ], [ 101.717367, 3.007374, 0.0 ], [ 101.717403, 3.007372, 0.0 ], [ 101.717662, 3.007361, 0.0 ], [ 101.717777, 3.007356, 0.0 ], [ 101.718187, 3.007323, 0.0 ], [ 101.718189, 3.007359, 0.0 ], [ 101.718452, 3.007338, 0.0 ], [ 101.71845, 3.007302, 0.0 ], [ 101.718265, 3.003526, 0.0 ], [ 101.718307, 3.003212, 0.0 ], [ 101.718451, 3.002129, 0.0 ], [ 101.718655, 3.000671, 0.0 ], [ 101.718772, 2.999792, 0.0 ], [ 101.718795, 2.999619, 0.0 ], [ 101.719028, 2.997921, 0.0 ], [ 101.719038, 2.997844, 0.0 ], [ 101.719068, 2.997628, 0.0 ], [ 101.719211, 2.996581, 0.0 ], [ 101.719238, 2.996385, 0.0 ], [ 101.719246, 2.996323, 0.0 ], [ 101.719281, 2.994498, 0.0 ], [ 101.719239, 2.992806, 0.0 ], [ 101.718867, 2.99122, 0.0 ], [ 101.71882, 2.990999, 0.0 ], [ 101.718406, 2.98923, 0.0 ], [ 101.718405, 2.989229, 0.0 ], [ 101.718405, 2.989227, 0.0 ], [ 101.71834, 2.989158, 0.0 ], [ 101.71784, 2.988621, 0.0 ], [ 101.716459, 2.988188, 0.0 ], [ 101.71474, 2.987419, 0.0 ], [ 101.713801, 2.986611, 0.0 ], [ 101.713579, 2.986395, 0.0 ], [ 101.71371, 2.985903, 0.0 ], [ 101.714253, 2.983872, 0.0 ], [ 101.714083, 2.983855, 0.0 ], [ 101.71363, 2.983813, 0.0 ], [ 101.711654, 2.983628, 0.0 ], [ 101.711249, 2.983591, 0.0 ], [ 101.710561, 2.983526, 0.0 ], [ 101.708863, 2.983371, 0.0 ], [ 101.708251, 2.983315, 0.0 ], [ 101.707919, 2.983277, 0.0 ], [ 101.706355, 2.983133, 0.0 ], [ 101.705417, 2.983046, 0.0 ], [ 101.705344, 2.982843, 0.0 ], [ 101.704372, 2.98022, 0.0 ], [ 101.704174, 2.979686, 0.0 ], [ 101.703988, 2.979174, 0.0 ], [ 101.703796, 2.978651, 0.0 ], [ 101.703602, 2.978133, 0.0 ], [ 101.705882, 2.977278, 0.0 ], [ 101.705933, 2.977259, 0.0 ], [ 101.706139, 2.977808, 0.0 ], [ 101.70641, 2.978528, 0.0 ], [ 101.707106, 2.980377, 0.0 ], [ 101.708554, 2.979836, 0.0 ], [ 101.708758, 2.979303, 0.0 ], [ 101.708595, 2.977175, 0.0 ], [ 101.708469, 2.975321, 0.0 ], [ 101.708326, 2.973058, 0.0 ], [ 101.708321, 2.973061, 0.0 ], [ 101.707905, 2.973336, 0.0 ], [ 101.707433, 2.97356, 0.0 ], [ 101.705153, 2.975404, 0.0 ], [ 101.702983, 2.97547, 0.0 ], [ 101.70317, 2.975381, 0.0 ], [ 101.702027, 2.974355, 0.0 ], [ 101.700791, 2.973246, 0.0 ], [ 101.700115, 2.971891, 0.0 ], [ 101.699999, 2.970194, 0.0 ], [ 101.699914, 2.9702, 0.0 ], [ 101.699795, 2.968465, 0.0 ], [ 101.701188, 2.968276, 0.0 ], [ 101.70208, 2.968155, 0.0 ], [ 101.703389, 2.967049, 0.0 ], [ 101.70339, 2.96681, 0.0 ], [ 101.703403, 2.964097, 0.0 ], [ 101.703406, 2.963493, 0.0 ], [ 101.703982, 2.963498, 0.0 ], [ 101.705953, 2.963514, 0.0 ], [ 101.708319, 2.963534, 0.0 ], [ 101.708655, 2.963537, 0.0 ], [ 101.708835, 2.963538, 0.0 ], [ 101.708844, 2.961977, 0.0 ], [ 101.709189, 2.962139, 0.0 ], [ 101.710108, 2.961952, 0.0 ], [ 101.710609, 2.961631, 0.0 ], [ 101.711375, 2.961629, 0.0 ], [ 101.712516, 2.962195, 0.0 ], [ 101.712869, 2.962521, 0.0 ], [ 101.712995, 2.962947, 0.0 ], [ 101.713471, 2.963278, 0.0 ], [ 101.713863, 2.964049, 0.0 ], [ 101.714235, 2.964146, 0.0 ], [ 101.714617, 2.963795, 0.0 ], [ 101.715375, 2.9641, 0.0 ], [ 101.715379, 2.963912, 0.0 ], [ 101.715379, 2.96189, 0.0 ], [ 101.715378, 2.960805, 0.0 ], [ 101.715378, 2.960769, 0.0 ], [ 101.715378, 2.960429, 0.0 ], [ 101.715377, 2.95958, 0.0 ], [ 101.715377, 2.958848, 0.0 ], [ 101.715304, 2.958241, 0.0 ], [ 101.715374, 2.957624, 0.0 ], [ 101.715374, 2.957396, 0.0 ], [ 101.715374, 2.956544, 0.0 ], [ 101.715374, 2.955302, 0.0 ], [ 101.717596, 2.955263, 0.0 ], [ 101.719853, 2.955251, 0.0 ], [ 101.721945, 2.955247, 0.0 ], [ 101.722716, 2.955246, 0.0 ], [ 101.723515, 2.955245, 0.0 ], [ 101.723515, 2.955264, 0.0 ], [ 101.724367, 2.955262, 0.0 ], [ 101.726599, 2.955256, 0.0 ], [ 101.728657, 2.955252, 0.0 ], [ 101.728818, 2.955266, 0.0 ], [ 101.72897, 2.955279, 0.0 ], [ 101.729082, 2.955223, 0.0 ], [ 101.730872, 2.955223, 0.0 ], [ 101.731117, 2.955222, 0.0 ], [ 101.73122, 2.955196, 0.0 ], [ 101.731385, 2.954974, 0.0 ], [ 101.732658, 2.953286, 0.0 ], [ 101.732623, 2.956236, 0.0 ], [ 101.732621, 2.956957, 0.0 ], [ 101.732621, 2.956981, 0.0 ], [ 101.73261, 2.960907, 0.0 ], [ 101.734947, 2.96087, 0.0 ], [ 101.734965, 2.96087, 0.0 ], [ 101.735623, 2.960859, 0.0 ], [ 101.738329, 2.960817, 0.0 ], [ 101.740725, 2.960803, 0.0 ], [ 101.746259, 2.960779, 0.0 ], [ 101.746403, 2.960735, 0.0 ], [ 101.746533, 2.960696, 0.0 ], [ 101.746513, 2.960727, 0.0 ], [ 101.746015, 2.961515, 0.0 ], [ 101.745652, 2.96222, 0.0 ], [ 101.745342, 2.962822, 0.0 ], [ 101.744785, 2.963905, 0.0 ], [ 101.744731, 2.964009, 0.0 ], [ 101.744536, 2.964388, 0.0 ], [ 101.743967, 2.966032, 0.0 ], [ 101.743492, 2.9674, 0.0 ], [ 101.743142, 2.969177, 0.0 ], [ 101.742931, 2.970248, 0.0 ], [ 101.742908, 2.970737, 0.0 ], [ 101.7429, 2.970888, 0.0 ], [ 101.742761, 2.97376, 0.0 ], [ 101.74277, 2.974043, 0.0 ], [ 101.742825, 2.975905, 0.0 ], [ 101.742877, 2.97765, 0.0 ], [ 101.742771, 2.979929, 0.0 ], [ 101.742756, 2.980251, 0.0 ], [ 101.742535, 2.981205, 0.0 ], [ 101.742535, 2.981206, 0.0 ], [ 101.742322, 2.982143, 0.0 ], [ 101.74162, 2.984035, 0.0 ], [ 101.741538, 2.98419, 0.0 ], [ 101.74102, 2.985162, 0.0 ], [ 101.740931, 2.985326, 0.0 ], [ 101.740438, 2.986241, 0.0 ], [ 101.739822, 2.987383, 0.0 ], [ 101.738169, 2.990314, 0.0 ], [ 101.737866, 2.990852, 0.0 ], [ 101.737121, 2.992232, 0.0 ], [ 101.736654, 2.993097, 0.0 ], [ 101.736485, 2.993383, 0.0 ], [ 101.735909, 2.99436, 0.0 ], [ 101.73583, 2.994494, 0.0 ], [ 101.735313, 2.995368, 0.0 ], [ 101.734756, 2.996023, 0.0 ], [ 101.733714, 2.997249, 0.0 ], [ 101.733191, 2.997674, 0.0 ], [ 101.732479, 2.998252, 0.0 ], [ 101.73194, 2.998689, 0.0 ], [ 101.7313, 2.999209, 0.0 ], [ 101.730963, 2.999451, 0.0 ], [ 101.729271, 3.000666, 0.0 ], [ 101.728459, 3.001249, 0.0 ], [ 101.728323, 3.001347, 0.0 ], [ 101.728188, 3.001483, 0.0 ], [ 101.728043, 3.001627, 0.0 ], [ 101.727731, 3.001939, 0.0 ], [ 101.727208, 3.002463, 0.0 ], [ 101.726799, 3.002873, 0.0 ], [ 101.72652, 3.003152, 0.0 ], [ 101.725194, 3.005165, 0.0 ], [ 101.724453, 3.00629, 0.0 ], [ 101.72436, 3.006448, 0.0 ], [ 101.724021, 3.007024, 0.0 ], [ 101.723127, 3.008541, 0.0 ] ] ] } },
{ "type": "Feature", "properties": { "Name": "113/55/09 KAMPUNG DATO ABU BAKAR BAGINDA", "description": "1135509    <br>       <br>   KODDMA   1135509    <br>   LUAS   1416286.11463    <br>   JOBID       <br>   NAMADMA   KAMPUNG DATO ABU BAKAR BAGINDA    <br>   Status   1    <br>   JUMLAH_PEM   1933    <br>   SHAPE_Leng   4918.590137", "timestamp": null, "begin": null, "end": null, "altitudeMode": null, "tessellate": -1, "extrude": 0, "visibility": -1, "drawOrder": null, "icon": null }, "geometry": { "type": "Polygon", "coordinates": [ [ [ 101.747209, 2.955368, 0.0 ], [ 101.747204, 2.956825, 0.0 ], [ 101.747164, 2.956872, 0.0 ], [ 101.747157, 2.95688, 0.0 ], [ 101.747158, 2.958786, 0.0 ], [ 101.747158, 2.959376, 0.0 ], [ 101.747158, 2.959503, 0.0 ], [ 101.747158, 2.959707, 0.0 ], [ 101.746802, 2.960269, 0.0 ], [ 101.746533, 2.960696, 0.0 ], [ 101.746403, 2.960735, 0.0 ], [ 101.746259, 2.960779, 0.0 ], [ 101.740725, 2.960803, 0.0 ], [ 101.738329, 2.960817, 0.0 ], [ 101.735623, 2.960859, 0.0 ], [ 101.734965, 2.96087, 0.0 ], [ 101.734947, 2.96087, 0.0 ], [ 101.73261, 2.960907, 0.0 ], [ 101.732621, 2.956981, 0.0 ], [ 101.732621, 2.956957, 0.0 ], [ 101.732623, 2.956236, 0.0 ], [ 101.732658, 2.953286, 0.0 ], [ 101.732915, 2.952981, 0.0 ], [ 101.734235, 2.952934, 0.0 ], [ 101.739929, 2.95284, 0.0 ], [ 101.739947, 2.95284, 0.0 ], [ 101.743514, 2.952867, 0.0 ], [ 101.744321, 2.952883, 0.0 ], [ 101.745026, 2.952871, 0.0 ], [ 101.745733, 2.952858, 0.0 ], [ 101.746442, 2.952845, 0.0 ], [ 101.747157, 2.952832, 0.0 ], [ 101.74724, 2.952854, 0.0 ], [ 101.747209, 2.955368, 0.0 ] ] ] } },
{ "type": "Feature", "properties": { "Name": "113/55/10 SUNGAI MERAB", "description": "1135510    <br>       <br>   KODDMA   1135510    <br>   LUAS   17855788.0662    <br>   JOBID       <br>   NAMADMA   SUNGAI MERAB    <br>   Status   1    <br>   JUMLAH_PEM   3179    <br>   SHAPE_Leng   23946.04219", "timestamp": null, "begin": null, "end": null, "altitudeMode": null, "tessellate": -1, "extrude": 0, "visibility": -1, "drawOrder": null, "icon": null }, "geometry": { "type": "Polygon", "coordinates": [ [ [ 101.751134, 2.953189, 0.0 ], [ 101.749593, 2.955955, 0.0 ], [ 101.749404, 2.956241, 0.0 ], [ 101.748609, 2.957446, 0.0 ], [ 101.748448, 2.95769, 0.0 ], [ 101.748146, 2.958148, 0.0 ], [ 101.748107, 2.958208, 0.0 ], [ 101.747158, 2.959707, 0.0 ], [ 101.747158, 2.959503, 0.0 ], [ 101.747158, 2.959376, 0.0 ], [ 101.747158, 2.958786, 0.0 ], [ 101.747157, 2.95688, 0.0 ], [ 101.747164, 2.956872, 0.0 ], [ 101.747204, 2.956825, 0.0 ], [ 101.747209, 2.955368, 0.0 ], [ 101.74724, 2.952854, 0.0 ], [ 101.747157, 2.952832, 0.0 ], [ 101.746442, 2.952845, 0.0 ], [ 101.745733, 2.952858, 0.0 ], [ 101.745026, 2.952871, 0.0 ], [ 101.744321, 2.952883, 0.0 ], [ 101.743514, 2.952867, 0.0 ], [ 101.739947, 2.95284, 0.0 ], [ 101.739929, 2.95284, 0.0 ], [ 101.734235, 2.952934, 0.0 ], [ 101.732915, 2.952981, 0.0 ], [ 101.732658, 2.953286, 0.0 ], [ 101.732529, 2.953288, 0.0 ], [ 101.73253, 2.95299, 0.0 ], [ 101.732531, 2.952294, 0.0 ], [ 101.732535, 2.950847, 0.0 ], [ 101.732538, 2.949201, 0.0 ], [ 101.732543, 2.947193, 0.0 ], [ 101.732546, 2.94594, 0.0 ], [ 101.732547, 2.945384, 0.0 ], [ 101.732549, 2.944552, 0.0 ], [ 101.732553, 2.942816, 0.0 ], [ 101.732562, 2.942635, 0.0 ], [ 101.732565, 2.94155, 0.0 ], [ 101.732576, 2.940456, 0.0 ], [ 101.732598, 2.93871, 0.0 ], [ 101.73262, 2.937092, 0.0 ], [ 101.732641, 2.935889, 0.0 ], [ 101.732654, 2.933936, 0.0 ], [ 101.732714, 2.931503, 0.0 ], [ 101.732724, 2.930762, 0.0 ], [ 101.732747, 2.929635, 0.0 ], [ 101.732755, 2.929233, 0.0 ], [ 101.732878, 2.929227, 0.0 ], [ 101.73287, 2.927214, 0.0 ], [ 101.732858, 2.926759, 0.0 ], [ 101.731968, 2.926173, 0.0 ], [ 101.731518, 2.925535, 0.0 ], [ 101.731079, 2.925353, 0.0 ], [ 101.730564, 2.924572, 0.0 ], [ 101.729623, 2.923791, 0.0 ], [ 101.729457, 2.922622, 0.0 ], [ 101.729058, 2.922387, 0.0 ], [ 101.72854, 2.922555, 0.0 ], [ 101.727881, 2.92267, 0.0 ], [ 101.727185, 2.92224, 0.0 ], [ 101.726618, 2.921706, 0.0 ], [ 101.725921, 2.921354, 0.0 ], [ 101.725573, 2.921119, 0.0 ], [ 101.725354, 2.920794, 0.0 ], [ 101.7254, 2.920565, 0.0 ], [ 101.724979, 2.920441, 0.0 ], [ 101.724738, 2.920611, 0.0 ], [ 101.724737, 2.920611, 0.0 ], [ 101.724571, 2.920729, 0.0 ], [ 101.723809, 2.920278, 0.0 ], [ 101.723251, 2.920087, 0.0 ], [ 101.722803, 2.920237, 0.0 ], [ 101.722612, 2.92036, 0.0 ], [ 101.722545, 2.920893, 0.0 ], [ 101.722477, 2.921822, 0.0 ], [ 101.721906, 2.922109, 0.0 ], [ 101.720519, 2.922233, 0.0 ], [ 101.719119, 2.921741, 0.0 ], [ 101.718158, 2.921582, 0.0 ], [ 101.71717, 2.920914, 0.0 ], [ 101.717027, 2.919039, 0.0 ], [ 101.716184, 2.918444, 0.0 ], [ 101.715555, 2.917975, 0.0 ], [ 101.71516, 2.917849, 0.0 ], [ 101.714479, 2.917976, 0.0 ], [ 101.714192, 2.918083, 0.0 ], [ 101.713815, 2.918282, 0.0 ], [ 101.713385, 2.918842, 0.0 ], [ 101.713098, 2.918769, 0.0 ], [ 101.712954, 2.918192, 0.0 ], [ 101.712961, 2.918178, 0.0 ], [ 101.713474, 2.917146, 0.0 ], [ 101.714389, 2.916622, 0.0 ], [ 101.715142, 2.916803, 0.0 ], [ 101.715268, 2.916551, 0.0 ], [ 101.715142, 2.915973, 0.0 ], [ 101.715035, 2.91536, 0.0 ], [ 101.715053, 2.914927, 0.0 ], [ 101.715214, 2.914585, 0.0 ], [ 101.715663, 2.91426, 0.0 ], [ 101.715985, 2.913953, 0.0 ], [ 101.716151, 2.913685, 0.0 ], [ 101.716256, 2.913038, 0.0 ], [ 101.716335, 2.91259, 0.0 ], [ 101.71623, 2.911957, 0.0 ], [ 101.716044, 2.911365, 0.0 ], [ 101.71624, 2.911266, 0.0 ], [ 101.718276, 2.910231, 0.0 ], [ 101.71828, 2.909974, 0.0 ], [ 101.718309, 2.908316, 0.0 ], [ 101.718318, 2.907774, 0.0 ], [ 101.718338, 2.906628, 0.0 ], [ 101.71821, 2.904764, 0.0 ], [ 101.718447, 2.903459, 0.0 ], [ 101.719091, 2.902582, 0.0 ], [ 101.719101, 2.902569, 0.0 ], [ 101.719781, 2.90296, 0.0 ], [ 101.720639, 2.903507, 0.0 ], [ 101.721685, 2.904191, 0.0 ], [ 101.722895, 2.904984, 0.0 ], [ 101.723603, 2.905447, 0.0 ], [ 101.726199, 2.90583, 0.0 ], [ 101.726237, 2.90586, 0.0 ], [ 101.72633, 2.905935, 0.0 ], [ 101.726321, 2.905898, 0.0 ], [ 101.727987, 2.904169, 0.0 ], [ 101.726979, 2.903331, 0.0 ], [ 101.725432, 2.902033, 0.0 ], [ 101.724485, 2.901257, 0.0 ], [ 101.723085, 2.900992, 0.0 ], [ 101.722744, 2.900391, 0.0 ], [ 101.723533, 2.89942, 0.0 ], [ 101.723723, 2.897288, 0.0 ], [ 101.727734, 2.897684, 0.0 ], [ 101.727807, 2.897604, 0.0 ], [ 101.727853, 2.897166, 0.0 ], [ 101.727928, 2.896444, 0.0 ], [ 101.727944, 2.896289, 0.0 ], [ 101.728633, 2.895574, 0.0 ], [ 101.730768, 2.894326, 0.0 ], [ 101.732879, 2.892711, 0.0 ], [ 101.733383, 2.89188, 0.0 ], [ 101.733713, 2.890706, 0.0 ], [ 101.736097, 2.891146, 0.0 ], [ 101.736176, 2.891161, 0.0 ], [ 101.734908, 2.893126, 0.0 ], [ 101.733908, 2.894675, 0.0 ], [ 101.734038, 2.89512, 0.0 ], [ 101.734357, 2.896217, 0.0 ], [ 101.734734, 2.896715, 0.0 ], [ 101.735298, 2.897459, 0.0 ], [ 101.73606, 2.898173, 0.0 ], [ 101.737226, 2.899264, 0.0 ], [ 101.737967, 2.899958, 0.0 ], [ 101.739026, 2.900945, 0.0 ], [ 101.74036, 2.902187, 0.0 ], [ 101.741127, 2.902825, 0.0 ], [ 101.741943, 2.903436, 0.0 ], [ 101.742308, 2.903891, 0.0 ], [ 101.742321, 2.903908, 0.0 ], [ 101.742657, 2.904271, 0.0 ], [ 101.743083, 2.904754, 0.0 ], [ 101.743804, 2.905261, 0.0 ], [ 101.743818, 2.905271, 0.0 ], [ 101.744629, 2.905476, 0.0 ], [ 101.74519, 2.905556, 0.0 ], [ 101.746166, 2.905842, 0.0 ], [ 101.74671, 2.905978, 0.0 ], [ 101.746877, 2.906019, 0.0 ], [ 101.748071, 2.906274, 0.0 ], [ 101.748695, 2.906608, 0.0 ], [ 101.74891, 2.906788, 0.0 ], [ 101.74935, 2.907014, 0.0 ], [ 101.749471, 2.907122, 0.0 ], [ 101.75041, 2.907965, 0.0 ], [ 101.750258, 2.908195, 0.0 ], [ 101.75065, 2.90891, 0.0 ], [ 101.752446, 2.909699, 0.0 ], [ 101.754051, 2.911366, 0.0 ], [ 101.754333, 2.911891, 0.0 ], [ 101.755078, 2.915696, 0.0 ], [ 101.75487, 2.916708, 0.0 ], [ 101.756371, 2.917881, 0.0 ], [ 101.756444, 2.917938, 0.0 ], [ 101.756462, 2.917952, 0.0 ], [ 101.756438, 2.918054, 0.0 ], [ 101.756432, 2.918168, 0.0 ], [ 101.756435, 2.918302, 0.0 ], [ 101.756443, 2.918694, 0.0 ], [ 101.756471, 2.920092, 0.0 ], [ 101.756638, 2.920842, 0.0 ], [ 101.756668, 2.920974, 0.0 ], [ 101.756835, 2.921723, 0.0 ], [ 101.756911, 2.922064, 0.0 ], [ 101.757152, 2.923144, 0.0 ], [ 101.757154, 2.923152, 0.0 ], [ 101.757082, 2.923328, 0.0 ], [ 101.756739, 2.924104, 0.0 ], [ 101.756751, 2.924553, 0.0 ], [ 101.75686, 2.925445, 0.0 ], [ 101.756928, 2.926023, 0.0 ], [ 101.756938, 2.926111, 0.0 ], [ 101.756949, 2.926204, 0.0 ], [ 101.756949, 2.926205, 0.0 ], [ 101.75697, 2.926376, 0.0 ], [ 101.757011, 2.926729, 0.0 ], [ 101.757118, 2.927626, 0.0 ], [ 101.757129, 2.927716, 0.0 ], [ 101.757027, 2.928251, 0.0 ], [ 101.756992, 2.928429, 0.0 ], [ 101.756648, 2.930029, 0.0 ], [ 101.755956, 2.931854, 0.0 ], [ 101.755769, 2.932346, 0.0 ], [ 101.755755, 2.932382, 0.0 ], [ 101.755741, 2.933204, 0.0 ], [ 101.755584, 2.933202, 0.0 ], [ 101.755505, 2.933623, 0.0 ], [ 101.755184, 2.93409, 0.0 ], [ 101.754829, 2.934606, 0.0 ], [ 101.754527, 2.935331, 0.0 ], [ 101.754438, 2.935583, 0.0 ], [ 101.753452, 2.938362, 0.0 ], [ 101.753177, 2.939512, 0.0 ], [ 101.753029, 2.940128, 0.0 ], [ 101.752734, 2.941361, 0.0 ], [ 101.752647, 2.942126, 0.0 ], [ 101.752646, 2.942135, 0.0 ], [ 101.752456, 2.943816, 0.0 ], [ 101.752357, 2.944692, 0.0 ], [ 101.75229, 2.946405, 0.0 ], [ 101.752219, 2.948235, 0.0 ], [ 101.7522, 2.948372, 0.0 ], [ 101.751892, 2.95062, 0.0 ], [ 101.751857, 2.95088, 0.0 ], [ 101.751402, 2.952335, 0.0 ], [ 101.751134, 2.953189, 0.0 ] ] ] } },
{ "type": "Feature", "properties": { "Name": "113/55/12  JENDERAM HILIR", "description": "1135512    <br>       <br>   KODDMA   1135512    <br>   LUAS   17119949.0982    <br>   JOBID       <br>   NAMADMA   JENDERAM HILIR    <br>   Status   1    <br>   JUMLAH_PEM   1696    <br>   SHAPE_Leng   25256.606887", "timestamp": null, "begin": null, "end": null, "altitudeMode": null, "tessellate": -1, "extrude": 0, "visibility": -1, "drawOrder": null, "icon": null }, "geometry": { "type": "Polygon", "coordinates": [ [ [ 101.718318, 2.907774, 0.0 ], [ 101.718309, 2.908316, 0.0 ], [ 101.71828, 2.909974, 0.0 ], [ 101.718276, 2.910231, 0.0 ], [ 101.71624, 2.911266, 0.0 ], [ 101.716044, 2.911365, 0.0 ], [ 101.714921, 2.911935, 0.0 ], [ 101.714001, 2.912406, 0.0 ], [ 101.713048, 2.912935, 0.0 ], [ 101.712685, 2.910148, 0.0 ], [ 101.712454, 2.908264, 0.0 ], [ 101.712394, 2.907756, 0.0 ], [ 101.712336, 2.907761, 0.0 ], [ 101.712136, 2.907779, 0.0 ], [ 101.711966, 2.907794, 0.0 ], [ 101.711499, 2.906789, 0.0 ], [ 101.711411, 2.906599, 0.0 ], [ 101.711323, 2.90641, 0.0 ], [ 101.711324, 2.90641, 0.0 ], [ 101.711286, 2.906328, 0.0 ], [ 101.711285, 2.906328, 0.0 ], [ 101.710785, 2.905249, 0.0 ], [ 101.710157, 2.903902, 0.0 ], [ 101.710095, 2.903773, 0.0 ], [ 101.711698, 2.903764, 0.0 ], [ 101.711931, 2.903786, 0.0 ], [ 101.711916, 2.903666, 0.0 ], [ 101.711716, 2.902004, 0.0 ], [ 101.71165, 2.901457, 0.0 ], [ 101.711514, 2.900337, 0.0 ], [ 101.710041, 2.90031, 0.0 ], [ 101.709803, 2.900306, 0.0 ], [ 101.708758, 2.900287, 0.0 ], [ 101.708157, 2.900361, 0.0 ], [ 101.708043, 2.900372, 0.0 ], [ 101.707982, 2.90036, 0.0 ], [ 101.707798, 2.900343, 0.0 ], [ 101.707755, 2.899963, 0.0 ], [ 101.707704, 2.899304, 0.0 ], [ 101.707264, 2.898208, 0.0 ], [ 101.707188, 2.898073, 0.0 ], [ 101.707104, 2.897923, 0.0 ], [ 101.707158, 2.8979, 0.0 ], [ 101.706837, 2.89732, 0.0 ], [ 101.706535, 2.89674, 0.0 ], [ 101.706427, 2.896424, 0.0 ], [ 101.706433, 2.896417, 0.0 ], [ 101.706429, 2.896406, 0.0 ], [ 101.705201, 2.895713, 0.0 ], [ 101.704696, 2.895529, 0.0 ], [ 101.704061, 2.895298, 0.0 ], [ 101.703956, 2.89526, 0.0 ], [ 101.702454, 2.89502, 0.0 ], [ 101.701935, 2.89501, 0.0 ], [ 101.701176, 2.894986, 0.0 ], [ 101.700771, 2.894973, 0.0 ], [ 101.700193, 2.895056, 0.0 ], [ 101.697534, 2.894831, 0.0 ], [ 101.697534, 2.894649, 0.0 ], [ 101.697535, 2.894014, 0.0 ], [ 101.697535, 2.893992, 0.0 ], [ 101.697536, 2.893458, 0.0 ], [ 101.697627, 2.893137, 0.0 ], [ 101.697983, 2.892551, 0.0 ], [ 101.698693, 2.892049, 0.0 ], [ 101.699069, 2.891903, 0.0 ], [ 101.69948, 2.892468, 0.0 ], [ 101.700513, 2.891928, 0.0 ], [ 101.700925, 2.891623, 0.0 ], [ 101.701066, 2.891399, 0.0 ], [ 101.70135, 2.890315, 0.0 ], [ 101.701538, 2.890044, 0.0 ], [ 101.701938, 2.889597, 0.0 ], [ 101.704241, 2.887292, 0.0 ], [ 101.705158, 2.886421, 0.0 ], [ 101.706757, 2.884715, 0.0 ], [ 101.706886, 2.88459, 0.0 ], [ 101.708136, 2.883382, 0.0 ], [ 101.706226, 2.881872, 0.0 ], [ 101.706276, 2.881599, 0.0 ], [ 101.709582, 2.879156, 0.0 ], [ 101.708833, 2.872741, 0.0 ], [ 101.706568, 2.872538, 0.0 ], [ 101.706295, 2.868882, 0.0 ], [ 101.706354, 2.867127, 0.0 ], [ 101.706165, 2.865163, 0.0 ], [ 101.705809, 2.863337, 0.0 ], [ 101.70555, 2.86155, 0.0 ], [ 101.708276, 2.861461, 0.0 ], [ 101.710997, 2.861373, 0.0 ], [ 101.710854, 2.860166, 0.0 ], [ 101.710734, 2.859154, 0.0 ], [ 101.710743, 2.857881, 0.0 ], [ 101.71075, 2.856789, 0.0 ], [ 101.710752, 2.856466, 0.0 ], [ 101.710758, 2.856038, 0.0 ], [ 101.71077, 2.855257, 0.0 ], [ 101.710779, 2.854619, 0.0 ], [ 101.710966, 2.854625, 0.0 ], [ 101.712298, 2.854676, 0.0 ], [ 101.712389, 2.854679, 0.0 ], [ 101.713673, 2.854728, 0.0 ], [ 101.715268, 2.854817, 0.0 ], [ 101.715366, 2.854822, 0.0 ], [ 101.716535, 2.854877, 0.0 ], [ 101.716806, 2.85489, 0.0 ], [ 101.717439, 2.854922, 0.0 ], [ 101.719609, 2.855006, 0.0 ], [ 101.719929, 2.855009, 0.0 ], [ 101.720575, 2.855018, 0.0 ], [ 101.72073, 2.85502, 0.0 ], [ 101.721492, 2.855029, 0.0 ], [ 101.721744, 2.855032, 0.0 ], [ 101.721854, 2.855031, 0.0 ], [ 101.722357, 2.855028, 0.0 ], [ 101.722362, 2.855027, 0.0 ], [ 101.722372, 2.85015, 0.0 ], [ 101.723627, 2.851029, 0.0 ], [ 101.726404, 2.85196, 0.0 ], [ 101.729566, 2.852741, 0.0 ], [ 101.736554, 2.853873, 0.0 ], [ 101.737239, 2.853984, 0.0 ], [ 101.73805, 2.854277, 0.0 ], [ 101.737775, 2.854553, 0.0 ], [ 101.737555, 2.854817, 0.0 ], [ 101.737057, 2.854872, 0.0 ], [ 101.737032, 2.854875, 0.0 ], [ 101.736916, 2.854903, 0.0 ], [ 101.736317, 2.855389, 0.0 ], [ 101.73543, 2.856083, 0.0 ], [ 101.735212, 2.856447, 0.0 ], [ 101.735372, 2.857015, 0.0 ], [ 101.735382, 2.857051, 0.0 ], [ 101.735487, 2.857418, 0.0 ], [ 101.735548, 2.857633, 0.0 ], [ 101.735557, 2.857664, 0.0 ], [ 101.735298, 2.857838, 0.0 ], [ 101.735185, 2.857915, 0.0 ], [ 101.734806, 2.858015, 0.0 ], [ 101.734521, 2.858091, 0.0 ], [ 101.734419, 2.858118, 0.0 ], [ 101.734368, 2.858386, 0.0 ], [ 101.734369, 2.858398, 0.0 ], [ 101.734402, 2.859055, 0.0 ], [ 101.734411, 2.859229, 0.0 ], [ 101.734542, 2.860059, 0.0 ], [ 101.734553, 2.860177, 0.0 ], [ 101.734554, 2.860189, 0.0 ], [ 101.734626, 2.861008, 0.0 ], [ 101.734656, 2.861351, 0.0 ], [ 101.73462, 2.861433, 0.0 ], [ 101.734493, 2.861643, 0.0 ], [ 101.734415, 2.861772, 0.0 ], [ 101.734412, 2.861777, 0.0 ], [ 101.734381, 2.861809, 0.0 ], [ 101.734238, 2.86196, 0.0 ], [ 101.733892, 2.862323, 0.0 ], [ 101.733801, 2.862418, 0.0 ], [ 101.733752, 2.86257, 0.0 ], [ 101.733568, 2.863146, 0.0 ], [ 101.733437, 2.863729, 0.0 ], [ 101.733262, 2.864719, 0.0 ], [ 101.733058, 2.865214, 0.0 ], [ 101.732869, 2.865447, 0.0 ], [ 101.732024, 2.865898, 0.0 ], [ 101.731558, 2.866467, 0.0 ], [ 101.731121, 2.867181, 0.0 ], [ 101.73083, 2.867646, 0.0 ], [ 101.730584, 2.868258, 0.0 ], [ 101.730584, 2.868283, 0.0 ], [ 101.730598, 2.868768, 0.0 ], [ 101.730758, 2.869102, 0.0 ], [ 101.731122, 2.869466, 0.0 ], [ 101.731516, 2.869729, 0.0 ], [ 101.731719, 2.869947, 0.0 ], [ 101.731574, 2.870268, 0.0 ], [ 101.731392, 2.870579, 0.0 ], [ 101.731356, 2.870619, 0.0 ], [ 101.731313, 2.870663, 0.0 ], [ 101.731284, 2.870707, 0.0 ], [ 101.731255, 2.870736, 0.0 ], [ 101.73124, 2.87078, 0.0 ], [ 101.731211, 2.870823, 0.0 ], [ 101.731168, 2.87091, 0.0 ], [ 101.731139, 2.870954, 0.0 ], [ 101.731125, 2.870998, 0.0 ], [ 101.731096, 2.871041, 0.0 ], [ 101.731081, 2.871085, 0.0 ], [ 101.731067, 2.871143, 0.0 ], [ 101.731052, 2.871187, 0.0 ], [ 101.731038, 2.871231, 0.0 ], [ 101.731023, 2.871289, 0.0 ], [ 101.731009, 2.871333, 0.0 ], [ 101.731009, 2.871391, 0.0 ], [ 101.730994, 2.871434, 0.0 ], [ 101.730994, 2.871478, 0.0 ], [ 101.73098, 2.871536, 0.0 ], [ 101.73098, 2.87158, 0.0 ], [ 101.73098, 2.871624, 0.0 ], [ 101.73098, 2.871625, 0.0 ], [ 101.731104, 2.871583, 0.0 ], [ 101.731166, 2.871578, 0.0 ], [ 101.731167, 2.871577, 0.0 ], [ 101.731261, 2.871558, 0.0 ], [ 101.731341, 2.871547, 0.0 ], [ 101.731428, 2.871535, 0.0 ], [ 101.731518, 2.871523, 0.0 ], [ 101.731609, 2.87151, 0.0 ], [ 101.73161, 2.871509, 0.0 ], [ 101.731903, 2.871473, 0.0 ], [ 101.732057, 2.871454, 0.0 ], [ 101.732344, 2.871419, 0.0 ], [ 101.732503, 2.871402, 0.0 ], [ 101.732599, 2.871379, 0.0 ], [ 101.732849, 2.871127, 0.0 ], [ 101.733824, 2.87102, 0.0 ], [ 101.733809, 2.870947, 0.0 ], [ 101.733587, 2.86971, 0.0 ], [ 101.733535, 2.869421, 0.0 ], [ 101.73349, 2.869172, 0.0 ], [ 101.733423, 2.868793, 0.0 ], [ 101.7334, 2.868669, 0.0 ], [ 101.733379, 2.868624, 0.0 ], [ 101.736115, 2.869303, 0.0 ], [ 101.737012, 2.86946, 0.0 ], [ 101.737103, 2.869471, 0.0 ], [ 101.737067, 2.869556, 0.0 ], [ 101.736785, 2.871353, 0.0 ], [ 101.736495, 2.873203, 0.0 ], [ 101.736498, 2.873209, 0.0 ], [ 101.736165, 2.874241, 0.0 ], [ 101.736704, 2.875642, 0.0 ], [ 101.736084, 2.876564, 0.0 ], [ 101.736315, 2.878338, 0.0 ], [ 101.736504, 2.879793, 0.0 ], [ 101.736624, 2.880468, 0.0 ], [ 101.736782, 2.880468, 0.0 ], [ 101.737146, 2.882182, 0.0 ], [ 101.737561, 2.884128, 0.0 ], [ 101.73789, 2.885665, 0.0 ], [ 101.738339, 2.885794, 0.0 ], [ 101.73853, 2.88686, 0.0 ], [ 101.736674, 2.888408, 0.0 ], [ 101.737579, 2.888831, 0.0 ], [ 101.737572, 2.888839, 0.0 ], [ 101.737557, 2.888848, 0.0 ], [ 101.737201, 2.889057, 0.0 ], [ 101.736968, 2.889412, 0.0 ], [ 101.736936, 2.889474, 0.0 ], [ 101.736765, 2.889815, 0.0 ], [ 101.736305, 2.890991, 0.0 ], [ 101.736176, 2.891161, 0.0 ], [ 101.736097, 2.891146, 0.0 ], [ 101.733713, 2.890706, 0.0 ], [ 101.733383, 2.89188, 0.0 ], [ 101.732879, 2.892711, 0.0 ], [ 101.730768, 2.894326, 0.0 ], [ 101.728633, 2.895574, 0.0 ], [ 101.727944, 2.896289, 0.0 ], [ 101.727928, 2.896444, 0.0 ], [ 101.727853, 2.897166, 0.0 ], [ 101.727807, 2.897604, 0.0 ], [ 101.727734, 2.897684, 0.0 ], [ 101.723723, 2.897288, 0.0 ], [ 101.723533, 2.89942, 0.0 ], [ 101.722744, 2.900391, 0.0 ], [ 101.723085, 2.900992, 0.0 ], [ 101.724485, 2.901257, 0.0 ], [ 101.725432, 2.902033, 0.0 ], [ 101.726979, 2.903331, 0.0 ], [ 101.727987, 2.904169, 0.0 ], [ 101.726321, 2.905898, 0.0 ], [ 101.72633, 2.905935, 0.0 ], [ 101.726237, 2.90586, 0.0 ], [ 101.726199, 2.90583, 0.0 ], [ 101.723603, 2.905447, 0.0 ], [ 101.722895, 2.904984, 0.0 ], [ 101.721685, 2.904191, 0.0 ], [ 101.720639, 2.903507, 0.0 ], [ 101.719781, 2.90296, 0.0 ], [ 101.719101, 2.902569, 0.0 ], [ 101.719091, 2.902582, 0.0 ], [ 101.718447, 2.903459, 0.0 ], [ 101.71821, 2.904764, 0.0 ], [ 101.718338, 2.906628, 0.0 ], [ 101.718318, 2.907774, 0.0 ] ] ] } },
{ "type": "Feature", "properties": { "Name": "113/55/13  SUNGAI BUAH", "description": "1135513    <br>       <br>   KODDMA   1135513    <br>   LUAS   17133041.9301    <br>   JOBID       <br>   NAMADMA   SUNGAI BUAH    <br>   Status   1    <br>   JUMLAH_PEM   882    <br>   SHAPE_Leng   20061.343931", "timestamp": null, "begin": null, "end": null, "altitudeMode": null, "tessellate": -1, "extrude": 0, "visibility": -1, "drawOrder": null, "icon": null }, "geometry": { "type": "Polygon", "coordinates": [ [ [ 101.78879, 2.871774, 0.0 ], [ 101.788691, 2.871987, 0.0 ], [ 101.787142, 2.874029, 0.0 ], [ 101.78697, 2.874288, 0.0 ], [ 101.784951, 2.876745, 0.0 ], [ 101.783869, 2.877472, 0.0 ], [ 101.783549, 2.877688, 0.0 ], [ 101.781403, 2.87913, 0.0 ], [ 101.77946, 2.880035, 0.0 ], [ 101.774876, 2.882586, 0.0 ], [ 101.772743, 2.883499, 0.0 ], [ 101.771334, 2.884231, 0.0 ], [ 101.770761, 2.884528, 0.0 ], [ 101.769679, 2.885276, 0.0 ], [ 101.768441, 2.886824, 0.0 ], [ 101.76723, 2.890064, 0.0 ], [ 101.767197, 2.89039, 0.0 ], [ 101.767197, 2.890391, 0.0 ], [ 101.767195, 2.890409, 0.0 ], [ 101.767138, 2.890979, 0.0 ], [ 101.767078, 2.891576, 0.0 ], [ 101.767035, 2.895666, 0.0 ], [ 101.767011, 2.898122, 0.0 ], [ 101.766835, 2.898141, 0.0 ], [ 101.766763, 2.898148, 0.0 ], [ 101.76602, 2.899366, 0.0 ], [ 101.766016, 2.89942, 0.0 ], [ 101.76602, 2.899444, 0.0 ], [ 101.766099, 2.899463, 0.0 ], [ 101.766143, 2.899478, 0.0 ], [ 101.766369, 2.899557, 0.0 ], [ 101.766802, 2.900062, 0.0 ], [ 101.766858, 2.900117, 0.0 ], [ 101.766981, 2.900238, 0.0 ], [ 101.76698, 2.900278, 0.0 ], [ 101.766979, 2.900375, 0.0 ], [ 101.766975, 2.90058, 0.0 ], [ 101.766972, 2.900786, 0.0 ], [ 101.766952, 2.901969, 0.0 ], [ 101.76668, 2.903481, 0.0 ], [ 101.766554, 2.904182, 0.0 ], [ 101.766548, 2.904219, 0.0 ], [ 101.76632, 2.90475, 0.0 ], [ 101.765856, 2.905834, 0.0 ], [ 101.765596, 2.90644, 0.0 ], [ 101.765162, 2.907061, 0.0 ], [ 101.76441, 2.908138, 0.0 ], [ 101.76421, 2.908425, 0.0 ], [ 101.76367, 2.908893, 0.0 ], [ 101.763383, 2.909142, 0.0 ], [ 101.763218, 2.909285, 0.0 ], [ 101.762936, 2.90953, 0.0 ], [ 101.762659, 2.90977, 0.0 ], [ 101.762291, 2.910089, 0.0 ], [ 101.761417, 2.910847, 0.0 ], [ 101.760499, 2.911586, 0.0 ], [ 101.760471, 2.911609, 0.0 ], [ 101.760091, 2.911915, 0.0 ], [ 101.759128, 2.912692, 0.0 ], [ 101.758881, 2.912971, 0.0 ], [ 101.758637, 2.913245, 0.0 ], [ 101.757882, 2.914098, 0.0 ], [ 101.757483, 2.914853, 0.0 ], [ 101.757043, 2.915686, 0.0 ], [ 101.756941, 2.915879, 0.0 ], [ 101.756823, 2.916388, 0.0 ], [ 101.756462, 2.917952, 0.0 ], [ 101.756444, 2.917938, 0.0 ], [ 101.756371, 2.917881, 0.0 ], [ 101.75487, 2.916708, 0.0 ], [ 101.755078, 2.915696, 0.0 ], [ 101.754333, 2.911891, 0.0 ], [ 101.754051, 2.911366, 0.0 ], [ 101.752446, 2.909699, 0.0 ], [ 101.75065, 2.90891, 0.0 ], [ 101.750258, 2.908195, 0.0 ], [ 101.75041, 2.907965, 0.0 ], [ 101.749471, 2.907122, 0.0 ], [ 101.74935, 2.907014, 0.0 ], [ 101.74891, 2.906788, 0.0 ], [ 101.748695, 2.906608, 0.0 ], [ 101.748071, 2.906274, 0.0 ], [ 101.746877, 2.906019, 0.0 ], [ 101.74671, 2.905978, 0.0 ], [ 101.746166, 2.905842, 0.0 ], [ 101.74519, 2.905556, 0.0 ], [ 101.744629, 2.905476, 0.0 ], [ 101.743818, 2.905271, 0.0 ], [ 101.743804, 2.905261, 0.0 ], [ 101.743083, 2.904754, 0.0 ], [ 101.742657, 2.904271, 0.0 ], [ 101.742321, 2.903908, 0.0 ], [ 101.742308, 2.903891, 0.0 ], [ 101.741943, 2.903436, 0.0 ], [ 101.741127, 2.902825, 0.0 ], [ 101.74036, 2.902187, 0.0 ], [ 101.739026, 2.900945, 0.0 ], [ 101.737967, 2.899958, 0.0 ], [ 101.737226, 2.899264, 0.0 ], [ 101.73606, 2.898173, 0.0 ], [ 101.735298, 2.897459, 0.0 ], [ 101.734734, 2.896715, 0.0 ], [ 101.734357, 2.896217, 0.0 ], [ 101.734038, 2.89512, 0.0 ], [ 101.733908, 2.894675, 0.0 ], [ 101.734908, 2.893126, 0.0 ], [ 101.736176, 2.891161, 0.0 ], [ 101.736305, 2.890991, 0.0 ], [ 101.736765, 2.889815, 0.0 ], [ 101.736936, 2.889474, 0.0 ], [ 101.736968, 2.889412, 0.0 ], [ 101.737201, 2.889057, 0.0 ], [ 101.737557, 2.888848, 0.0 ], [ 101.737572, 2.888839, 0.0 ], [ 101.737579, 2.888831, 0.0 ], [ 101.736674, 2.888408, 0.0 ], [ 101.73853, 2.88686, 0.0 ], [ 101.738339, 2.885794, 0.0 ], [ 101.73789, 2.885665, 0.0 ], [ 101.737561, 2.884128, 0.0 ], [ 101.737146, 2.882182, 0.0 ], [ 101.736782, 2.880468, 0.0 ], [ 101.736624, 2.880468, 0.0 ], [ 101.736504, 2.879793, 0.0 ], [ 101.736315, 2.878338, 0.0 ], [ 101.736084, 2.876564, 0.0 ], [ 101.736704, 2.875642, 0.0 ], [ 101.736165, 2.874241, 0.0 ], [ 101.736498, 2.873209, 0.0 ], [ 101.736495, 2.873203, 0.0 ], [ 101.736785, 2.871353, 0.0 ], [ 101.737067, 2.869556, 0.0 ], [ 101.737103, 2.869471, 0.0 ], [ 101.738553, 2.869654, 0.0 ], [ 101.74023, 2.869804, 0.0 ], [ 101.742305, 2.869964, 0.0 ], [ 101.745115, 2.870125, 0.0 ], [ 101.747427, 2.869975, 0.0 ], [ 101.74818, 2.870004, 0.0 ], [ 101.751116, 2.870403, 0.0 ], [ 101.751236, 2.870408, 0.0 ], [ 101.751265, 2.870468, 0.0 ], [ 101.753719, 2.870379, 0.0 ], [ 101.754497, 2.870376, 0.0 ], [ 101.757573, 2.870251, 0.0 ], [ 101.758574, 2.870255, 0.0 ], [ 101.761934, 2.870163, 0.0 ], [ 101.762715, 2.87012, 0.0 ], [ 101.764539, 2.870054, 0.0 ], [ 101.765971, 2.870002, 0.0 ], [ 101.76632, 2.869987, 0.0 ], [ 101.766945, 2.870043, 0.0 ], [ 101.767337, 2.870033, 0.0 ], [ 101.768701, 2.869999, 0.0 ], [ 101.769854, 2.869966, 0.0 ], [ 101.770769, 2.869938, 0.0 ], [ 101.771129, 2.869918, 0.0 ], [ 101.772666, 2.869879, 0.0 ], [ 101.772764, 2.869875, 0.0 ], [ 101.774073, 2.869831, 0.0 ], [ 101.774076, 2.869831, 0.0 ], [ 101.774506, 2.869817, 0.0 ], [ 101.77532, 2.869789, 0.0 ], [ 101.777285, 2.869723, 0.0 ], [ 101.779083, 2.869663, 0.0 ], [ 101.779687, 2.869642, 0.0 ], [ 101.781483, 2.86958, 0.0 ], [ 101.782687, 2.869542, 0.0 ], [ 101.783184, 2.869526, 0.0 ], [ 101.783766, 2.869507, 0.0 ], [ 101.785575, 2.869443, 0.0 ], [ 101.785665, 2.869445, 0.0 ], [ 101.785968, 2.869437, 0.0 ], [ 101.786352, 2.869426, 0.0 ], [ 101.788957, 2.869351, 0.0 ], [ 101.789244, 2.869341, 0.0 ], [ 101.789674, 2.869408, 0.0 ], [ 101.78879, 2.871774, 0.0 ] ] ] } },
{ "type": "Feature", "properties": { "Name": "113/55/14  RTB DATOK HARUN", "description": "1135514    <br>       <br>   KODDMA   1135514    <br>   LUAS   8389808.32128    <br>   JOBID       <br>   NAMADMA   RTB DATOK HARUN    <br>   Status   1    <br>   JUMLAH_PEM   621    <br>   SHAPE_Leng   11812.418032", "timestamp": null, "begin": null, "end": null, "altitudeMode": null, "tessellate": -1, "extrude": 0, "visibility": -1, "drawOrder": null, "icon": null }, "geometry": { "type": "Polygon", "coordinates": [ [ [ 101.670976, 2.82338, 0.0 ], [ 101.670258, 2.823609, 0.0 ], [ 101.667818, 2.82369, 0.0 ], [ 101.667129, 2.823631, 0.0 ], [ 101.665661, 2.823462, 0.0 ], [ 101.664914, 2.823131, 0.0 ], [ 101.66429, 2.823025, 0.0 ], [ 101.664027, 2.822769, 0.0 ], [ 101.663373, 2.822517, 0.0 ], [ 101.661884, 2.82254, 0.0 ], [ 101.660601, 2.822693, 0.0 ], [ 101.660172, 2.822623, 0.0 ], [ 101.659203, 2.822008, 0.0 ], [ 101.657434, 2.821219, 0.0 ], [ 101.656255, 2.820891, 0.0 ], [ 101.655056, 2.820773, 0.0 ], [ 101.654371, 2.820503, 0.0 ], [ 101.653689, 2.820104, 0.0 ], [ 101.652279, 2.819943, 0.0 ], [ 101.651399, 2.819687, 0.0 ], [ 101.649245, 2.819127, 0.0 ], [ 101.647351, 2.817947, 0.0 ], [ 101.646289, 2.817205, 0.0 ], [ 101.644885, 2.815572, 0.0 ], [ 101.643872, 2.814548, 0.0 ], [ 101.643288, 2.814154, 0.0 ], [ 101.642478, 2.813521, 0.0 ], [ 101.641707, 2.812958, 0.0 ], [ 101.642168, 2.812381, 0.0 ], [ 101.64658, 2.808653, 0.0 ], [ 101.649696, 2.805914, 0.0 ], [ 101.65111, 2.804723, 0.0 ], [ 101.651007, 2.804585, 0.0 ], [ 101.651041, 2.804556, 0.0 ], [ 101.651072, 2.80453, 0.0 ], [ 101.651136, 2.804476, 0.0 ], [ 101.6512, 2.804419, 0.0 ], [ 101.651267, 2.804362, 0.0 ], [ 101.651332, 2.804304, 0.0 ], [ 101.651382, 2.804262, 0.0 ], [ 101.651398, 2.804248, 0.0 ], [ 101.651465, 2.80419, 0.0 ], [ 101.651534, 2.804131, 0.0 ], [ 101.651601, 2.804075, 0.0 ], [ 101.65167, 2.804015, 0.0 ], [ 101.651724, 2.803969, 0.0 ], [ 101.651738, 2.803957, 0.0 ], [ 101.651806, 2.803897, 0.0 ], [ 101.651877, 2.803837, 0.0 ], [ 101.651947, 2.803776, 0.0 ], [ 101.652017, 2.803717, 0.0 ], [ 101.652066, 2.803675, 0.0 ], [ 101.652067, 2.803674, 0.0 ], [ 101.652405, 2.803378, 0.0 ], [ 101.652744, 2.803081, 0.0 ], [ 101.653032, 2.802829, 0.0 ], [ 101.653083, 2.802785, 0.0 ], [ 101.653091, 2.802778, 0.0 ], [ 101.653162, 2.802718, 0.0 ], [ 101.653233, 2.802656, 0.0 ], [ 101.653303, 2.802595, 0.0 ], [ 101.653374, 2.802533, 0.0 ], [ 101.653424, 2.80249, 0.0 ], [ 101.653446, 2.802472, 0.0 ], [ 101.653517, 2.802412, 0.0 ], [ 101.653588, 2.80235, 0.0 ], [ 101.653659, 2.80229, 0.0 ], [ 101.65373, 2.80223, 0.0 ], [ 101.653768, 2.802198, 0.0 ], [ 101.653801, 2.802168, 0.0 ], [ 101.653874, 2.802107, 0.0 ], [ 101.653948, 2.802043, 0.0 ], [ 101.654024, 2.801978, 0.0 ], [ 101.654102, 2.801912, 0.0 ], [ 101.65411, 2.801905, 0.0 ], [ 101.654181, 2.801844, 0.0 ], [ 101.654261, 2.801777, 0.0 ], [ 101.654342, 2.801707, 0.0 ], [ 101.654425, 2.801637, 0.0 ], [ 101.654453, 2.801613, 0.0 ], [ 101.654507, 2.801566, 0.0 ], [ 101.654589, 2.801495, 0.0 ], [ 101.654671, 2.801423, 0.0 ], [ 101.654795, 2.801319, 0.0 ], [ 101.655083, 2.80108, 0.0 ], [ 101.655117, 2.801046, 0.0 ], [ 101.655139, 2.801028, 0.0 ], [ 101.655153, 2.801015, 0.0 ], [ 101.655194, 2.800979, 0.0 ], [ 101.655243, 2.800937, 0.0 ], [ 101.655296, 2.800891, 0.0 ], [ 101.655349, 2.800846, 0.0 ], [ 101.655405, 2.800799, 0.0 ], [ 101.655465, 2.800748, 0.0 ], [ 101.65548, 2.800734, 0.0 ], [ 101.655528, 2.800693, 0.0 ], [ 101.655595, 2.800636, 0.0 ], [ 101.655665, 2.800577, 0.0 ], [ 101.655738, 2.800515, 0.0 ], [ 101.65581, 2.800455, 0.0 ], [ 101.655824, 2.800443, 0.0 ], [ 101.65588, 2.800396, 0.0 ], [ 101.65595, 2.800336, 0.0 ], [ 101.656021, 2.800275, 0.0 ], [ 101.656092, 2.800214, 0.0 ], [ 101.656164, 2.800152, 0.0 ], [ 101.656166, 2.80015, 0.0 ], [ 101.656235, 2.800091, 0.0 ], [ 101.656305, 2.800031, 0.0 ], [ 101.656372, 2.799973, 0.0 ], [ 101.656438, 2.799917, 0.0 ], [ 101.656503, 2.799861, 0.0 ], [ 101.656509, 2.799857, 0.0 ], [ 101.656566, 2.799807, 0.0 ], [ 101.656627, 2.799754, 0.0 ], [ 101.656687, 2.799702, 0.0 ], [ 101.656747, 2.799651, 0.0 ], [ 101.656805, 2.799601, 0.0 ], [ 101.65685, 2.799561, 0.0 ], [ 101.656861, 2.799552, 0.0 ], [ 101.656917, 2.799503, 0.0 ], [ 101.656973, 2.799458, 0.0 ], [ 101.657225, 2.799244, 0.0 ], [ 101.657351, 2.799137, 0.0 ], [ 101.657537, 2.79898, 0.0 ], [ 101.657602, 2.798925, 0.0 ], [ 101.657666, 2.798869, 0.0 ], [ 101.657726, 2.798816, 0.0 ], [ 101.657792, 2.798759, 0.0 ], [ 101.657862, 2.798698, 0.0 ], [ 101.657878, 2.798684, 0.0 ], [ 101.657936, 2.798635, 0.0 ], [ 101.658012, 2.798569, 0.0 ], [ 101.65809, 2.798501, 0.0 ], [ 101.658168, 2.798433, 0.0 ], [ 101.658218, 2.798389, 0.0 ], [ 101.658248, 2.798364, 0.0 ], [ 101.658328, 2.798293, 0.0 ], [ 101.658409, 2.798225, 0.0 ], [ 101.658488, 2.798157, 0.0 ], [ 101.65856, 2.798094, 0.0 ], [ 101.658567, 2.798088, 0.0 ], [ 101.658647, 2.79802, 0.0 ], [ 101.658726, 2.797952, 0.0 ], [ 101.658804, 2.797884, 0.0 ], [ 101.658882, 2.797816, 0.0 ], [ 101.658901, 2.7978, 0.0 ], [ 101.658961, 2.797748, 0.0 ], [ 101.65904, 2.797681, 0.0 ], [ 101.659118, 2.797615, 0.0 ], [ 101.659195, 2.797548, 0.0 ], [ 101.659243, 2.797507, 0.0 ], [ 101.659273, 2.797481, 0.0 ], [ 101.65935, 2.797415, 0.0 ], [ 101.659428, 2.797349, 0.0 ], [ 101.659505, 2.797283, 0.0 ], [ 101.659581, 2.797218, 0.0 ], [ 101.659585, 2.797214, 0.0 ], [ 101.659657, 2.797153, 0.0 ], [ 101.659732, 2.797088, 0.0 ], [ 101.659806, 2.797025, 0.0 ], [ 101.659878, 2.796962, 0.0 ], [ 101.659926, 2.79692, 0.0 ], [ 101.659947, 2.796901, 0.0 ], [ 101.660013, 2.796844, 0.0 ], [ 101.660075, 2.796791, 0.0 ], [ 101.660134, 2.796743, 0.0 ], [ 101.660189, 2.796701, 0.0 ], [ 101.660274, 2.796636, 0.0 ], [ 101.660275, 2.796635, 0.0 ], [ 101.660615, 2.796338, 0.0 ], [ 101.660768, 2.796204, 0.0 ], [ 101.660813, 2.796164, 0.0 ], [ 101.66086, 2.796122, 0.0 ], [ 101.660907, 2.796081, 0.0 ], [ 101.660953, 2.796041, 0.0 ], [ 101.660955, 2.796039, 0.0 ], [ 101.661007, 2.795993, 0.0 ], [ 101.661063, 2.795947, 0.0 ], [ 101.661121, 2.795896, 0.0 ], [ 101.661185, 2.79584, 0.0 ], [ 101.661256, 2.795778, 0.0 ], [ 101.661293, 2.795746, 0.0 ], [ 101.661333, 2.795711, 0.0 ], [ 101.661416, 2.795639, 0.0 ], [ 101.661505, 2.795563, 0.0 ], [ 101.6616, 2.795482, 0.0 ], [ 101.661635, 2.795452, 0.0 ], [ 101.661698, 2.795397, 0.0 ], [ 101.661798, 2.79531, 0.0 ], [ 101.661898, 2.795224, 0.0 ], [ 101.661977, 2.795157, 0.0 ], [ 101.662, 2.795138, 0.0 ], [ 101.662103, 2.795049, 0.0 ], [ 101.662207, 2.794959, 0.0 ], [ 101.662311, 2.794868, 0.0 ], [ 101.662318, 2.794864, 0.0 ], [ 101.662417, 2.794778, 0.0 ], [ 101.662524, 2.794688, 0.0 ], [ 101.662631, 2.794596, 0.0 ], [ 101.662661, 2.794571, 0.0 ], [ 101.66274, 2.794502, 0.0 ], [ 101.66285, 2.794407, 0.0 ], [ 101.662961, 2.794311, 0.0 ], [ 101.663001, 2.794276, 0.0 ], [ 101.663074, 2.794214, 0.0 ], [ 101.663188, 2.794115, 0.0 ], [ 101.663302, 2.794016, 0.0 ], [ 101.663342, 2.793981, 0.0 ], [ 101.663418, 2.793915, 0.0 ], [ 101.663536, 2.793815, 0.0 ], [ 101.663654, 2.793715, 0.0 ], [ 101.663685, 2.793688, 0.0 ], [ 101.663772, 2.793614, 0.0 ], [ 101.663891, 2.793512, 0.0 ], [ 101.664009, 2.79341, 0.0 ], [ 101.664026, 2.793394, 0.0 ], [ 101.664127, 2.793306, 0.0 ], [ 101.664247, 2.793203, 0.0 ], [ 101.664367, 2.793101, 0.0 ], [ 101.664368, 2.7931, 0.0 ], [ 101.664453, 2.793028, 0.0 ], [ 101.664487, 2.792999, 0.0 ], [ 101.664519, 2.792972, 0.0 ], [ 101.664519, 2.792971, 0.0 ], [ 101.667791, 2.796854, 0.0 ], [ 101.669447, 2.798819, 0.0 ], [ 101.669509, 2.798889, 0.0 ], [ 101.669514, 2.799067, 0.0 ], [ 101.670127, 2.799804, 0.0 ], [ 101.670706, 2.800497, 0.0 ], [ 101.670704, 2.800499, 0.0 ], [ 101.670819, 2.800636, 0.0 ], [ 101.671377, 2.800793, 0.0 ], [ 101.673733, 2.803578, 0.0 ], [ 101.682875, 2.814389, 0.0 ], [ 101.682691, 2.814611, 0.0 ], [ 101.681098, 2.815899, 0.0 ], [ 101.676929, 2.818747, 0.0 ], [ 101.674482, 2.821599, 0.0 ], [ 101.673562, 2.822289, 0.0 ], [ 101.670976, 2.82338, 0.0 ] ] ] } },
{ "type": "Feature", "properties": { "Name": "113/55/15  LADANG AMPAR TENANG", "description": "1135515    <br>       <br>   KODDMA   1135515    <br>   LUAS   5175014.9521    <br>   JOBID       <br>   NAMADMA   LADANG AMPAR TENANG    <br>   Status   1    <br>   JUMLAH_PEM   1245    <br>   SHAPE_Leng   10966.467442", "timestamp": null, "begin": null, "end": null, "altitudeMode": null, "tessellate": -1, "extrude": 0, "visibility": -1, "drawOrder": null, "icon": null }, "geometry": { "type": "Polygon", "coordinates": [ [ [ 101.698113, 2.86164, 0.0 ], [ 101.698331, 2.862949, 0.0 ], [ 101.698414, 2.863519, 0.0 ], [ 101.696575, 2.863561, 0.0 ], [ 101.695225, 2.86362, 0.0 ], [ 101.692504, 2.863721, 0.0 ], [ 101.692287, 2.863781, 0.0 ], [ 101.692267, 2.86378, 0.0 ], [ 101.692269, 2.863736, 0.0 ], [ 101.692086, 2.863291, 0.0 ], [ 101.691704, 2.862361, 0.0 ], [ 101.691497, 2.861858, 0.0 ], [ 101.691476, 2.861839, 0.0 ], [ 101.690783, 2.861187, 0.0 ], [ 101.689909, 2.860227, 0.0 ], [ 101.689777, 2.860046, 0.0 ], [ 101.69001, 2.859915, 0.0 ], [ 101.691844, 2.859117, 0.0 ], [ 101.691849, 2.859115, 0.0 ], [ 101.692184, 2.858551, 0.0 ], [ 101.692601, 2.858363, 0.0 ], [ 101.693817, 2.857814, 0.0 ], [ 101.693964, 2.857748, 0.0 ], [ 101.694417, 2.857544, 0.0 ], [ 101.694867, 2.857353, 0.0 ], [ 101.695277, 2.852536, 0.0 ], [ 101.695682, 2.85161, 0.0 ], [ 101.695302, 2.850924, 0.0 ], [ 101.695858, 2.85027, 0.0 ], [ 101.696233, 2.849851, 0.0 ], [ 101.696484, 2.847708, 0.0 ], [ 101.696759, 2.845519, 0.0 ], [ 101.697091, 2.842858, 0.0 ], [ 101.697216, 2.841827, 0.0 ], [ 101.697069, 2.841285, 0.0 ], [ 101.697787, 2.841151, 0.0 ], [ 101.700964, 2.841077, 0.0 ], [ 101.7042, 2.84134, 0.0 ], [ 101.706406, 2.841995, 0.0 ], [ 101.709134, 2.842783, 0.0 ], [ 101.710498, 2.84325, 0.0 ], [ 101.712181, 2.844168, 0.0 ], [ 101.715755, 2.845865, 0.0 ], [ 101.719229, 2.848046, 0.0 ], [ 101.721581, 2.849573, 0.0 ], [ 101.722372, 2.85015, 0.0 ], [ 101.722362, 2.855027, 0.0 ], [ 101.722357, 2.855028, 0.0 ], [ 101.721854, 2.855031, 0.0 ], [ 101.721744, 2.855032, 0.0 ], [ 101.721492, 2.855029, 0.0 ], [ 101.72073, 2.85502, 0.0 ], [ 101.720575, 2.855018, 0.0 ], [ 101.719929, 2.855009, 0.0 ], [ 101.719609, 2.855006, 0.0 ], [ 101.717439, 2.854922, 0.0 ], [ 101.716806, 2.85489, 0.0 ], [ 101.716535, 2.854877, 0.0 ], [ 101.715366, 2.854822, 0.0 ], [ 101.715268, 2.854817, 0.0 ], [ 101.713673, 2.854728, 0.0 ], [ 101.712389, 2.854679, 0.0 ], [ 101.712298, 2.854676, 0.0 ], [ 101.710966, 2.854625, 0.0 ], [ 101.710779, 2.854619, 0.0 ], [ 101.71077, 2.855257, 0.0 ], [ 101.710758, 2.856038, 0.0 ], [ 101.710752, 2.856466, 0.0 ], [ 101.71075, 2.856789, 0.0 ], [ 101.710743, 2.857881, 0.0 ], [ 101.710734, 2.859154, 0.0 ], [ 101.710854, 2.860166, 0.0 ], [ 101.710997, 2.861373, 0.0 ], [ 101.708276, 2.861461, 0.0 ], [ 101.70555, 2.86155, 0.0 ], [ 101.705511, 2.861552, 0.0 ], [ 101.70345, 2.861622, 0.0 ], [ 101.700996, 2.861608, 0.0 ], [ 101.700044, 2.861602, 0.0 ], [ 101.698218, 2.861593, 0.0 ], [ 101.698113, 2.86164, 0.0 ] ] ] } },
{ "type": "Feature", "properties": { "Name": "113/55/17  BANDAR PUTRA PERDANA", "description": "1135517    <br>       <br>   KODDMA   1135517    <br>   LUAS   6967289.19711    <br>   JOBID       <br>   NAMADMA   BANDAR PUTRA PERDANA    <br>   Status   1    <br>   JUMLAH_PEM   3592    <br>   SHAPE_Leng   11761.791187", "timestamp": null, "begin": null, "end": null, "altitudeMode": null, "tessellate": -1, "extrude": 0, "visibility": -1, "drawOrder": null, "icon": null }, "geometry": { "type": "Polygon", "coordinates": [ [ [ 101.624362, 2.935749, 0.0 ], [ 101.624135, 2.936295, 0.0 ], [ 101.624131, 2.936305, 0.0 ], [ 101.623529, 2.937757, 0.0 ], [ 101.623492, 2.937848, 0.0 ], [ 101.623475, 2.939189, 0.0 ], [ 101.623474, 2.940188, 0.0 ], [ 101.623476, 2.941261, 0.0 ], [ 101.623484, 2.942342, 0.0 ], [ 101.623479, 2.943232, 0.0 ], [ 101.623398, 2.943436, 0.0 ], [ 101.623478, 2.943436, 0.0 ], [ 101.623477, 2.943772, 0.0 ], [ 101.623472, 2.945183, 0.0 ], [ 101.622628, 2.945187, 0.0 ], [ 101.622235, 2.945189, 0.0 ], [ 101.621746, 2.945192, 0.0 ], [ 101.620168, 2.945194, 0.0 ], [ 101.620174, 2.946104, 0.0 ], [ 101.620174, 2.94633, 0.0 ], [ 101.620177, 2.947367, 0.0 ], [ 101.62018, 2.948142, 0.0 ], [ 101.619092, 2.948145, 0.0 ], [ 101.617133, 2.948151, 0.0 ], [ 101.616952, 2.948152, 0.0 ], [ 101.615307, 2.948158, 0.0 ], [ 101.613895, 2.948164, 0.0 ], [ 101.613477, 2.948165, 0.0 ], [ 101.611652, 2.948174, 0.0 ], [ 101.610704, 2.948178, 0.0 ], [ 101.609825, 2.948182, 0.0 ], [ 101.607998, 2.94819, 0.0 ], [ 101.60617, 2.948199, 0.0 ], [ 101.605408, 2.948204, 0.0 ], [ 101.604341, 2.948209, 0.0 ], [ 101.602513, 2.948219, 0.0 ], [ 101.602456, 2.948219, 0.0 ], [ 101.600832, 2.948225, 0.0 ], [ 101.600914, 2.949987, 0.0 ], [ 101.60092, 2.951849, 0.0 ], [ 101.600917, 2.953702, 0.0 ], [ 101.600913, 2.954516, 0.0 ], [ 101.599395, 2.954394, 0.0 ], [ 101.599323, 2.954388, 0.0 ], [ 101.599161, 2.954375, 0.0 ], [ 101.597503, 2.954242, 0.0 ], [ 101.597502, 2.952374, 0.0 ], [ 101.597502, 2.950549, 0.0 ], [ 101.597501, 2.948753, 0.0 ], [ 101.5975, 2.94691, 0.0 ], [ 101.5975, 2.945281, 0.0 ], [ 101.597499, 2.943756, 0.0 ], [ 101.597498, 2.942032, 0.0 ], [ 101.597498, 2.94197, 0.0 ], [ 101.597497, 2.941066, 0.0 ], [ 101.597497, 2.940284, 0.0 ], [ 101.597495, 2.93861, 0.0 ], [ 101.597484, 2.937382, 0.0 ], [ 101.597481, 2.937115, 0.0 ], [ 101.598406, 2.93535, 0.0 ], [ 101.599127, 2.933966, 0.0 ], [ 101.599435, 2.93413, 0.0 ], [ 101.600401, 2.932308, 0.0 ], [ 101.601006, 2.931151, 0.0 ], [ 101.601032, 2.931101, 0.0 ], [ 101.600756, 2.930958, 0.0 ], [ 101.600709, 2.930934, 0.0 ], [ 101.600902, 2.930564, 0.0 ], [ 101.601701, 2.929036, 0.0 ], [ 101.602113, 2.928246, 0.0 ], [ 101.602697, 2.927129, 0.0 ], [ 101.603848, 2.924676, 0.0 ], [ 101.604633, 2.923062, 0.0 ], [ 101.604758, 2.923101, 0.0 ], [ 101.61338, 2.925775, 0.0 ], [ 101.614787, 2.926218, 0.0 ], [ 101.618947, 2.927383, 0.0 ], [ 101.619922, 2.92776, 0.0 ], [ 101.622073, 2.928574, 0.0 ], [ 101.62365, 2.929443, 0.0 ], [ 101.624853, 2.930716, 0.0 ], [ 101.625814, 2.932453, 0.0 ], [ 101.625569, 2.932727, 0.0 ], [ 101.625555, 2.93276, 0.0 ], [ 101.62556, 2.932801, 0.0 ], [ 101.625312, 2.9334, 0.0 ], [ 101.624362, 2.935749, 0.0 ] ] ] } },
{ "type": "Feature", "properties": { "Name": "113/55/18  TAMAN PERMATA DENGKIL", "description": "1135518    <br>       <br>   KODDMA   1135518    <br>   LUAS   839392.427218    <br>   JOBID       <br>   NAMADMA   TAMAN PERMATA DENGKIL    <br>   Status   1    <br>   JUMLAH_PEM   1600    <br>   SHAPE_Leng   8028.031007", "timestamp": null, "begin": null, "end": null, "altitudeMode": null, "tessellate": -1, "extrude": 0, "visibility": -1, "drawOrder": null, "icon": null }, "geometry": { "type": "Polygon", "coordinates": [ [ [ 101.686309, 2.882542, 0.0 ], [ 101.687399, 2.884261, 0.0 ], [ 101.686985, 2.884598, 0.0 ], [ 101.686891, 2.884649, 0.0 ], [ 101.685366, 2.884723, 0.0 ], [ 101.685229, 2.88473, 0.0 ], [ 101.685136, 2.883872, 0.0 ], [ 101.685059, 2.883296, 0.0 ], [ 101.684949, 2.882644, 0.0 ], [ 101.684942, 2.882604, 0.0 ], [ 101.684795, 2.881728, 0.0 ], [ 101.68407, 2.881507, 0.0 ], [ 101.683504, 2.881781, 0.0 ], [ 101.683157, 2.881866, 0.0 ], [ 101.682539, 2.88187, 0.0 ], [ 101.68169, 2.881598, 0.0 ], [ 101.681197, 2.881604, 0.0 ], [ 101.680641, 2.881592, 0.0 ], [ 101.680633, 2.881094, 0.0 ], [ 101.680719, 2.880032, 0.0 ], [ 101.679509, 2.880063, 0.0 ], [ 101.679522, 2.879641, 0.0 ], [ 101.679496, 2.879627, 0.0 ], [ 101.678475, 2.879074, 0.0 ], [ 101.677553, 2.87998, 0.0 ], [ 101.677311, 2.880218, 0.0 ], [ 101.676891, 2.88063, 0.0 ], [ 101.676754, 2.880765, 0.0 ], [ 101.676553, 2.880963, 0.0 ], [ 101.676336, 2.88101, 0.0 ], [ 101.67932, 2.8724, 0.0 ], [ 101.680723, 2.868228, 0.0 ], [ 101.680913, 2.867665, 0.0 ], [ 101.681399, 2.866002, 0.0 ], [ 101.681753, 2.865241, 0.0 ], [ 101.681627, 2.865169, 0.0 ], [ 101.681006, 2.864721, 0.0 ], [ 101.680933, 2.864667, 0.0 ], [ 101.679049, 2.863167, 0.0 ], [ 101.67902, 2.863142, 0.0 ], [ 101.679454, 2.862558, 0.0 ], [ 101.679937, 2.862926, 0.0 ], [ 101.682209, 2.860399, 0.0 ], [ 101.68279, 2.860901, 0.0 ], [ 101.683206, 2.860487, 0.0 ], [ 101.68336, 2.86031, 0.0 ], [ 101.683472, 2.860182, 0.0 ], [ 101.683567, 2.860072, 0.0 ], [ 101.683974, 2.860416, 0.0 ], [ 101.683907, 2.860565, 0.0 ], [ 101.683846, 2.8607, 0.0 ], [ 101.683766, 2.860877, 0.0 ], [ 101.683928, 2.86128, 0.0 ], [ 101.684496, 2.861551, 0.0 ], [ 101.684706, 2.861876, 0.0 ], [ 101.684739, 2.862189, 0.0 ], [ 101.68446, 2.862591, 0.0 ], [ 101.684304, 2.862836, 0.0 ], [ 101.684536, 2.863463, 0.0 ], [ 101.684613, 2.863675, 0.0 ], [ 101.684056, 2.864222, 0.0 ], [ 101.684011, 2.864501, 0.0 ], [ 101.683986, 2.865797, 0.0 ], [ 101.682973, 2.86641, 0.0 ], [ 101.68247, 2.867649, 0.0 ], [ 101.682169, 2.868006, 0.0 ], [ 101.681678, 2.868765, 0.0 ], [ 101.681588, 2.869279, 0.0 ], [ 101.681731, 2.86976, 0.0 ], [ 101.68154, 2.870508, 0.0 ], [ 101.680883, 2.871255, 0.0 ], [ 101.681081, 2.87187, 0.0 ], [ 101.680913, 2.872775, 0.0 ], [ 101.681122, 2.873413, 0.0 ], [ 101.680943, 2.873904, 0.0 ], [ 101.681539, 2.875783, 0.0 ], [ 101.682073, 2.87755, 0.0 ], [ 101.683748, 2.880266, 0.0 ], [ 101.684443, 2.880909, 0.0 ], [ 101.686309, 2.882542, 0.0 ] ] ] } },
{ "type": "Feature", "properties": { "Name": "113/55/19  DESA AIR HITAM", "description": "1135519    <br>       <br>   KODDMA   1135519    <br>   LUAS   5198115.54911    <br>   JOBID       <br>   NAMADMA   DESA AIR HITAM    <br>   Status   1    <br>   JUMLAH_PEM   2026    <br>   SHAPE_Leng   14327.728508", "timestamp": null, "begin": null, "end": null, "altitudeMode": null, "tessellate": -1, "extrude": 0, "visibility": -1, "drawOrder": null, "icon": null }, "geometry": { "type": "Polygon", "coordinates": [ [ [ 101.614604, 2.980231, 0.0 ], [ 101.614662, 2.980305, 0.0 ], [ 101.614629, 2.980305, 0.0 ], [ 101.612866, 2.980322, 0.0 ], [ 101.608586, 2.980363, 0.0 ], [ 101.608585, 2.980363, 0.0 ], [ 101.604339, 2.980115, 0.0 ], [ 101.603795, 2.980112, 0.0 ], [ 101.600821, 2.980095, 0.0 ], [ 101.600406, 2.9802, 0.0 ], [ 101.599772, 2.980199, 0.0 ], [ 101.599734, 2.980199, 0.0 ], [ 101.598409, 2.98019, 0.0 ], [ 101.597865, 2.980187, 0.0 ], [ 101.595972, 2.980175, 0.0 ], [ 101.595496, 2.980172, 0.0 ], [ 101.595053, 2.980105, 0.0 ], [ 101.594951, 2.980033, 0.0 ], [ 101.591523, 2.98009, 0.0 ], [ 101.591338, 2.980093, 0.0 ], [ 101.58711, 2.980073, 0.0 ], [ 101.585363, 2.980007, 0.0 ], [ 101.584365, 2.979966, 0.0 ], [ 101.584293, 2.979966, 0.0 ], [ 101.583741, 2.97973, 0.0 ], [ 101.582859, 2.979353, 0.0 ], [ 101.581572, 2.978803, 0.0 ], [ 101.58133, 2.978747, 0.0 ], [ 101.577068, 2.976852, 0.0 ], [ 101.57819, 2.974533, 0.0 ], [ 101.578201, 2.974509, 0.0 ], [ 101.579212, 2.972402, 0.0 ], [ 101.579213, 2.972403, 0.0 ], [ 101.57942, 2.971966, 0.0 ], [ 101.579906, 2.970949, 0.0 ], [ 101.581522, 2.96763, 0.0 ], [ 101.58183, 2.96796, 0.0 ], [ 101.581876, 2.968009, 0.0 ], [ 101.581988, 2.96813, 0.0 ], [ 101.5821, 2.968251, 0.0 ], [ 101.582213, 2.968371, 0.0 ], [ 101.582325, 2.968492, 0.0 ], [ 101.582438, 2.968613, 0.0 ], [ 101.58255, 2.968734, 0.0 ], [ 101.582663, 2.968854, 0.0 ], [ 101.582775, 2.968975, 0.0 ], [ 101.582887, 2.969096, 0.0 ], [ 101.583, 2.969217, 0.0 ], [ 101.583112, 2.969337, 0.0 ], [ 101.583116, 2.969341, 0.0 ], [ 101.583225, 2.969458, 0.0 ], [ 101.583337, 2.969579, 0.0 ], [ 101.58345, 2.969699, 0.0 ], [ 101.583562, 2.96982, 0.0 ], [ 101.583675, 2.969941, 0.0 ], [ 101.583825, 2.970102, 0.0 ], [ 101.583892, 2.970188, 0.0 ], [ 101.58448, 2.970815, 0.0 ], [ 101.584759, 2.971302, 0.0 ], [ 101.58581, 2.968707, 0.0 ], [ 101.586969, 2.965725, 0.0 ], [ 101.587248, 2.965042, 0.0 ], [ 101.587342, 2.964814, 0.0 ], [ 101.587356, 2.96478, 0.0 ], [ 101.58739, 2.964697, 0.0 ], [ 101.58767, 2.964016, 0.0 ], [ 101.588005, 2.963208, 0.0 ], [ 101.588069, 2.963055, 0.0 ], [ 101.588182, 2.963053, 0.0 ], [ 101.588221, 2.963053, 0.0 ], [ 101.588844, 2.963043, 0.0 ], [ 101.588844, 2.963058, 0.0 ], [ 101.589727, 2.963045, 0.0 ], [ 101.59154, 2.963018, 0.0 ], [ 101.592675, 2.963013, 0.0 ], [ 101.592574, 2.964838, 0.0 ], [ 101.592565, 2.965006, 0.0 ], [ 101.592564, 2.965034, 0.0 ], [ 101.592502, 2.966137, 0.0 ], [ 101.592482, 2.96633, 0.0 ], [ 101.592481, 2.966539, 0.0 ], [ 101.592473, 2.966672, 0.0 ], [ 101.592401, 2.967944, 0.0 ], [ 101.592399, 2.967972, 0.0 ], [ 101.592389, 2.968151, 0.0 ], [ 101.592288, 2.971005, 0.0 ], [ 101.592282, 2.97117, 0.0 ], [ 101.592251, 2.97212, 0.0 ], [ 101.592262, 2.972301, 0.0 ], [ 101.592426, 2.972468, 0.0 ], [ 101.592627, 2.972457, 0.0 ], [ 101.593864, 2.97245, 0.0 ], [ 101.595886, 2.97244, 0.0 ], [ 101.597416, 2.972432, 0.0 ], [ 101.597416, 2.972298, 0.0 ], [ 101.599872, 2.972278, 0.0 ], [ 101.601433, 2.972265, 0.0 ], [ 101.601446, 2.967504, 0.0 ], [ 101.601721, 2.967541, 0.0 ], [ 101.602132, 2.967539, 0.0 ], [ 101.602543, 2.967538, 0.0 ], [ 101.602955, 2.967537, 0.0 ], [ 101.603366, 2.967536, 0.0 ], [ 101.603777, 2.967535, 0.0 ], [ 101.604798, 2.967532, 0.0 ], [ 101.605978, 2.967529, 0.0 ], [ 101.606136, 2.96738, 0.0 ], [ 101.606159, 2.967361, 0.0 ], [ 101.606306, 2.967237, 0.0 ], [ 101.607355, 2.966353, 0.0 ], [ 101.607366, 2.966345, 0.0 ], [ 101.607998, 2.965812, 0.0 ], [ 101.608095, 2.965758, 0.0 ], [ 101.608082, 2.965741, 0.0 ], [ 101.608957, 2.965005, 0.0 ], [ 101.609313, 2.964705, 0.0 ], [ 101.609347, 2.964676, 0.0 ], [ 101.609501, 2.964558, 0.0 ], [ 101.609497, 2.964551, 0.0 ], [ 101.609537, 2.964516, 0.0 ], [ 101.610441, 2.963756, 0.0 ], [ 101.610962, 2.963317, 0.0 ], [ 101.61096, 2.96292, 0.0 ], [ 101.617956, 2.962858, 0.0 ], [ 101.617908, 2.962974, 0.0 ], [ 101.616947, 2.963352, 0.0 ], [ 101.616452, 2.963949, 0.0 ], [ 101.616292, 2.964255, 0.0 ], [ 101.616167, 2.964456, 0.0 ], [ 101.616004, 2.9647, 0.0 ], [ 101.615695, 2.965216, 0.0 ], [ 101.614563, 2.966426, 0.0 ], [ 101.61402, 2.967925, 0.0 ], [ 101.613857, 2.968503, 0.0 ], [ 101.613775, 2.968794, 0.0 ], [ 101.613642, 2.969265, 0.0 ], [ 101.61271, 2.971887, 0.0 ], [ 101.611661, 2.975206, 0.0 ], [ 101.61271, 2.977769, 0.0 ], [ 101.613184, 2.978395, 0.0 ], [ 101.61357, 2.978905, 0.0 ], [ 101.614604, 2.980231, 0.0 ] ] ] } },
{ "type": "Feature", "properties": { "Name": "113/55/20  CYBERJAYA", "description": "1135520    <br>       <br>   KODDMA   1135520    <br>   LUAS   23535977.4162    <br>   JOBID       <br>   NAMADMA   CYBERJAYA    <br>   Status   1    <br>   JUMLAH_PEM   226    <br>   SHAPE_Leng   26705.042191", "timestamp": null, "begin": null, "end": null, "altitudeMode": null, "tessellate": -1, "extrude": 0, "visibility": -1, "drawOrder": null, "icon": null }, "geometry": { "type": "Polygon", "coordinates": [ [ [ 101.66032, 2.930937, 0.0 ], [ 101.659647, 2.931597, 0.0 ], [ 101.659395, 2.93192, 0.0 ], [ 101.659148, 2.932246, 0.0 ], [ 101.658904, 2.932576, 0.0 ], [ 101.658664, 2.932908, 0.0 ], [ 101.658198, 2.933372, 0.0 ], [ 101.656469, 2.937264, 0.0 ], [ 101.654808, 2.940282, 0.0 ], [ 101.652203, 2.942626, 0.0 ], [ 101.651939, 2.942843, 0.0 ], [ 101.650496, 2.944023, 0.0 ], [ 101.649164, 2.944857, 0.0 ], [ 101.648714, 2.945183, 0.0 ], [ 101.648356, 2.945363, 0.0 ], [ 101.64722, 2.946073, 0.0 ], [ 101.64668, 2.946201, 0.0 ], [ 101.644753, 2.946657, 0.0 ], [ 101.64283, 2.947098, 0.0 ], [ 101.64214, 2.947256, 0.0 ], [ 101.641078, 2.947178, 0.0 ], [ 101.641021, 2.947174, 0.0 ], [ 101.641004, 2.947142, 0.0 ], [ 101.640286, 2.94707, 0.0 ], [ 101.639852, 2.947027, 0.0 ], [ 101.636442, 2.946203, 0.0 ], [ 101.632957, 2.944201, 0.0 ], [ 101.629988, 2.942006, 0.0 ], [ 101.628404, 2.940588, 0.0 ], [ 101.628195, 2.940401, 0.0 ], [ 101.626874, 2.93924, 0.0 ], [ 101.626416, 2.938224, 0.0 ], [ 101.626201, 2.936657, 0.0 ], [ 101.625974, 2.933064, 0.0 ], [ 101.625814, 2.932453, 0.0 ], [ 101.624853, 2.930716, 0.0 ], [ 101.62365, 2.929443, 0.0 ], [ 101.622073, 2.928574, 0.0 ], [ 101.619922, 2.92776, 0.0 ], [ 101.618947, 2.927383, 0.0 ], [ 101.614787, 2.926218, 0.0 ], [ 101.61338, 2.925775, 0.0 ], [ 101.604758, 2.923101, 0.0 ], [ 101.604633, 2.923062, 0.0 ], [ 101.604635, 2.923059, 0.0 ], [ 101.604872, 2.92257, 0.0 ], [ 101.605125, 2.922081, 0.0 ], [ 101.605175, 2.922033, 0.0 ], [ 101.605177, 2.92203, 0.0 ], [ 101.605725, 2.920966, 0.0 ], [ 101.609116, 2.914739, 0.0 ], [ 101.610041, 2.913708, 0.0 ], [ 101.610273, 2.912853, 0.0 ], [ 101.610712, 2.911732, 0.0 ], [ 101.61082, 2.911432, 0.0 ], [ 101.61102, 2.911086, 0.0 ], [ 101.611306, 2.910559, 0.0 ], [ 101.611659, 2.909924, 0.0 ], [ 101.612115, 2.90938, 0.0 ], [ 101.612629, 2.908766, 0.0 ], [ 101.612779, 2.908441, 0.0 ], [ 101.612958, 2.90779, 0.0 ], [ 101.615961, 2.90153, 0.0 ], [ 101.616837, 2.899705, 0.0 ], [ 101.618746, 2.895725, 0.0 ], [ 101.618982, 2.895823, 0.0 ], [ 101.623297, 2.89761, 0.0 ], [ 101.624524, 2.894826, 0.0 ], [ 101.627154, 2.894859, 0.0 ], [ 101.629843, 2.894892, 0.0 ], [ 101.629844, 2.894892, 0.0 ], [ 101.629804, 2.895342, 0.0 ], [ 101.629719, 2.89613, 0.0 ], [ 101.629842, 2.897256, 0.0 ], [ 101.630018, 2.897121, 0.0 ], [ 101.630049, 2.897906, 0.0 ], [ 101.630352, 2.898594, 0.0 ], [ 101.631164, 2.899354, 0.0 ], [ 101.632601, 2.899929, 0.0 ], [ 101.632831, 2.900971, 0.0 ], [ 101.632657, 2.901024, 0.0 ], [ 101.631955, 2.900895, 0.0 ], [ 101.631708, 2.900586, 0.0 ], [ 101.631252, 2.900306, 0.0 ], [ 101.630857, 2.900133, 0.0 ], [ 101.630576, 2.900375, 0.0 ], [ 101.63041, 2.900164, 0.0 ], [ 101.630261, 2.899975, 0.0 ], [ 101.629381, 2.899791, 0.0 ], [ 101.628996, 2.900621, 0.0 ], [ 101.628837, 2.900875, 0.0 ], [ 101.628579, 2.901001, 0.0 ], [ 101.628959, 2.901543, 0.0 ], [ 101.629686, 2.902258, 0.0 ], [ 101.630252, 2.902633, 0.0 ], [ 101.630881, 2.902856, 0.0 ], [ 101.631804, 2.903012, 0.0 ], [ 101.631874, 2.903187, 0.0 ], [ 101.632487, 2.903259, 0.0 ], [ 101.632786, 2.903612, 0.0 ], [ 101.633198, 2.90393, 0.0 ], [ 101.633294, 2.904354, 0.0 ], [ 101.633484, 2.904922, 0.0 ], [ 101.633844, 2.906225, 0.0 ], [ 101.634014, 2.906692, 0.0 ], [ 101.634213, 2.907065, 0.0 ], [ 101.634717, 2.907486, 0.0 ], [ 101.635346, 2.907531, 0.0 ], [ 101.635374, 2.90754, 0.0 ], [ 101.635131, 2.910108, 0.0 ], [ 101.634852, 2.912679, 0.0 ], [ 101.634757, 2.913552, 0.0 ], [ 101.634886, 2.913982, 0.0 ], [ 101.63531, 2.915327, 0.0 ], [ 101.635458, 2.915797, 0.0 ], [ 101.637302, 2.915806, 0.0 ], [ 101.638882, 2.915814, 0.0 ], [ 101.638763, 2.916417, 0.0 ], [ 101.638838, 2.916601, 0.0 ], [ 101.63885, 2.916631, 0.0 ], [ 101.639484, 2.917065, 0.0 ], [ 101.63957, 2.917146, 0.0 ], [ 101.639786, 2.917348, 0.0 ], [ 101.64001, 2.917707, 0.0 ], [ 101.64005, 2.91782, 0.0 ], [ 101.642003, 2.917128, 0.0 ], [ 101.642405, 2.916986, 0.0 ], [ 101.642554, 2.916984, 0.0 ], [ 101.643781, 2.916968, 0.0 ], [ 101.645183, 2.91695, 0.0 ], [ 101.645316, 2.916948, 0.0 ], [ 101.647983, 2.917032, 0.0 ], [ 101.648038, 2.916736, 0.0 ], [ 101.648091, 2.916422, 0.0 ], [ 101.648138, 2.916107, 0.0 ], [ 101.64818, 2.91579, 0.0 ], [ 101.648215, 2.915474, 0.0 ], [ 101.648244, 2.915156, 0.0 ], [ 101.648268, 2.914838, 0.0 ], [ 101.647757, 2.914816, 0.0 ], [ 101.647417, 2.91267, 0.0 ], [ 101.646849, 2.912503, 0.0 ], [ 101.647023, 2.910532, 0.0 ], [ 101.647169, 2.909441, 0.0 ], [ 101.647307, 2.908367, 0.0 ], [ 101.647417, 2.907448, 0.0 ], [ 101.64758, 2.906218, 0.0 ], [ 101.647589, 2.906116, 0.0 ], [ 101.64771, 2.904903, 0.0 ], [ 101.647734, 2.904706, 0.0 ], [ 101.647816, 2.904028, 0.0 ], [ 101.64786, 2.903662, 0.0 ], [ 101.648227, 2.903646, 0.0 ], [ 101.648306, 2.903643, 0.0 ], [ 101.648486, 2.903631, 0.0 ], [ 101.651054, 2.903516, 0.0 ], [ 101.653191, 2.903422, 0.0 ], [ 101.655101, 2.903339, 0.0 ], [ 101.657088, 2.903253, 0.0 ], [ 101.659484, 2.903147, 0.0 ], [ 101.659987, 2.903127, 0.0 ], [ 101.660673, 2.903101, 0.0 ], [ 101.661842, 2.903056, 0.0 ], [ 101.661974, 2.903184, 0.0 ], [ 101.662388, 2.90357, 0.0 ], [ 101.663159, 2.90429, 0.0 ], [ 101.663381, 2.905306, 0.0 ], [ 101.663548, 2.906069, 0.0 ], [ 101.663587, 2.906246, 0.0 ], [ 101.663525, 2.906266, 0.0 ], [ 101.663525, 2.906336, 0.0 ], [ 101.663666, 2.907171, 0.0 ], [ 101.663673, 2.907336, 0.0 ], [ 101.663726, 2.907501, 0.0 ], [ 101.663749, 2.907624, 0.0 ], [ 101.663755, 2.907795, 0.0 ], [ 101.663735, 2.908015, 0.0 ], [ 101.663778, 2.90814, 0.0 ], [ 101.663913, 2.908323, 0.0 ], [ 101.663977, 2.908589, 0.0 ], [ 101.664025, 2.908641, 0.0 ], [ 101.664158, 2.908608, 0.0 ], [ 101.6643, 2.908533, 0.0 ], [ 101.664716, 2.908229, 0.0 ], [ 101.664862, 2.908214, 0.0 ], [ 101.665009, 2.908265, 0.0 ], [ 101.665142, 2.908345, 0.0 ], [ 101.665287, 2.908469, 0.0 ], [ 101.665451, 2.908655, 0.0 ], [ 101.665666, 2.909015, 0.0 ], [ 101.666416, 2.90923, 0.0 ], [ 101.666297, 2.909521, 0.0 ], [ 101.666538, 2.909538, 0.0 ], [ 101.66687, 2.90957, 0.0 ], [ 101.667109, 2.909593, 0.0 ], [ 101.668341, 2.90971, 0.0 ], [ 101.668366, 2.909713, 0.0 ], [ 101.668618, 2.909759, 0.0 ], [ 101.668854, 2.909843, 0.0 ], [ 101.669052, 2.909949, 0.0 ], [ 101.66919, 2.910047, 0.0 ], [ 101.669345, 2.910188, 0.0 ], [ 101.669489, 2.910361, 0.0 ], [ 101.669606, 2.910551, 0.0 ], [ 101.669676, 2.910703, 0.0 ], [ 101.669746, 2.910928, 0.0 ], [ 101.669772, 2.911065, 0.0 ], [ 101.669786, 2.911219, 0.0 ], [ 101.669787, 2.911343, 0.0 ], [ 101.669771, 2.911519, 0.0 ], [ 101.669425, 2.913857, 0.0 ], [ 101.669296, 2.914727, 0.0 ], [ 101.66928, 2.914838, 0.0 ], [ 101.669245, 2.915073, 0.0 ], [ 101.669664, 2.915063, 0.0 ], [ 101.669664, 2.915521, 0.0 ], [ 101.669664, 2.915611, 0.0 ], [ 101.670853, 2.915583, 0.0 ], [ 101.671533, 2.915567, 0.0 ], [ 101.671754, 2.915562, 0.0 ], [ 101.671901, 2.915621, 0.0 ], [ 101.67191, 2.916216, 0.0 ], [ 101.671914, 2.916433, 0.0 ], [ 101.671925, 2.91653, 0.0 ], [ 101.671928, 2.916557, 0.0 ], [ 101.671929, 2.916565, 0.0 ], [ 101.671961, 2.91669, 0.0 ], [ 101.671986, 2.916751, 0.0 ], [ 101.672013, 2.916818, 0.0 ], [ 101.67208, 2.916935, 0.0 ], [ 101.672093, 2.916967, 0.0 ], [ 101.672169, 2.917166, 0.0 ], [ 101.672172, 2.917181, 0.0 ], [ 101.672204, 2.917378, 0.0 ], [ 101.672208, 2.917407, 0.0 ], [ 101.6722, 2.91758, 0.0 ], [ 101.672196, 2.917667, 0.0 ], [ 101.672187, 2.917805, 0.0 ], [ 101.672178, 2.917927, 0.0 ], [ 101.672148, 2.918032, 0.0 ], [ 101.672104, 2.918187, 0.0 ], [ 101.672095, 2.918235, 0.0 ], [ 101.67207, 2.918364, 0.0 ], [ 101.672067, 2.918432, 0.0 ], [ 101.67206, 2.918603, 0.0 ], [ 101.672066, 2.918634, 0.0 ], [ 101.672091, 2.918751, 0.0 ], [ 101.672101, 2.918798, 0.0 ], [ 101.672156, 2.918911, 0.0 ], [ 101.672182, 2.918964, 0.0 ], [ 101.672287, 2.919136, 0.0 ], [ 101.672323, 2.9192, 0.0 ], [ 101.672382, 2.919308, 0.0 ], [ 101.672426, 2.91949, 0.0 ], [ 101.672404, 2.919615, 0.0 ], [ 101.672395, 2.919667, 0.0 ], [ 101.67231, 2.919832, 0.0 ], [ 101.672287, 2.919876, 0.0 ], [ 101.672217, 2.92001, 0.0 ], [ 101.67213, 2.920177, 0.0 ], [ 101.672023, 2.92038, 0.0 ], [ 101.671916, 2.920582, 0.0 ], [ 101.671857, 2.920696, 0.0 ], [ 101.671826, 2.920777, 0.0 ], [ 101.671758, 2.920954, 0.0 ], [ 101.671753, 2.920999, 0.0 ], [ 101.671727, 2.921229, 0.0 ], [ 101.671758, 2.921453, 0.0 ], [ 101.671765, 2.921504, 0.0 ], [ 101.671848, 2.921709, 0.0 ], [ 101.671873, 2.92177, 0.0 ], [ 101.672004, 2.921913, 0.0 ], [ 101.672024, 2.921936, 0.0 ], [ 101.672096, 2.922014, 0.0 ], [ 101.672187, 2.922086, 0.0 ], [ 101.672306, 2.922179, 0.0 ], [ 101.672413, 2.922247, 0.0 ], [ 101.672515, 2.922312, 0.0 ], [ 101.67257, 2.922335, 0.0 ], [ 101.672512, 2.922715, 0.0 ], [ 101.672483, 2.922905, 0.0 ], [ 101.672293, 2.923115, 0.0 ], [ 101.672192, 2.923227, 0.0 ], [ 101.672063, 2.92337, 0.0 ], [ 101.672022, 2.923415, 0.0 ], [ 101.671952, 2.923524, 0.0 ], [ 101.671849, 2.923683, 0.0 ], [ 101.671746, 2.923842, 0.0 ], [ 101.671734, 2.923861, 0.0 ], [ 101.671644, 2.924002, 0.0 ], [ 101.671614, 2.924048, 0.0 ], [ 101.671599, 2.924071, 0.0 ], [ 101.67151, 2.924209, 0.0 ], [ 101.671407, 2.924368, 0.0 ], [ 101.671304, 2.924528, 0.0 ], [ 101.671202, 2.924687, 0.0 ], [ 101.671184, 2.924715, 0.0 ], [ 101.671149, 2.924879, 0.0 ], [ 101.671107, 2.925078, 0.0 ], [ 101.671041, 2.92539, 0.0 ], [ 101.670963, 2.925764, 0.0 ], [ 101.670526, 2.925967, 0.0 ], [ 101.670182, 2.926127, 0.0 ], [ 101.669977, 2.926222, 0.0 ], [ 101.669916, 2.92625, 0.0 ], [ 101.670042, 2.92644, 0.0 ], [ 101.669275, 2.926525, 0.0 ], [ 101.669355, 2.92661, 0.0 ], [ 101.669438, 2.926698, 0.0 ], [ 101.669545, 2.927024, 0.0 ], [ 101.669643, 2.927377, 0.0 ], [ 101.668473, 2.927817, 0.0 ], [ 101.668284, 2.927926, 0.0 ], [ 101.66822, 2.928233, 0.0 ], [ 101.668336, 2.928667, 0.0 ], [ 101.668372, 2.928857, 0.0 ], [ 101.668353, 2.929056, 0.0 ], [ 101.668244, 2.92958, 0.0 ], [ 101.668118, 2.929815, 0.0 ], [ 101.66782, 2.93033, 0.0 ], [ 101.667675, 2.930556, 0.0 ], [ 101.667548, 2.930854, 0.0 ], [ 101.667512, 2.931042, 0.0 ], [ 101.665866, 2.930895, 0.0 ], [ 101.663161, 2.930712, 0.0 ], [ 101.661531, 2.930613, 0.0 ], [ 101.660307, 2.930541, 0.0 ], [ 101.66032, 2.930937, 0.0 ] ] ] } },
{ "type": "Feature", "properties": { "Name": "113/56/01  JENDERAM HULU", "description": "1135601    <br>       <br>   KODDMA   1135601    <br>   LUAS   10944006.1737    <br>   JOBID       <br>   NAMADMA   JENDERAM HULU    <br>   Status   1    <br>   JUMLAH_PEM   1538    <br>   SHAPE_Leng   18853.526055", "timestamp": null, "begin": null, "end": null, "altitudeMode": null, "tessellate": -1, "extrude": 0, "visibility": -1, "drawOrder": null, "icon": null }, "geometry": { "type": "Polygon", "coordinates": [ [ [ 101.7334, 2.868669, 0.0 ], [ 101.733423, 2.868793, 0.0 ], [ 101.73349, 2.869172, 0.0 ], [ 101.733535, 2.869421, 0.0 ], [ 101.733587, 2.86971, 0.0 ], [ 101.733809, 2.870947, 0.0 ], [ 101.733824, 2.87102, 0.0 ], [ 101.732849, 2.871127, 0.0 ], [ 101.732599, 2.871379, 0.0 ], [ 101.732503, 2.871402, 0.0 ], [ 101.732344, 2.871419, 0.0 ], [ 101.732057, 2.871454, 0.0 ], [ 101.731903, 2.871473, 0.0 ], [ 101.73161, 2.871509, 0.0 ], [ 101.731609, 2.87151, 0.0 ], [ 101.731518, 2.871523, 0.0 ], [ 101.731428, 2.871535, 0.0 ], [ 101.731341, 2.871547, 0.0 ], [ 101.731261, 2.871558, 0.0 ], [ 101.731167, 2.871577, 0.0 ], [ 101.731166, 2.871578, 0.0 ], [ 101.731104, 2.871583, 0.0 ], [ 101.73098, 2.871625, 0.0 ], [ 101.73098, 2.871624, 0.0 ], [ 101.73098, 2.87158, 0.0 ], [ 101.73098, 2.871536, 0.0 ], [ 101.730994, 2.871478, 0.0 ], [ 101.730994, 2.871434, 0.0 ], [ 101.731009, 2.871391, 0.0 ], [ 101.731009, 2.871333, 0.0 ], [ 101.731023, 2.871289, 0.0 ], [ 101.731038, 2.871231, 0.0 ], [ 101.731052, 2.871187, 0.0 ], [ 101.731067, 2.871143, 0.0 ], [ 101.731081, 2.871085, 0.0 ], [ 101.731096, 2.871041, 0.0 ], [ 101.731125, 2.870998, 0.0 ], [ 101.731139, 2.870954, 0.0 ], [ 101.731168, 2.87091, 0.0 ], [ 101.731211, 2.870823, 0.0 ], [ 101.73124, 2.87078, 0.0 ], [ 101.731255, 2.870736, 0.0 ], [ 101.731284, 2.870707, 0.0 ], [ 101.731313, 2.870663, 0.0 ], [ 101.731356, 2.870619, 0.0 ], [ 101.731392, 2.870579, 0.0 ], [ 101.731574, 2.870268, 0.0 ], [ 101.731719, 2.869947, 0.0 ], [ 101.731516, 2.869729, 0.0 ], [ 101.731122, 2.869466, 0.0 ], [ 101.730758, 2.869102, 0.0 ], [ 101.730598, 2.868768, 0.0 ], [ 101.730584, 2.868283, 0.0 ], [ 101.730584, 2.868258, 0.0 ], [ 101.73083, 2.867646, 0.0 ], [ 101.731121, 2.867181, 0.0 ], [ 101.731558, 2.866467, 0.0 ], [ 101.732024, 2.865898, 0.0 ], [ 101.732869, 2.865447, 0.0 ], [ 101.733058, 2.865214, 0.0 ], [ 101.733262, 2.864719, 0.0 ], [ 101.733437, 2.863729, 0.0 ], [ 101.733568, 2.863146, 0.0 ], [ 101.733752, 2.86257, 0.0 ], [ 101.733801, 2.862418, 0.0 ], [ 101.733892, 2.862323, 0.0 ], [ 101.734238, 2.86196, 0.0 ], [ 101.734381, 2.861809, 0.0 ], [ 101.734412, 2.861777, 0.0 ], [ 101.734415, 2.861772, 0.0 ], [ 101.734493, 2.861643, 0.0 ], [ 101.73462, 2.861433, 0.0 ], [ 101.734656, 2.861351, 0.0 ], [ 101.734626, 2.861008, 0.0 ], [ 101.734554, 2.860189, 0.0 ], [ 101.734553, 2.860177, 0.0 ], [ 101.734542, 2.860059, 0.0 ], [ 101.734411, 2.859229, 0.0 ], [ 101.734402, 2.859055, 0.0 ], [ 101.734369, 2.858398, 0.0 ], [ 101.734368, 2.858386, 0.0 ], [ 101.734419, 2.858118, 0.0 ], [ 101.734521, 2.858091, 0.0 ], [ 101.734806, 2.858015, 0.0 ], [ 101.735185, 2.857915, 0.0 ], [ 101.735298, 2.857838, 0.0 ], [ 101.735557, 2.857664, 0.0 ], [ 101.735548, 2.857633, 0.0 ], [ 101.735487, 2.857418, 0.0 ], [ 101.735382, 2.857051, 0.0 ], [ 101.735372, 2.857015, 0.0 ], [ 101.735212, 2.856447, 0.0 ], [ 101.73543, 2.856083, 0.0 ], [ 101.736317, 2.855389, 0.0 ], [ 101.736916, 2.854903, 0.0 ], [ 101.737032, 2.854875, 0.0 ], [ 101.737057, 2.854872, 0.0 ], [ 101.737555, 2.854817, 0.0 ], [ 101.737775, 2.854553, 0.0 ], [ 101.73805, 2.854277, 0.0 ], [ 101.73808, 2.854248, 0.0 ], [ 101.738226, 2.853999, 0.0 ], [ 101.738229, 2.853993, 0.0 ], [ 101.738346, 2.853794, 0.0 ], [ 101.738489, 2.853457, 0.0 ], [ 101.738459, 2.852675, 0.0 ], [ 101.738234, 2.851988, 0.0 ], [ 101.738196, 2.851874, 0.0 ], [ 101.738113, 2.851752, 0.0 ], [ 101.737964, 2.851535, 0.0 ], [ 101.737876, 2.851408, 0.0 ], [ 101.737882, 2.851373, 0.0 ], [ 101.737962, 2.850906, 0.0 ], [ 101.737953, 2.850868, 0.0 ], [ 101.737953, 2.850853, 0.0 ], [ 101.737912, 2.850672, 0.0 ], [ 101.737858, 2.850434, 0.0 ], [ 101.737805, 2.850204, 0.0 ], [ 101.737798, 2.850174, 0.0 ], [ 101.737797, 2.850167, 0.0 ], [ 101.737808, 2.850148, 0.0 ], [ 101.738, 2.84983, 0.0 ], [ 101.738149, 2.849582, 0.0 ], [ 101.738181, 2.849529, 0.0 ], [ 101.738198, 2.849468, 0.0 ], [ 101.738227, 2.849369, 0.0 ], [ 101.738227, 2.849361, 0.0 ], [ 101.738531, 2.848246, 0.0 ], [ 101.738548, 2.84818, 0.0 ], [ 101.73859, 2.848018, 0.0 ], [ 101.73863, 2.84786, 0.0 ], [ 101.738676, 2.84768, 0.0 ], [ 101.738825, 2.847403, 0.0 ], [ 101.73888, 2.847301, 0.0 ], [ 101.738913, 2.846953, 0.0 ], [ 101.738478, 2.846342, 0.0 ], [ 101.738328, 2.845057, 0.0 ], [ 101.738531, 2.8446, 0.0 ], [ 101.738981, 2.84389, 0.0 ], [ 101.739099, 2.842721, 0.0 ], [ 101.739332, 2.842202, 0.0 ], [ 101.73955, 2.841663, 0.0 ], [ 101.739988, 2.841129, 0.0 ], [ 101.739954, 2.840317, 0.0 ], [ 101.739976, 2.839599, 0.0 ], [ 101.740039, 2.839155, 0.0 ], [ 101.739762, 2.838389, 0.0 ], [ 101.739796, 2.837981, 0.0 ], [ 101.739928, 2.837172, 0.0 ], [ 101.739932, 2.837134, 0.0 ], [ 101.739997, 2.83653, 0.0 ], [ 101.740155, 2.83586, 0.0 ], [ 101.739947, 2.834588, 0.0 ], [ 101.739939, 2.834482, 0.0 ], [ 101.739894, 2.833857, 0.0 ], [ 101.739751, 2.833438, 0.0 ], [ 101.739867, 2.832739, 0.0 ], [ 101.739867, 2.831589, 0.0 ], [ 101.739723, 2.830699, 0.0 ], [ 101.739715, 2.8307, 0.0 ], [ 101.739687, 2.830463, 0.0 ], [ 101.739684, 2.830437, 0.0 ], [ 101.739677, 2.830381, 0.0 ], [ 101.739604, 2.829768, 0.0 ], [ 101.739611, 2.829465, 0.0 ], [ 101.739619, 2.829099, 0.0 ], [ 101.73975, 2.828457, 0.0 ], [ 101.739791, 2.828372, 0.0 ], [ 101.739916, 2.828108, 0.0 ], [ 101.740049, 2.82783, 0.0 ], [ 101.74007, 2.827787, 0.0 ], [ 101.740107, 2.827604, 0.0 ], [ 101.740119, 2.827542, 0.0 ], [ 101.740119, 2.827538, 0.0 ], [ 101.74012, 2.827535, 0.0 ], [ 101.740171, 2.827286, 0.0 ], [ 101.740187, 2.827205, 0.0 ], [ 101.740239, 2.827147, 0.0 ], [ 101.740648, 2.826692, 0.0 ], [ 101.740842, 2.826477, 0.0 ], [ 101.741104, 2.825792, 0.0 ], [ 101.741482, 2.824787, 0.0 ], [ 101.741598, 2.824646, 0.0 ], [ 101.741942, 2.824224, 0.0 ], [ 101.742544, 2.82301, 0.0 ], [ 101.743287, 2.822195, 0.0 ], [ 101.743462, 2.821889, 0.0 ], [ 101.743942, 2.82154, 0.0 ], [ 101.744204, 2.821059, 0.0 ], [ 101.744408, 2.820579, 0.0 ], [ 101.744816, 2.81985, 0.0 ], [ 101.745005, 2.819181, 0.0 ], [ 101.745339, 2.818161, 0.0 ], [ 101.745397, 2.817287, 0.0 ], [ 101.745368, 2.816719, 0.0 ], [ 101.745448, 2.816589, 0.0 ], [ 101.74566, 2.816244, 0.0 ], [ 101.745932, 2.81528, 0.0 ], [ 101.745973, 2.814947, 0.0 ], [ 101.746021, 2.81456, 0.0 ], [ 101.746053, 2.814301, 0.0 ], [ 101.746576, 2.812656, 0.0 ], [ 101.746715, 2.8121, 0.0 ], [ 101.746719, 2.812083, 0.0 ], [ 101.74675, 2.811957, 0.0 ], [ 101.74678, 2.811156, 0.0 ], [ 101.746736, 2.810617, 0.0 ], [ 101.746724, 2.810392, 0.0 ], [ 101.746692, 2.809828, 0.0 ], [ 101.746626, 2.808643, 0.0 ], [ 101.746619, 2.808506, 0.0 ], [ 101.746851, 2.807428, 0.0 ], [ 101.74676, 2.806045, 0.0 ], [ 101.746758, 2.806025, 0.0 ], [ 101.754633, 2.805932, 0.0 ], [ 101.755094, 2.805926, 0.0 ], [ 101.755176, 2.805931, 0.0 ], [ 101.755696, 2.805931, 0.0 ], [ 101.755687, 2.80608, 0.0 ], [ 101.755592, 2.807688, 0.0 ], [ 101.755538, 2.808593, 0.0 ], [ 101.755182, 2.815594, 0.0 ], [ 101.754955, 2.820059, 0.0 ], [ 101.754416, 2.82372, 0.0 ], [ 101.754415, 2.824, 0.0 ], [ 101.754385, 2.825375, 0.0 ], [ 101.754163, 2.828205, 0.0 ], [ 101.754072, 2.829973, 0.0 ], [ 101.753985, 2.831668, 0.0 ], [ 101.753715, 2.835447, 0.0 ], [ 101.753635, 2.836866, 0.0 ], [ 101.753435, 2.840411, 0.0 ], [ 101.753429, 2.840534, 0.0 ], [ 101.753423, 2.840683, 0.0 ], [ 101.753321, 2.843043, 0.0 ], [ 101.753116, 2.84628, 0.0 ], [ 101.753036, 2.847591, 0.0 ], [ 101.752901, 2.849833, 0.0 ], [ 101.752773, 2.854115, 0.0 ], [ 101.752707, 2.856344, 0.0 ], [ 101.752455, 2.860368, 0.0 ], [ 101.752189, 2.862501, 0.0 ], [ 101.751236, 2.870408, 0.0 ], [ 101.751116, 2.870403, 0.0 ], [ 101.74818, 2.870004, 0.0 ], [ 101.747427, 2.869975, 0.0 ], [ 101.745115, 2.870125, 0.0 ], [ 101.742305, 2.869964, 0.0 ], [ 101.74023, 2.869804, 0.0 ], [ 101.738553, 2.869654, 0.0 ], [ 101.737103, 2.869471, 0.0 ], [ 101.737012, 2.86946, 0.0 ], [ 101.736115, 2.869303, 0.0 ], [ 101.733379, 2.868624, 0.0 ], [ 101.7334, 2.868669, 0.0 ] ] ] } },
{ "type": "Feature", "properties": { "Name": "113/56/02  SALAK", "description": "1135602    <br>       <br>   KODDMA   1135602    <br>   LUAS   15995896.2545    <br>   JOBID       <br>   NAMADMA   SALAK    <br>   Status   1    <br>   JUMLAH_PEM   2620    <br>   SHAPE_Leng   19845.258995", "timestamp": null, "begin": null, "end": null, "altitudeMode": null, "tessellate": -1, "extrude": 0, "visibility": -1, "drawOrder": null, "icon": null }, "geometry": { "type": "Polygon", "coordinates": [ [ [ 101.741626, 2.806044, 0.0 ], [ 101.741401, 2.806045, 0.0 ], [ 101.741389, 2.806046, 0.0 ], [ 101.741356, 2.806049, 0.0 ], [ 101.741294, 2.806053, 0.0 ], [ 101.741196, 2.806058, 0.0 ], [ 101.741149, 2.806059, 0.0 ], [ 101.741096, 2.80606, 0.0 ], [ 101.741059, 2.80606, 0.0 ], [ 101.740994, 2.806059, 0.0 ], [ 101.740907, 2.806058, 0.0 ], [ 101.740893, 2.806057, 0.0 ], [ 101.74079, 2.806056, 0.0 ], [ 101.740685, 2.806054, 0.0 ], [ 101.740578, 2.806052, 0.0 ], [ 101.740472, 2.806047, 0.0 ], [ 101.740457, 2.806047, 0.0 ], [ 101.740365, 2.806046, 0.0 ], [ 101.740256, 2.806044, 0.0 ], [ 101.740234, 2.806044, 0.0 ], [ 101.740147, 2.806042, 0.0 ], [ 101.740039, 2.806039, 0.0 ], [ 101.740008, 2.806039, 0.0 ], [ 101.73993, 2.806038, 0.0 ], [ 101.739822, 2.806036, 0.0 ], [ 101.739716, 2.806034, 0.0 ], [ 101.739609, 2.806035, 0.0 ], [ 101.739577, 2.806034, 0.0 ], [ 101.739558, 2.806034, 0.0 ], [ 101.739502, 2.806033, 0.0 ], [ 101.739397, 2.806031, 0.0 ], [ 101.739293, 2.806029, 0.0 ], [ 101.739189, 2.806027, 0.0 ], [ 101.739109, 2.806026, 0.0 ], [ 101.739086, 2.806025, 0.0 ], [ 101.738983, 2.806023, 0.0 ], [ 101.738881, 2.806022, 0.0 ], [ 101.738868, 2.806022, 0.0 ], [ 101.738778, 2.80602, 0.0 ], [ 101.738673, 2.806018, 0.0 ], [ 101.738659, 2.806018, 0.0 ], [ 101.73857, 2.806013, 0.0 ], [ 101.738466, 2.806011, 0.0 ], [ 101.738359, 2.806009, 0.0 ], [ 101.738251, 2.806007, 0.0 ], [ 101.73821, 2.806006, 0.0 ], [ 101.738143, 2.806005, 0.0 ], [ 101.738035, 2.806002, 0.0 ], [ 101.737928, 2.806, 0.0 ], [ 101.737914, 2.806, 0.0 ], [ 101.73782, 2.805998, 0.0 ], [ 101.73776, 2.805996, 0.0 ], [ 101.737709, 2.805995, 0.0 ], [ 101.7376, 2.805993, 0.0 ], [ 101.737493, 2.80599, 0.0 ], [ 101.737388, 2.805987, 0.0 ], [ 101.737311, 2.805986, 0.0 ], [ 101.737284, 2.805986, 0.0 ], [ 101.737181, 2.805978, 0.0 ], [ 101.737133, 2.805973, 0.0 ], [ 101.737079, 2.805968, 0.0 ], [ 101.736977, 2.805958, 0.0 ], [ 101.736923, 2.805953, 0.0 ], [ 101.736878, 2.805949, 0.0 ], [ 101.736863, 2.805949, 0.0 ], [ 101.736776, 2.805946, 0.0 ], [ 101.736414, 2.80594, 0.0 ], [ 101.736144, 2.805935, 0.0 ], [ 101.736092, 2.805934, 0.0 ], [ 101.736043, 2.805933, 0.0 ], [ 101.735994, 2.805931, 0.0 ], [ 101.735964, 2.80593, 0.0 ], [ 101.735942, 2.805929, 0.0 ], [ 101.73574, 2.805935, 0.0 ], [ 101.735687, 2.805936, 0.0 ], [ 101.735435, 2.805932, 0.0 ], [ 101.735311, 2.805933, 0.0 ], [ 101.735245, 2.805934, 0.0 ], [ 101.735034, 2.805935, 0.0 ], [ 101.734914, 2.805934, 0.0 ], [ 101.734835, 2.805933, 0.0 ], [ 101.734785, 2.805931, 0.0 ], [ 101.734762, 2.805931, 0.0 ], [ 101.734615, 2.80593, 0.0 ], [ 101.734166, 2.805925, 0.0 ], [ 101.73375, 2.805921, 0.0 ], [ 101.733716, 2.805921, 0.0 ], [ 101.733699, 2.805921, 0.0 ], [ 101.73365, 2.80592, 0.0 ], [ 101.733497, 2.805918, 0.0 ], [ 101.733346, 2.805915, 0.0 ], [ 101.73333, 2.805915, 0.0 ], [ 101.733316, 2.805914, 0.0 ], [ 101.733296, 2.805914, 0.0 ], [ 101.73327, 2.805913, 0.0 ], [ 101.733267, 2.805913, 0.0 ], [ 101.733236, 2.805913, 0.0 ], [ 101.733226, 2.805913, 0.0 ], [ 101.733193, 2.805913, 0.0 ], [ 101.733141, 2.805912, 0.0 ], [ 101.733081, 2.80591, 0.0 ], [ 101.733017, 2.805907, 0.0 ], [ 101.732949, 2.805905, 0.0 ], [ 101.732881, 2.805904, 0.0 ], [ 101.732817, 2.805904, 0.0 ], [ 101.732816, 2.805904, 0.0 ], [ 101.73275, 2.805906, 0.0 ], [ 101.732744, 2.805905, 0.0 ], [ 101.732654, 2.805903, 0.0 ], [ 101.732368, 2.805898, 0.0 ], [ 101.732307, 2.805897, 0.0 ], [ 101.732301, 2.805896, 0.0 ], [ 101.732257, 2.805896, 0.0 ], [ 101.732203, 2.805894, 0.0 ], [ 101.732146, 2.80589, 0.0 ], [ 101.732087, 2.805889, 0.0 ], [ 101.732024, 2.805887, 0.0 ], [ 101.731958, 2.805887, 0.0 ], [ 101.731918, 2.805886, 0.0 ], [ 101.73189, 2.805885, 0.0 ], [ 101.731822, 2.805885, 0.0 ], [ 101.731755, 2.805884, 0.0 ], [ 101.73169, 2.805882, 0.0 ], [ 101.731622, 2.805882, 0.0 ], [ 101.731553, 2.805881, 0.0 ], [ 101.731483, 2.80588, 0.0 ], [ 101.731469, 2.80588, 0.0 ], [ 101.73141, 2.805878, 0.0 ], [ 101.73134, 2.805874, 0.0 ], [ 101.731268, 2.805873, 0.0 ], [ 101.731201, 2.805872, 0.0 ], [ 101.731193, 2.805872, 0.0 ], [ 101.731118, 2.805869, 0.0 ], [ 101.731043, 2.805868, 0.0 ], [ 101.731019, 2.805867, 0.0 ], [ 101.730967, 2.805866, 0.0 ], [ 101.730891, 2.805866, 0.0 ], [ 101.730811, 2.805865, 0.0 ], [ 101.730732, 2.805863, 0.0 ], [ 101.730652, 2.805862, 0.0 ], [ 101.73057, 2.80586, 0.0 ], [ 101.730487, 2.805858, 0.0 ], [ 101.730179, 2.805851, 0.0 ], [ 101.73012, 2.80585, 0.0 ], [ 101.730067, 2.805849, 0.0 ], [ 101.729907, 2.805847, 0.0 ], [ 101.729842, 2.805845, 0.0 ], [ 101.729784, 2.805839, 0.0 ], [ 101.72973, 2.805839, 0.0 ], [ 101.729696, 2.805839, 0.0 ], [ 101.729671, 2.805838, 0.0 ], [ 101.729609, 2.805837, 0.0 ], [ 101.729543, 2.805838, 0.0 ], [ 101.729472, 2.805836, 0.0 ], [ 101.729398, 2.805835, 0.0 ], [ 101.729321, 2.805834, 0.0 ], [ 101.72924, 2.805833, 0.0 ], [ 101.729222, 2.805833, 0.0 ], [ 101.729156, 2.805832, 0.0 ], [ 101.729069, 2.80583, 0.0 ], [ 101.72898, 2.805828, 0.0 ], [ 101.728969, 2.805828, 0.0 ], [ 101.72878, 2.805823, 0.0 ], [ 101.728772, 2.805823, 0.0 ], [ 101.728422, 2.805816, 0.0 ], [ 101.728351, 2.805813, 0.0 ], [ 101.728323, 2.805813, 0.0 ], [ 101.728067, 2.805808, 0.0 ], [ 101.728001, 2.805806, 0.0 ], [ 101.727939, 2.805804, 0.0 ], [ 101.727878, 2.805803, 0.0 ], [ 101.727873, 2.805803, 0.0 ], [ 101.727814, 2.805802, 0.0 ], [ 101.727789, 2.805801, 0.0 ], [ 101.72768, 2.805799, 0.0 ], [ 101.72761, 2.805798, 0.0 ], [ 101.727546, 2.805797, 0.0 ], [ 101.727486, 2.805796, 0.0 ], [ 101.727424, 2.805795, 0.0 ], [ 101.727365, 2.805794, 0.0 ], [ 101.727309, 2.805796, 0.0 ], [ 101.727247, 2.805794, 0.0 ], [ 101.727186, 2.805793, 0.0 ], [ 101.727123, 2.805791, 0.0 ], [ 101.72706, 2.805789, 0.0 ], [ 101.726993, 2.805788, 0.0 ], [ 101.726975, 2.805787, 0.0 ], [ 101.726924, 2.805786, 0.0 ], [ 101.726852, 2.805785, 0.0 ], [ 101.726778, 2.805784, 0.0 ], [ 101.726732, 2.805783, 0.0 ], [ 101.726702, 2.805783, 0.0 ], [ 101.726625, 2.805782, 0.0 ], [ 101.726547, 2.805781, 0.0 ], [ 101.726525, 2.805781, 0.0 ], [ 101.726466, 2.805781, 0.0 ], [ 101.726384, 2.805779, 0.0 ], [ 101.726299, 2.805777, 0.0 ], [ 101.726213, 2.805775, 0.0 ], [ 101.726126, 2.805773, 0.0 ], [ 101.726076, 2.805772, 0.0 ], [ 101.726038, 2.805771, 0.0 ], [ 101.725949, 2.80577, 0.0 ], [ 101.725878, 2.805768, 0.0 ], [ 101.72586, 2.805768, 0.0 ], [ 101.72577, 2.805766, 0.0 ], [ 101.725679, 2.805764, 0.0 ], [ 101.725626, 2.805763, 0.0 ], [ 101.725587, 2.805762, 0.0 ], [ 101.725496, 2.80576, 0.0 ], [ 101.725405, 2.805758, 0.0 ], [ 101.725314, 2.805757, 0.0 ], [ 101.725225, 2.805755, 0.0 ], [ 101.725176, 2.805755, 0.0 ], [ 101.725134, 2.805755, 0.0 ], [ 101.725045, 2.805753, 0.0 ], [ 101.724957, 2.805751, 0.0 ], [ 101.724869, 2.805749, 0.0 ], [ 101.724781, 2.805748, 0.0 ], [ 101.724727, 2.805747, 0.0 ], [ 101.724692, 2.805746, 0.0 ], [ 101.724603, 2.805744, 0.0 ], [ 101.724513, 2.805742, 0.0 ], [ 101.724423, 2.80574, 0.0 ], [ 101.724333, 2.805738, 0.0 ], [ 101.724277, 2.805737, 0.0 ], [ 101.724243, 2.805737, 0.0 ], [ 101.724152, 2.805735, 0.0 ], [ 101.72406, 2.805733, 0.0 ], [ 101.723968, 2.805732, 0.0 ], [ 101.723875, 2.80573, 0.0 ], [ 101.723828, 2.80573, 0.0 ], [ 101.723781, 2.805729, 0.0 ], [ 101.723687, 2.805727, 0.0 ], [ 101.723592, 2.805725, 0.0 ], [ 101.723497, 2.805722, 0.0 ], [ 101.723401, 2.805721, 0.0 ], [ 101.723378, 2.805721, 0.0 ], [ 101.723304, 2.805719, 0.0 ], [ 101.723208, 2.805718, 0.0 ], [ 101.72311, 2.805716, 0.0 ], [ 101.72301, 2.805713, 0.0 ], [ 101.722929, 2.805712, 0.0 ], [ 101.722911, 2.805711, 0.0 ], [ 101.72281, 2.805709, 0.0 ], [ 101.72271, 2.805708, 0.0 ], [ 101.72261, 2.805706, 0.0 ], [ 101.72251, 2.805705, 0.0 ], [ 101.722479, 2.805704, 0.0 ], [ 101.72241, 2.805703, 0.0 ], [ 101.722311, 2.8057, 0.0 ], [ 101.722211, 2.805697, 0.0 ], [ 101.722113, 2.805695, 0.0 ], [ 101.722075, 2.805694, 0.0 ], [ 101.722015, 2.805694, 0.0 ], [ 101.721914, 2.805692, 0.0 ], [ 101.721813, 2.80569, 0.0 ], [ 101.721711, 2.805687, 0.0 ], [ 101.721668, 2.805686, 0.0 ], [ 101.721609, 2.805685, 0.0 ], [ 101.72158, 2.805685, 0.0 ], [ 101.721505, 2.805684, 0.0 ], [ 101.7214, 2.805682, 0.0 ], [ 101.7213, 2.80568, 0.0 ], [ 101.721294, 2.80568, 0.0 ], [ 101.721189, 2.805678, 0.0 ], [ 101.721131, 2.805676, 0.0 ], [ 101.721082, 2.805675, 0.0 ], [ 101.720975, 2.805673, 0.0 ], [ 101.720868, 2.805672, 0.0 ], [ 101.72076, 2.805673, 0.0 ], [ 101.720681, 2.805672, 0.0 ], [ 101.72065, 2.805672, 0.0 ], [ 101.720541, 2.805669, 0.0 ], [ 101.720232, 2.805664, 0.0 ], [ 101.719782, 2.805655, 0.0 ], [ 101.719333, 2.805646, 0.0 ], [ 101.718883, 2.805638, 0.0 ], [ 101.718434, 2.805629, 0.0 ], [ 101.717984, 2.80562, 0.0 ], [ 101.717983, 2.80562, 0.0 ], [ 101.717961, 2.80562, 0.0 ], [ 101.717938, 2.805619, 0.0 ], [ 101.71791, 2.805618, 0.0 ], [ 101.717872, 2.805618, 0.0 ], [ 101.717827, 2.805616, 0.0 ], [ 101.717776, 2.805614, 0.0 ], [ 101.717723, 2.805612, 0.0 ], [ 101.717668, 2.80561, 0.0 ], [ 101.717608, 2.80561, 0.0 ], [ 101.717546, 2.805609, 0.0 ], [ 101.717535, 2.805609, 0.0 ], [ 101.717479, 2.805608, 0.0 ], [ 101.717417, 2.805602, 0.0 ], [ 101.717353, 2.805601, 0.0 ], [ 101.717285, 2.805599, 0.0 ], [ 101.717217, 2.805598, 0.0 ], [ 101.717147, 2.805597, 0.0 ], [ 101.717085, 2.805597, 0.0 ], [ 101.717076, 2.805597, 0.0 ], [ 101.717005, 2.805596, 0.0 ], [ 101.716933, 2.805595, 0.0 ], [ 101.71686, 2.805593, 0.0 ], [ 101.716788, 2.80559, 0.0 ], [ 101.716716, 2.80559, 0.0 ], [ 101.716641, 2.805588, 0.0 ], [ 101.716636, 2.805588, 0.0 ], [ 101.716622, 2.805587, 0.0 ], [ 101.716567, 2.805585, 0.0 ], [ 101.716493, 2.805584, 0.0 ], [ 101.716416, 2.805585, 0.0 ], [ 101.716336, 2.805584, 0.0 ], [ 101.716257, 2.805582, 0.0 ], [ 101.716186, 2.805581, 0.0 ], [ 101.716176, 2.805581, 0.0 ], [ 101.716094, 2.805579, 0.0 ], [ 101.71601, 2.805578, 0.0 ], [ 101.715926, 2.805575, 0.0 ], [ 101.715841, 2.805573, 0.0 ], [ 101.715757, 2.80557, 0.0 ], [ 101.715737, 2.80557, 0.0 ], [ 101.715674, 2.805568, 0.0 ], [ 101.715592, 2.805567, 0.0 ], [ 101.71551, 2.805566, 0.0 ], [ 101.715429, 2.805565, 0.0 ], [ 101.715347, 2.805563, 0.0 ], [ 101.715288, 2.805562, 0.0 ], [ 101.715265, 2.805561, 0.0 ], [ 101.715184, 2.805558, 0.0 ], [ 101.715103, 2.805557, 0.0 ], [ 101.715021, 2.805555, 0.0 ], [ 101.71494, 2.805554, 0.0 ], [ 101.714857, 2.805553, 0.0 ], [ 101.714838, 2.805552, 0.0 ], [ 101.714774, 2.805552, 0.0 ], [ 101.71469, 2.805551, 0.0 ], [ 101.714606, 2.805549, 0.0 ], [ 101.714555, 2.805548, 0.0 ], [ 101.714522, 2.805547, 0.0 ], [ 101.714512, 2.805547, 0.0 ], [ 101.714436, 2.805545, 0.0 ], [ 101.714389, 2.805543, 0.0 ], [ 101.714349, 2.805542, 0.0 ], [ 101.714261, 2.805541, 0.0 ], [ 101.714172, 2.805539, 0.0 ], [ 101.714081, 2.805537, 0.0 ], [ 101.71399, 2.805536, 0.0 ], [ 101.713939, 2.805535, 0.0 ], [ 101.713897, 2.805535, 0.0 ], [ 101.713803, 2.805534, 0.0 ], [ 101.713708, 2.805532, 0.0 ], [ 101.713611, 2.80553, 0.0 ], [ 101.713515, 2.805528, 0.0 ], [ 101.71349, 2.805527, 0.0 ], [ 101.713418, 2.805526, 0.0 ], [ 101.71332, 2.805524, 0.0 ], [ 101.713221, 2.805522, 0.0 ], [ 101.713123, 2.80552, 0.0 ], [ 101.71304, 2.805519, 0.0 ], [ 101.713025, 2.805518, 0.0 ], [ 101.712943, 2.805516, 0.0 ], [ 101.712928, 2.805516, 0.0 ], [ 101.712833, 2.805514, 0.0 ], [ 101.712739, 2.805513, 0.0 ], [ 101.712646, 2.805511, 0.0 ], [ 101.712591, 2.80551, 0.0 ], [ 101.712558, 2.805509, 0.0 ], [ 101.712554, 2.805509, 0.0 ], [ 101.712521, 2.805508, 0.0 ], [ 101.712461, 2.805508, 0.0 ], [ 101.712393, 2.805507, 0.0 ], [ 101.712367, 2.805507, 0.0 ], [ 101.712271, 2.805505, 0.0 ], [ 101.712267, 2.805505, 0.0 ], [ 101.712175, 2.805503, 0.0 ], [ 101.712141, 2.805502, 0.0 ], [ 101.712078, 2.8055, 0.0 ], [ 101.71198, 2.805498, 0.0 ], [ 101.711882, 2.805495, 0.0 ], [ 101.711879, 2.805495, 0.0 ], [ 101.711785, 2.805493, 0.0 ], [ 101.711692, 2.805492, 0.0 ], [ 101.711687, 2.805492, 0.0 ], [ 101.711591, 2.80549, 0.0 ], [ 101.711496, 2.805488, 0.0 ], [ 101.711402, 2.805486, 0.0 ], [ 101.711242, 2.805482, 0.0 ], [ 101.71117, 2.80548, 0.0 ], [ 101.711045, 2.805477, 0.0 ], [ 101.710918, 2.805474, 0.0 ], [ 101.710789, 2.805471, 0.0 ], [ 101.710658, 2.805469, 0.0 ], [ 101.710525, 2.805467, 0.0 ], [ 101.710391, 2.805464, 0.0 ], [ 101.710253, 2.805461, 0.0 ], [ 101.710113, 2.805459, 0.0 ], [ 101.709972, 2.805456, 0.0 ], [ 101.709964, 2.805456, 0.0 ], [ 101.7099, 2.805454, 0.0 ], [ 101.709894, 2.805454, 0.0 ], [ 101.709829, 2.805452, 0.0 ], [ 101.709684, 2.805449, 0.0 ], [ 101.709538, 2.805448, 0.0 ], [ 101.709444, 2.805446, 0.0 ], [ 101.709392, 2.805445, 0.0 ], [ 101.709246, 2.805442, 0.0 ], [ 101.709101, 2.80544, 0.0 ], [ 101.708995, 2.805438, 0.0 ], [ 101.708957, 2.805437, 0.0 ], [ 101.708815, 2.805434, 0.0 ], [ 101.708673, 2.80543, 0.0 ], [ 101.708545, 2.805428, 0.0 ], [ 101.708533, 2.805428, 0.0 ], [ 101.708509, 2.805427, 0.0 ], [ 101.708394, 2.805426, 0.0 ], [ 101.708257, 2.805423, 0.0 ], [ 101.708121, 2.80542, 0.0 ], [ 101.708096, 2.80542, 0.0 ], [ 101.707987, 2.805418, 0.0 ], [ 101.707855, 2.805415, 0.0 ], [ 101.707724, 2.805413, 0.0 ], [ 101.707646, 2.805411, 0.0 ], [ 101.707596, 2.80541, 0.0 ], [ 101.707469, 2.805408, 0.0 ], [ 101.707345, 2.805406, 0.0 ], [ 101.707222, 2.805405, 0.0 ], [ 101.707196, 2.805404, 0.0 ], [ 101.707101, 2.805403, 0.0 ], [ 101.706981, 2.805401, 0.0 ], [ 101.70686, 2.805398, 0.0 ], [ 101.706747, 2.805396, 0.0 ], [ 101.706739, 2.805396, 0.0 ], [ 101.706618, 2.805394, 0.0 ], [ 101.706495, 2.805392, 0.0 ], [ 101.706372, 2.80539, 0.0 ], [ 101.706297, 2.805388, 0.0 ], [ 101.706247, 2.805387, 0.0 ], [ 101.706121, 2.805385, 0.0 ], [ 101.705993, 2.805382, 0.0 ], [ 101.705987, 2.805382, 0.0 ], [ 101.705864, 2.805379, 0.0 ], [ 101.705848, 2.805379, 0.0 ], [ 101.705734, 2.805377, 0.0 ], [ 101.705727, 2.805377, 0.0 ], [ 101.705602, 2.805374, 0.0 ], [ 101.705468, 2.80537, 0.0 ], [ 101.705399, 2.805368, 0.0 ], [ 101.705333, 2.805366, 0.0 ], [ 101.705196, 2.805362, 0.0 ], [ 101.705059, 2.805359, 0.0 ], [ 101.704949, 2.805358, 0.0 ], [ 101.704921, 2.805358, 0.0 ], [ 101.704785, 2.805356, 0.0 ], [ 101.704649, 2.805353, 0.0 ], [ 101.704513, 2.805351, 0.0 ], [ 101.7045, 2.80535, 0.0 ], [ 101.704375, 2.805348, 0.0 ], [ 101.704237, 2.805345, 0.0 ], [ 101.704097, 2.805341, 0.0 ], [ 101.70405, 2.80534, 0.0 ], [ 101.703955, 2.805337, 0.0 ], [ 101.703812, 2.805334, 0.0 ], [ 101.703668, 2.805331, 0.0 ], [ 101.703601, 2.80533, 0.0 ], [ 101.703525, 2.805328, 0.0 ], [ 101.703382, 2.805327, 0.0 ], [ 101.70324, 2.805326, 0.0 ], [ 101.703151, 2.805325, 0.0 ], [ 101.7031, 2.805324, 0.0 ], [ 101.702961, 2.805321, 0.0 ], [ 101.702822, 2.805318, 0.0 ], [ 101.702702, 2.805316, 0.0 ], [ 101.702684, 2.805315, 0.0 ], [ 101.702548, 2.805313, 0.0 ], [ 101.702414, 2.80531, 0.0 ], [ 101.702281, 2.805307, 0.0 ], [ 101.702252, 2.805306, 0.0 ], [ 101.702149, 2.805304, 0.0 ], [ 101.702019, 2.805303, 0.0 ], [ 101.701892, 2.805302, 0.0 ], [ 101.701802, 2.8053, 0.0 ], [ 101.701766, 2.8053, 0.0 ], [ 101.70164, 2.805299, 0.0 ], [ 101.701514, 2.805298, 0.0 ], [ 101.70139, 2.805296, 0.0 ], [ 101.701353, 2.805295, 0.0 ], [ 101.701267, 2.805292, 0.0 ], [ 101.701144, 2.805289, 0.0 ], [ 101.701023, 2.805287, 0.0 ], [ 101.700903, 2.805285, 0.0 ], [ 101.700902, 2.805285, 0.0 ], [ 101.700783, 2.805282, 0.0 ], [ 101.700664, 2.80528, 0.0 ], [ 101.700546, 2.805277, 0.0 ], [ 101.700454, 2.805275, 0.0 ], [ 101.700427, 2.805274, 0.0 ], [ 101.700307, 2.805271, 0.0 ], [ 101.700188, 2.805268, 0.0 ], [ 101.70018, 2.805268, 0.0 ], [ 101.700069, 2.805266, 0.0 ], [ 101.700004, 2.805264, 0.0 ], [ 101.69995, 2.805263, 0.0 ], [ 101.699831, 2.805261, 0.0 ], [ 101.699711, 2.805259, 0.0 ], [ 101.699591, 2.805257, 0.0 ], [ 101.699555, 2.805256, 0.0 ], [ 101.699471, 2.805255, 0.0 ], [ 101.699351, 2.805254, 0.0 ], [ 101.699231, 2.805251, 0.0 ], [ 101.699109, 2.805247, 0.0 ], [ 101.699106, 2.805247, 0.0 ], [ 101.698987, 2.805243, 0.0 ], [ 101.698863, 2.80524, 0.0 ], [ 101.698739, 2.805238, 0.0 ], [ 101.698656, 2.805237, 0.0 ], [ 101.698616, 2.805236, 0.0 ], [ 101.698494, 2.805234, 0.0 ], [ 101.698373, 2.805233, 0.0 ], [ 101.698253, 2.805231, 0.0 ], [ 101.698206, 2.80523, 0.0 ], [ 101.698134, 2.805228, 0.0 ], [ 101.698046, 2.805226, 0.0 ], [ 101.698015, 2.805225, 0.0 ], [ 101.697897, 2.805223, 0.0 ], [ 101.69778, 2.80522, 0.0 ], [ 101.697757, 2.80522, 0.0 ], [ 101.697663, 2.805218, 0.0 ], [ 101.697546, 2.805216, 0.0 ], [ 101.697429, 2.805213, 0.0 ], [ 101.697313, 2.805212, 0.0 ], [ 101.697307, 2.805212, 0.0 ], [ 101.697197, 2.80521, 0.0 ], [ 101.697083, 2.805209, 0.0 ], [ 101.696969, 2.805207, 0.0 ], [ 101.696858, 2.805205, 0.0 ], [ 101.696855, 2.805205, 0.0 ], [ 101.696741, 2.805203, 0.0 ], [ 101.696626, 2.8052, 0.0 ], [ 101.696513, 2.805198, 0.0 ], [ 101.696408, 2.805196, 0.0 ], [ 101.6964, 2.805196, 0.0 ], [ 101.696287, 2.805193, 0.0 ], [ 101.696175, 2.805191, 0.0 ], [ 101.696063, 2.805189, 0.0 ], [ 101.695959, 2.805186, 0.0 ], [ 101.695951, 2.805186, 0.0 ], [ 101.695838, 2.805182, 0.0 ], [ 101.695725, 2.80518, 0.0 ], [ 101.695609, 2.805179, 0.0 ], [ 101.695592, 2.805179, 0.0 ], [ 101.695509, 2.805179, 0.0 ], [ 101.695494, 2.805179, 0.0 ], [ 101.695377, 2.805179, 0.0 ], [ 101.69526, 2.805177, 0.0 ], [ 101.695153, 2.805176, 0.0 ], [ 101.695142, 2.805176, 0.0 ], [ 101.69506, 2.805175, 0.0 ], [ 101.695023, 2.805175, 0.0 ], [ 101.694905, 2.805173, 0.0 ], [ 101.694786, 2.805171, 0.0 ], [ 101.694665, 2.805169, 0.0 ], [ 101.69461, 2.805167, 0.0 ], [ 101.694544, 2.805166, 0.0 ], [ 101.694423, 2.805164, 0.0 ], [ 101.694302, 2.805163, 0.0 ], [ 101.694179, 2.805163, 0.0 ], [ 101.694161, 2.805163, 0.0 ], [ 101.694056, 2.805163, 0.0 ], [ 101.693931, 2.805161, 0.0 ], [ 101.693805, 2.805159, 0.0 ], [ 101.693711, 2.805158, 0.0 ], [ 101.693676, 2.805157, 0.0 ], [ 101.693547, 2.805155, 0.0 ], [ 101.693417, 2.805152, 0.0 ], [ 101.693392, 2.805151, 0.0 ], [ 101.693286, 2.80515, 0.0 ], [ 101.693262, 2.80515, 0.0 ], [ 101.693156, 2.805148, 0.0 ], [ 101.693026, 2.805146, 0.0 ], [ 101.692897, 2.805145, 0.0 ], [ 101.692812, 2.805144, 0.0 ], [ 101.692767, 2.805144, 0.0 ], [ 101.692638, 2.805143, 0.0 ], [ 101.692509, 2.805142, 0.0 ], [ 101.69238, 2.805142, 0.0 ], [ 101.692363, 2.805141, 0.0 ], [ 101.692251, 2.805141, 0.0 ], [ 101.692122, 2.805141, 0.0 ], [ 101.691993, 2.80514, 0.0 ], [ 101.691913, 2.805139, 0.0 ], [ 101.691864, 2.805139, 0.0 ], [ 101.691735, 2.805137, 0.0 ], [ 101.691639, 2.805136, 0.0 ], [ 101.691608, 2.805136, 0.0 ], [ 101.691483, 2.805134, 0.0 ], [ 101.691464, 2.805134, 0.0 ], [ 101.691359, 2.805133, 0.0 ], [ 101.691236, 2.80513, 0.0 ], [ 101.691158, 2.805127, 0.0 ], [ 101.691114, 2.805126, 0.0 ], [ 101.691014, 2.805124, 0.0 ], [ 101.690994, 2.805123, 0.0 ], [ 101.690876, 2.805119, 0.0 ], [ 101.690857, 2.805065, 0.0 ], [ 101.690897, 2.804933, 0.0 ], [ 101.691039, 2.804728, 0.0 ], [ 101.691549, 2.80368, 0.0 ], [ 101.692631, 2.801205, 0.0 ], [ 101.693046, 2.800311, 0.0 ], [ 101.69338, 2.79937, 0.0 ], [ 101.694308, 2.797199, 0.0 ], [ 101.695172, 2.794897, 0.0 ], [ 101.695646, 2.793075, 0.0 ], [ 101.697228, 2.786753, 0.0 ], [ 101.698762, 2.786296, 0.0 ], [ 101.705512, 2.784286, 0.0 ], [ 101.709791, 2.780435, 0.0 ], [ 101.713045, 2.775414, 0.0 ], [ 101.718271, 2.778834, 0.0 ], [ 101.721567, 2.781341, 0.0 ], [ 101.721216, 2.781782, 0.0 ], [ 101.721266, 2.781845, 0.0 ], [ 101.721294, 2.782013, 0.0 ], [ 101.721363, 2.782139, 0.0 ], [ 101.721446, 2.782181, 0.0 ], [ 101.721618, 2.782269, 0.0 ], [ 101.721711, 2.782377, 0.0 ], [ 101.721916, 2.782578, 0.0 ], [ 101.722115, 2.782592, 0.0 ], [ 101.722218, 2.782537, 0.0 ], [ 101.722327, 2.782455, 0.0 ], [ 101.722451, 2.782372, 0.0 ], [ 101.722554, 2.78231, 0.0 ], [ 101.722691, 2.782324, 0.0 ], [ 101.722766, 2.782428, 0.0 ], [ 101.722855, 2.782525, 0.0 ], [ 101.722917, 2.782552, 0.0 ], [ 101.723006, 2.782525, 0.0 ], [ 101.723061, 2.782332, 0.0 ], [ 101.723123, 2.782174, 0.0 ], [ 101.723267, 2.782043, 0.0 ], [ 101.72348, 2.78192, 0.0 ], [ 101.724077, 2.781687, 0.0 ], [ 101.724411, 2.781498, 0.0 ], [ 101.725501, 2.782236, 0.0 ], [ 101.725494, 2.782303, 0.0 ], [ 101.725563, 2.782448, 0.0 ], [ 101.725699, 2.782628, 0.0 ], [ 101.725952, 2.782949, 0.0 ], [ 101.726205, 2.783246, 0.0 ], [ 101.726417, 2.783522, 0.0 ], [ 101.726478, 2.78366, 0.0 ], [ 101.726485, 2.783922, 0.0 ], [ 101.726498, 2.784128, 0.0 ], [ 101.726532, 2.784211, 0.0 ], [ 101.726655, 2.78428, 0.0 ], [ 101.72682, 2.784308, 0.0 ], [ 101.726963, 2.784336, 0.0 ], [ 101.7271, 2.784378, 0.0 ], [ 101.727169, 2.784481, 0.0 ], [ 101.727182, 2.784633, 0.0 ], [ 101.727161, 2.784802, 0.0 ], [ 101.727161, 2.784885, 0.0 ], [ 101.727216, 2.784988, 0.0 ], [ 101.727277, 2.785057, 0.0 ], [ 101.727387, 2.785113, 0.0 ], [ 101.727551, 2.785182, 0.0 ], [ 101.727715, 2.785237, 0.0 ], [ 101.727852, 2.785355, 0.0 ], [ 101.727871, 2.785418, 0.0 ], [ 101.728076, 2.785776, 0.0 ], [ 101.728169, 2.785938, 0.0 ], [ 101.72857, 2.78664, 0.0 ], [ 101.728763, 2.78687, 0.0 ], [ 101.728997, 2.78715, 0.0 ], [ 101.72929, 2.787374, 0.0 ], [ 101.729351, 2.78741, 0.0 ], [ 101.730325, 2.788001, 0.0 ], [ 101.731011, 2.788417, 0.0 ], [ 101.731293, 2.788589, 0.0 ], [ 101.731648, 2.788665, 0.0 ], [ 101.731656, 2.788311, 0.0 ], [ 101.731795, 2.788367, 0.0 ], [ 101.732184, 2.788536, 0.0 ], [ 101.732323, 2.788548, 0.0 ], [ 101.732616, 2.788576, 0.0 ], [ 101.732855, 2.788584, 0.0 ], [ 101.733036, 2.788643, 0.0 ], [ 101.733113, 2.788728, 0.0 ], [ 101.733186, 2.78886, 0.0 ], [ 101.733244, 2.788977, 0.0 ], [ 101.733378, 2.78907, 0.0 ], [ 101.733729, 2.789187, 0.0 ], [ 101.734237, 2.789375, 0.0 ], [ 101.734449, 2.789472, 0.0 ], [ 101.734692, 2.789566, 0.0 ], [ 101.734839, 2.789566, 0.0 ], [ 101.734954, 2.789547, 0.0 ], [ 101.735112, 2.789493, 0.0 ], [ 101.735232, 2.78947, 0.0 ], [ 101.735367, 2.78947, 0.0 ], [ 101.73554, 2.789521, 0.0 ], [ 101.735787, 2.789549, 0.0 ], [ 101.735949, 2.789526, 0.0 ], [ 101.736107, 2.78941, 0.0 ], [ 101.736235, 2.789317, 0.0 ], [ 101.736331, 2.789263, 0.0 ], [ 101.736474, 2.789217, 0.0 ], [ 101.736663, 2.789175, 0.0 ], [ 101.736848, 2.789167, 0.0 ], [ 101.737037, 2.78921, 0.0 ], [ 101.737176, 2.789245, 0.0 ], [ 101.737534, 2.789219, 0.0 ], [ 101.737793, 2.789173, 0.0 ], [ 101.737959, 2.789069, 0.0 ], [ 101.738071, 2.789019, 0.0 ], [ 101.738252, 2.789019, 0.0 ], [ 101.738599, 2.789055, 0.0 ], [ 101.73937, 2.789255, 0.0 ], [ 101.739449, 2.789275, 0.0 ], [ 101.739817, 2.789341, 0.0 ], [ 101.740113, 2.78932, 0.0 ], [ 101.740214, 2.789212, 0.0 ], [ 101.740373, 2.788944, 0.0 ], [ 101.740482, 2.788784, 0.0 ], [ 101.740641, 2.788611, 0.0 ], [ 101.740879, 2.788546, 0.0 ], [ 101.741045, 2.78859, 0.0 ], [ 101.74116, 2.788612, 0.0 ], [ 101.741247, 2.788568, 0.0 ], [ 101.741327, 2.788409, 0.0 ], [ 101.741406, 2.788344, 0.0 ], [ 101.741666, 2.788236, 0.0 ], [ 101.742099, 2.788048, 0.0 ], [ 101.742569, 2.787781, 0.0 ], [ 101.742966, 2.787492, 0.0 ], [ 101.743681, 2.786906, 0.0 ], [ 101.744173, 2.786483, 0.0 ], [ 101.744418, 2.786345, 0.0 ], [ 101.744649, 2.786302, 0.0 ], [ 101.744837, 2.786325, 0.0 ], [ 101.745002, 2.786383, 0.0 ], [ 101.745146, 2.786514, 0.0 ], [ 101.7452, 2.786574, 0.0 ], [ 101.745333, 2.786725, 0.0 ], [ 101.745449, 2.786834, 0.0 ], [ 101.745621, 2.786907, 0.0 ], [ 101.745838, 2.786914, 0.0 ], [ 101.746271, 2.786734, 0.0 ], [ 101.74682, 2.786518, 0.0 ], [ 101.747, 2.786496, 0.0 ], [ 101.747101, 2.786613, 0.0 ], [ 101.747158, 2.786787, 0.0 ], [ 101.74728, 2.786903, 0.0 ], [ 101.747302, 2.786912, 0.0 ], [ 101.747331, 2.786925, 0.0 ], [ 101.747475, 2.786889, 0.0 ], [ 101.747728, 2.786803, 0.0 ], [ 101.747872, 2.786767, 0.0 ], [ 101.748009, 2.786767, 0.0 ], [ 101.748363, 2.786826, 0.0 ], [ 101.748593, 2.786862, 0.0 ], [ 101.748853, 2.786885, 0.0 ], [ 101.749221, 2.786936, 0.0 ], [ 101.749329, 2.786929, 0.0 ], [ 101.749459, 2.786872, 0.0 ], [ 101.749546, 2.786749, 0.0 ], [ 101.749748, 2.786713, 0.0 ], [ 101.749957, 2.786699, 0.0 ], [ 101.750152, 2.786648, 0.0 ], [ 101.750411, 2.786584, 0.0 ], [ 101.750765, 2.786548, 0.0 ], [ 101.750974, 2.786534, 0.0 ], [ 101.75103, 2.786555, 0.0 ], [ 101.751154, 2.7866, 0.0 ], [ 101.751629, 2.78713, 0.0 ], [ 101.751681, 2.787188, 0.0 ], [ 101.751691, 2.787163, 0.0 ], [ 101.751705, 2.787119, 0.0 ], [ 101.751777, 2.78693, 0.0 ], [ 101.751807, 2.786837, 0.0 ], [ 101.751893, 2.786566, 0.0 ], [ 101.75198, 2.786333, 0.0 ], [ 101.751991, 2.786231, 0.0 ], [ 101.752053, 2.786232, 0.0 ], [ 101.75276, 2.786238, 0.0 ], [ 101.753706, 2.786384, 0.0 ], [ 101.755002, 2.786689, 0.0 ], [ 101.755934, 2.786369, 0.0 ], [ 101.756327, 2.786514, 0.0 ], [ 101.756871, 2.787945, 0.0 ], [ 101.756825, 2.788818, 0.0 ], [ 101.756822, 2.788878, 0.0 ], [ 101.756635, 2.792381, 0.0 ], [ 101.756562, 2.793455, 0.0 ], [ 101.756254, 2.797969, 0.0 ], [ 101.755934, 2.802136, 0.0 ], [ 101.755885, 2.802773, 0.0 ], [ 101.755837, 2.803403, 0.0 ], [ 101.755696, 2.805931, 0.0 ], [ 101.755176, 2.805931, 0.0 ], [ 101.755094, 2.805926, 0.0 ], [ 101.754633, 2.805932, 0.0 ], [ 101.746758, 2.806025, 0.0 ], [ 101.74676, 2.806045, 0.0 ], [ 101.745286, 2.806033, 0.0 ], [ 101.743475, 2.806039, 0.0 ], [ 101.743206, 2.80604, 0.0 ], [ 101.741626, 2.806044, 0.0 ] ] ] } },
{ "type": "Feature", "properties": { "Name": "113/56/03  SALAK JIJAN", "description": "1135603    <br>       <br>   KODDMA   1135603    <br>   LUAS   9377394.00719    <br>   JOBID       <br>   NAMADMA   SALAK JIJAN    <br>   Status   1    <br>   JUMLAH_PEM   1177    <br>   SHAPE_Leng   14370.07458", "timestamp": null, "begin": null, "end": null, "altitudeMode": null, "tessellate": -1, "extrude": 0, "visibility": -1, "drawOrder": null, "icon": null }, "geometry": { "type": "Polygon", "coordinates": [ [ [ 101.735112, 2.789493, 0.0 ], [ 101.734954, 2.789547, 0.0 ], [ 101.734839, 2.789566, 0.0 ], [ 101.734692, 2.789566, 0.0 ], [ 101.734449, 2.789472, 0.0 ], [ 101.734237, 2.789375, 0.0 ], [ 101.733729, 2.789187, 0.0 ], [ 101.733378, 2.78907, 0.0 ], [ 101.733244, 2.788977, 0.0 ], [ 101.733186, 2.78886, 0.0 ], [ 101.733113, 2.788728, 0.0 ], [ 101.733036, 2.788643, 0.0 ], [ 101.732855, 2.788584, 0.0 ], [ 101.732616, 2.788576, 0.0 ], [ 101.732323, 2.788548, 0.0 ], [ 101.732184, 2.788536, 0.0 ], [ 101.731795, 2.788367, 0.0 ], [ 101.731656, 2.788311, 0.0 ], [ 101.731648, 2.788665, 0.0 ], [ 101.731293, 2.788589, 0.0 ], [ 101.731011, 2.788417, 0.0 ], [ 101.730325, 2.788001, 0.0 ], [ 101.729351, 2.78741, 0.0 ], [ 101.72929, 2.787374, 0.0 ], [ 101.728997, 2.78715, 0.0 ], [ 101.728763, 2.78687, 0.0 ], [ 101.72857, 2.78664, 0.0 ], [ 101.728169, 2.785938, 0.0 ], [ 101.728076, 2.785776, 0.0 ], [ 101.727871, 2.785418, 0.0 ], [ 101.727852, 2.785355, 0.0 ], [ 101.727715, 2.785237, 0.0 ], [ 101.727551, 2.785182, 0.0 ], [ 101.727387, 2.785113, 0.0 ], [ 101.727277, 2.785057, 0.0 ], [ 101.727216, 2.784988, 0.0 ], [ 101.727161, 2.784885, 0.0 ], [ 101.727161, 2.784802, 0.0 ], [ 101.727182, 2.784633, 0.0 ], [ 101.727169, 2.784481, 0.0 ], [ 101.7271, 2.784378, 0.0 ], [ 101.726963, 2.784336, 0.0 ], [ 101.72682, 2.784308, 0.0 ], [ 101.726655, 2.78428, 0.0 ], [ 101.726532, 2.784211, 0.0 ], [ 101.726498, 2.784128, 0.0 ], [ 101.726485, 2.783922, 0.0 ], [ 101.726478, 2.78366, 0.0 ], [ 101.726417, 2.783522, 0.0 ], [ 101.726205, 2.783246, 0.0 ], [ 101.725952, 2.782949, 0.0 ], [ 101.725699, 2.782628, 0.0 ], [ 101.725563, 2.782448, 0.0 ], [ 101.725494, 2.782303, 0.0 ], [ 101.725501, 2.782236, 0.0 ], [ 101.724411, 2.781498, 0.0 ], [ 101.724077, 2.781687, 0.0 ], [ 101.72348, 2.78192, 0.0 ], [ 101.723267, 2.782043, 0.0 ], [ 101.723123, 2.782174, 0.0 ], [ 101.723061, 2.782332, 0.0 ], [ 101.723006, 2.782525, 0.0 ], [ 101.722917, 2.782552, 0.0 ], [ 101.722855, 2.782525, 0.0 ], [ 101.722766, 2.782428, 0.0 ], [ 101.722691, 2.782324, 0.0 ], [ 101.722554, 2.78231, 0.0 ], [ 101.722451, 2.782372, 0.0 ], [ 101.722327, 2.782455, 0.0 ], [ 101.722218, 2.782537, 0.0 ], [ 101.722115, 2.782592, 0.0 ], [ 101.721916, 2.782578, 0.0 ], [ 101.721711, 2.782377, 0.0 ], [ 101.721618, 2.782269, 0.0 ], [ 101.721446, 2.782181, 0.0 ], [ 101.721363, 2.782139, 0.0 ], [ 101.721294, 2.782013, 0.0 ], [ 101.721266, 2.781845, 0.0 ], [ 101.721216, 2.781782, 0.0 ], [ 101.721567, 2.781341, 0.0 ], [ 101.718271, 2.778834, 0.0 ], [ 101.713045, 2.775414, 0.0 ], [ 101.714084, 2.773811, 0.0 ], [ 101.714663, 2.770891, 0.0 ], [ 101.714959, 2.769401, 0.0 ], [ 101.715505, 2.766575, 0.0 ], [ 101.717855, 2.766891, 0.0 ], [ 101.720769, 2.76708, 0.0 ], [ 101.722367, 2.767183, 0.0 ], [ 101.730242, 2.767229, 0.0 ], [ 101.740689, 2.767183, 0.0 ], [ 101.740613, 2.767242, 0.0 ], [ 101.741751, 2.76727, 0.0 ], [ 101.746814, 2.767343, 0.0 ], [ 101.748957, 2.767423, 0.0 ], [ 101.751584, 2.767521, 0.0 ], [ 101.751651, 2.767524, 0.0 ], [ 101.751636, 2.767566, 0.0 ], [ 101.751614, 2.767632, 0.0 ], [ 101.7516, 2.767733, 0.0 ], [ 101.751594, 2.767762, 0.0 ], [ 101.751571, 2.767864, 0.0 ], [ 101.751542, 2.767937, 0.0 ], [ 101.751542, 2.767981, 0.0 ], [ 101.751513, 2.768112, 0.0 ], [ 101.751494, 2.768191, 0.0 ], [ 101.751484, 2.768228, 0.0 ], [ 101.751455, 2.768359, 0.0 ], [ 101.751455, 2.768374, 0.0 ], [ 101.751426, 2.76849, 0.0 ], [ 101.751412, 2.768621, 0.0 ], [ 101.751383, 2.768752, 0.0 ], [ 101.751383, 2.768825, 0.0 ], [ 101.751368, 2.768883, 0.0 ], [ 101.751354, 2.769029, 0.0 ], [ 101.75134, 2.76916, 0.0 ], [ 101.75134, 2.769276, 0.0 ], [ 101.75134, 2.769291, 0.0 ], [ 101.751325, 2.769436, 0.0 ], [ 101.751325, 2.769567, 0.0 ], [ 101.751325, 2.769713, 0.0 ], [ 101.751325, 2.769727, 0.0 ], [ 101.75134, 2.769844, 0.0 ], [ 101.75134, 2.769975, 0.0 ], [ 101.75134, 2.770106, 0.0 ], [ 101.75134, 2.770179, 0.0 ], [ 101.751354, 2.770237, 0.0 ], [ 101.751354, 2.770353, 0.0 ], [ 101.751369, 2.770484, 0.0 ], [ 101.751383, 2.770601, 0.0 ], [ 101.751383, 2.77063, 0.0 ], [ 101.751398, 2.770717, 0.0 ], [ 101.751412, 2.770834, 0.0 ], [ 101.751427, 2.77095, 0.0 ], [ 101.751456, 2.771066, 0.0 ], [ 101.751456, 2.771081, 0.0 ], [ 101.75147, 2.771183, 0.0 ], [ 101.751499, 2.771285, 0.0 ], [ 101.751505, 2.771306, 0.0 ], [ 101.751528, 2.771387, 0.0 ], [ 101.751552, 2.771469, 0.0 ], [ 101.751554, 2.771478, 0.0 ], [ 101.751693, 2.771443, 0.0 ], [ 101.75195, 2.77138, 0.0 ], [ 101.754037, 2.770363, 0.0 ], [ 101.754527, 2.770789, 0.0 ], [ 101.754731, 2.770726, 0.0 ], [ 101.757205, 2.770891, 0.0 ], [ 101.757474, 2.770909, 0.0 ], [ 101.757701, 2.770924, 0.0 ], [ 101.757937, 2.770972, 0.0 ], [ 101.757376, 2.778465, 0.0 ], [ 101.757242, 2.78098, 0.0 ], [ 101.756871, 2.787945, 0.0 ], [ 101.756327, 2.786514, 0.0 ], [ 101.755934, 2.786369, 0.0 ], [ 101.755002, 2.786689, 0.0 ], [ 101.753706, 2.786384, 0.0 ], [ 101.75276, 2.786238, 0.0 ], [ 101.752053, 2.786232, 0.0 ], [ 101.751991, 2.786231, 0.0 ], [ 101.75198, 2.786333, 0.0 ], [ 101.751893, 2.786566, 0.0 ], [ 101.751807, 2.786837, 0.0 ], [ 101.751777, 2.78693, 0.0 ], [ 101.751705, 2.787119, 0.0 ], [ 101.751691, 2.787163, 0.0 ], [ 101.751681, 2.787188, 0.0 ], [ 101.751629, 2.78713, 0.0 ], [ 101.751154, 2.7866, 0.0 ], [ 101.75103, 2.786555, 0.0 ], [ 101.750974, 2.786534, 0.0 ], [ 101.750765, 2.786548, 0.0 ], [ 101.750411, 2.786584, 0.0 ], [ 101.750152, 2.786648, 0.0 ], [ 101.749957, 2.786699, 0.0 ], [ 101.749748, 2.786713, 0.0 ], [ 101.749546, 2.786749, 0.0 ], [ 101.749459, 2.786872, 0.0 ], [ 101.749329, 2.786929, 0.0 ], [ 101.749221, 2.786936, 0.0 ], [ 101.748853, 2.786885, 0.0 ], [ 101.748593, 2.786862, 0.0 ], [ 101.748363, 2.786826, 0.0 ], [ 101.748009, 2.786767, 0.0 ], [ 101.747872, 2.786767, 0.0 ], [ 101.747728, 2.786803, 0.0 ], [ 101.747475, 2.786889, 0.0 ], [ 101.747331, 2.786925, 0.0 ], [ 101.747302, 2.786912, 0.0 ], [ 101.74728, 2.786903, 0.0 ], [ 101.747158, 2.786787, 0.0 ], [ 101.747101, 2.786613, 0.0 ], [ 101.747, 2.786496, 0.0 ], [ 101.74682, 2.786518, 0.0 ], [ 101.746271, 2.786734, 0.0 ], [ 101.745838, 2.786914, 0.0 ], [ 101.745621, 2.786907, 0.0 ], [ 101.745449, 2.786834, 0.0 ], [ 101.745333, 2.786725, 0.0 ], [ 101.7452, 2.786574, 0.0 ], [ 101.745146, 2.786514, 0.0 ], [ 101.745002, 2.786383, 0.0 ], [ 101.744837, 2.786325, 0.0 ], [ 101.744649, 2.786302, 0.0 ], [ 101.744418, 2.786345, 0.0 ], [ 101.744173, 2.786483, 0.0 ], [ 101.743681, 2.786906, 0.0 ], [ 101.742966, 2.787492, 0.0 ], [ 101.742569, 2.787781, 0.0 ], [ 101.742099, 2.788048, 0.0 ], [ 101.741666, 2.788236, 0.0 ], [ 101.741406, 2.788344, 0.0 ], [ 101.741327, 2.788409, 0.0 ], [ 101.741247, 2.788568, 0.0 ], [ 101.74116, 2.788612, 0.0 ], [ 101.741045, 2.78859, 0.0 ], [ 101.740879, 2.788546, 0.0 ], [ 101.740641, 2.788611, 0.0 ], [ 101.740482, 2.788784, 0.0 ], [ 101.740373, 2.788944, 0.0 ], [ 101.740214, 2.789212, 0.0 ], [ 101.740113, 2.78932, 0.0 ], [ 101.739817, 2.789341, 0.0 ], [ 101.739449, 2.789275, 0.0 ], [ 101.73937, 2.789255, 0.0 ], [ 101.738599, 2.789055, 0.0 ], [ 101.738252, 2.789019, 0.0 ], [ 101.738071, 2.789019, 0.0 ], [ 101.737959, 2.789069, 0.0 ], [ 101.737793, 2.789173, 0.0 ], [ 101.737534, 2.789219, 0.0 ], [ 101.737176, 2.789245, 0.0 ], [ 101.737037, 2.78921, 0.0 ], [ 101.736848, 2.789167, 0.0 ], [ 101.736663, 2.789175, 0.0 ], [ 101.736474, 2.789217, 0.0 ], [ 101.736331, 2.789263, 0.0 ], [ 101.736235, 2.789317, 0.0 ], [ 101.736107, 2.78941, 0.0 ], [ 101.735949, 2.789526, 0.0 ], [ 101.735787, 2.789549, 0.0 ], [ 101.73554, 2.789521, 0.0 ], [ 101.735367, 2.78947, 0.0 ], [ 101.735232, 2.78947, 0.0 ], [ 101.735112, 2.789493, 0.0 ] ] ] } },
{ "type": "Feature", "properties": { "Name": "113/56/04  LOTHIAN TIMUR", "description": "1135604    <br>       <br>   KODDMA   1135604    <br>   LUAS   110031309.21    <br>   JOBID       <br>   NAMADMA   LOTHIAN TIMUR    <br>   Status   1    <br>   JUMLAH_PEM   684    <br>   SHAPE_Leng   49402.743019", "timestamp": null, "begin": null, "end": null, "altitudeMode": null, "tessellate": -1, "extrude": 0, "visibility": -1, "drawOrder": null, "icon": null }, "geometry": { "type": "Polygon", "coordinates": [ [ [ 101.683165, 2.814038, 0.0 ], [ 101.682875, 2.814389, 0.0 ], [ 101.673733, 2.803578, 0.0 ], [ 101.671377, 2.800793, 0.0 ], [ 101.670819, 2.800636, 0.0 ], [ 101.670704, 2.800499, 0.0 ], [ 101.670706, 2.800497, 0.0 ], [ 101.670127, 2.799804, 0.0 ], [ 101.669514, 2.799067, 0.0 ], [ 101.669509, 2.798889, 0.0 ], [ 101.669447, 2.798819, 0.0 ], [ 101.667791, 2.796854, 0.0 ], [ 101.664519, 2.792971, 0.0 ], [ 101.664519, 2.792972, 0.0 ], [ 101.664383, 2.79281, 0.0 ], [ 101.639783, 2.764394, 0.0 ], [ 101.635996, 2.759748, 0.0 ], [ 101.634503, 2.757918, 0.0 ], [ 101.633164, 2.756276, 0.0 ], [ 101.633182, 2.754724, 0.0 ], [ 101.633204, 2.752784, 0.0 ], [ 101.633226, 2.750843, 0.0 ], [ 101.633248, 2.74888, 0.0 ], [ 101.633271, 2.746916, 0.0 ], [ 101.63324, 2.745678, 0.0 ], [ 101.633178, 2.74309, 0.0 ], [ 101.633142, 2.741606, 0.0 ], [ 101.633117, 2.740502, 0.0 ], [ 101.633055, 2.737903, 0.0 ], [ 101.633023, 2.736567, 0.0 ], [ 101.632992, 2.735305, 0.0 ], [ 101.63293, 2.732696, 0.0 ], [ 101.632868, 2.730087, 0.0 ], [ 101.632808, 2.727597, 0.0 ], [ 101.63299, 2.7276, 0.0 ], [ 101.632961, 2.726546, 0.0 ], [ 101.632922, 2.724873, 0.0 ], [ 101.63448, 2.723969, 0.0 ], [ 101.636063, 2.723051, 0.0 ], [ 101.637815, 2.722034, 0.0 ], [ 101.639864, 2.720845, 0.0 ], [ 101.642204, 2.719486, 0.0 ], [ 101.644487, 2.718162, 0.0 ], [ 101.646051, 2.717255, 0.0 ], [ 101.647077, 2.716659, 0.0 ], [ 101.651986, 2.713805, 0.0 ], [ 101.65297, 2.713806, 0.0 ], [ 101.65295, 2.713265, 0.0 ], [ 101.657464, 2.710696, 0.0 ], [ 101.658821, 2.709924, 0.0 ], [ 101.661138, 2.708606, 0.0 ], [ 101.663052, 2.707517, 0.0 ], [ 101.665228, 2.706279, 0.0 ], [ 101.66758, 2.704941, 0.0 ], [ 101.669862, 2.703643, 0.0 ], [ 101.67221, 2.702307, 0.0 ], [ 101.673342, 2.701662, 0.0 ], [ 101.67455, 2.700975, 0.0 ], [ 101.676873, 2.699654, 0.0 ], [ 101.678898, 2.698501, 0.0 ], [ 101.680679, 2.697489, 0.0 ], [ 101.682252, 2.696594, 0.0 ], [ 101.683813, 2.695705, 0.0 ], [ 101.686163, 2.694369, 0.0 ], [ 101.688494, 2.693043, 0.0 ], [ 101.690814, 2.691723, 0.0 ], [ 101.69165, 2.691236, 0.0 ], [ 101.692298, 2.691236, 0.0 ], [ 101.692951, 2.691235, 0.0 ], [ 101.693603, 2.691235, 0.0 ], [ 101.694268, 2.691242, 0.0 ], [ 101.694926, 2.69124, 0.0 ], [ 101.695577, 2.691232, 0.0 ], [ 101.696228, 2.691224, 0.0 ], [ 101.696409, 2.691221, 0.0 ], [ 101.697062, 2.691213, 0.0 ], [ 101.697713, 2.691205, 0.0 ], [ 101.698364, 2.691196, 0.0 ], [ 101.699015, 2.691197, 0.0 ], [ 101.699666, 2.691198, 0.0 ], [ 101.700575, 2.691186, 0.0 ], [ 101.701674, 2.691171, 0.0 ], [ 101.701876, 2.690668, 0.0 ], [ 101.701931, 2.690531, 0.0 ], [ 101.701948, 2.690489, 0.0 ], [ 101.70246, 2.689213, 0.0 ], [ 101.70337, 2.686949, 0.0 ], [ 101.703441, 2.686772, 0.0 ], [ 101.704151, 2.685005, 0.0 ], [ 101.704864, 2.683234, 0.0 ], [ 101.704935, 2.683057, 0.0 ], [ 101.705646, 2.681286, 0.0 ], [ 101.705764, 2.681478, 0.0 ], [ 101.706312, 2.680115, 0.0 ], [ 101.706313, 2.680112, 0.0 ], [ 101.706725, 2.680832, 0.0 ], [ 101.707696, 2.682533, 0.0 ], [ 101.708677, 2.684251, 0.0 ], [ 101.709546, 2.685772, 0.0 ], [ 101.710817, 2.688, 0.0 ], [ 101.711722, 2.689586, 0.0 ], [ 101.712594, 2.691113, 0.0 ], [ 101.713244, 2.69225, 0.0 ], [ 101.713826, 2.69327, 0.0 ], [ 101.714856, 2.695073, 0.0 ], [ 101.715483, 2.696171, 0.0 ], [ 101.716401, 2.697779, 0.0 ], [ 101.71732, 2.699386, 0.0 ], [ 101.71822, 2.700962, 0.0 ], [ 101.719564, 2.703315, 0.0 ], [ 101.720563, 2.705063, 0.0 ], [ 101.721705, 2.707063, 0.0 ], [ 101.722568, 2.708567, 0.0 ], [ 101.723192, 2.709666, 0.0 ], [ 101.724146, 2.711337, 0.0 ], [ 101.725206, 2.713195, 0.0 ], [ 101.726308, 2.715124, 0.0 ], [ 101.72741, 2.717053, 0.0 ], [ 101.728565, 2.719077, 0.0 ], [ 101.728721, 2.71935, 0.0 ], [ 101.729344, 2.720441, 0.0 ], [ 101.730628, 2.722692, 0.0 ], [ 101.731546, 2.7243, 0.0 ], [ 101.73169, 2.724196, 0.0 ], [ 101.733691, 2.722749, 0.0 ], [ 101.735888, 2.72116, 0.0 ], [ 101.737457, 2.720023, 0.0 ], [ 101.738576, 2.720364, 0.0 ], [ 101.740227, 2.720868, 0.0 ], [ 101.741293, 2.721921, 0.0 ], [ 101.742279, 2.722896, 0.0 ], [ 101.74168, 2.724427, 0.0 ], [ 101.741423, 2.725084, 0.0 ], [ 101.741529, 2.726436, 0.0 ], [ 101.741649, 2.72796, 0.0 ], [ 101.741863, 2.730673, 0.0 ], [ 101.740883, 2.73219, 0.0 ], [ 101.740159, 2.733313, 0.0 ], [ 101.739028, 2.735065, 0.0 ], [ 101.737555, 2.737349, 0.0 ], [ 101.738513, 2.738546, 0.0 ], [ 101.738904, 2.739036, 0.0 ], [ 101.739728, 2.737098, 0.0 ], [ 101.740677, 2.73485, 0.0 ], [ 101.740782, 2.734601, 0.0 ], [ 101.740852, 2.734433, 0.0 ], [ 101.741111, 2.734532, 0.0 ], [ 101.742028, 2.734883, 0.0 ], [ 101.748328, 2.737288, 0.0 ], [ 101.749911, 2.737891, 0.0 ], [ 101.757922, 2.740943, 0.0 ], [ 101.758088, 2.741009, 0.0 ], [ 101.759619, 2.741594, 0.0 ], [ 101.760051, 2.741872, 0.0 ], [ 101.758683, 2.761014, 0.0 ], [ 101.758114, 2.768603, 0.0 ], [ 101.757937, 2.770972, 0.0 ], [ 101.757701, 2.770924, 0.0 ], [ 101.757474, 2.770909, 0.0 ], [ 101.757205, 2.770891, 0.0 ], [ 101.754731, 2.770726, 0.0 ], [ 101.754527, 2.770789, 0.0 ], [ 101.754037, 2.770363, 0.0 ], [ 101.75195, 2.77138, 0.0 ], [ 101.751693, 2.771443, 0.0 ], [ 101.751554, 2.771478, 0.0 ], [ 101.751552, 2.771469, 0.0 ], [ 101.751528, 2.771387, 0.0 ], [ 101.751505, 2.771306, 0.0 ], [ 101.751499, 2.771285, 0.0 ], [ 101.75147, 2.771183, 0.0 ], [ 101.751456, 2.771081, 0.0 ], [ 101.751456, 2.771066, 0.0 ], [ 101.751427, 2.77095, 0.0 ], [ 101.751412, 2.770834, 0.0 ], [ 101.751398, 2.770717, 0.0 ], [ 101.751383, 2.77063, 0.0 ], [ 101.751383, 2.770601, 0.0 ], [ 101.751369, 2.770484, 0.0 ], [ 101.751354, 2.770353, 0.0 ], [ 101.751354, 2.770237, 0.0 ], [ 101.75134, 2.770179, 0.0 ], [ 101.75134, 2.770106, 0.0 ], [ 101.75134, 2.769975, 0.0 ], [ 101.75134, 2.769844, 0.0 ], [ 101.751325, 2.769727, 0.0 ], [ 101.751325, 2.769713, 0.0 ], [ 101.751325, 2.769567, 0.0 ], [ 101.751325, 2.769436, 0.0 ], [ 101.75134, 2.769291, 0.0 ], [ 101.75134, 2.769276, 0.0 ], [ 101.75134, 2.76916, 0.0 ], [ 101.751354, 2.769029, 0.0 ], [ 101.751368, 2.768883, 0.0 ], [ 101.751383, 2.768825, 0.0 ], [ 101.751383, 2.768752, 0.0 ], [ 101.751412, 2.768621, 0.0 ], [ 101.751426, 2.76849, 0.0 ], [ 101.751455, 2.768374, 0.0 ], [ 101.751455, 2.768359, 0.0 ], [ 101.751484, 2.768228, 0.0 ], [ 101.751494, 2.768191, 0.0 ], [ 101.751513, 2.768112, 0.0 ], [ 101.751542, 2.767981, 0.0 ], [ 101.751542, 2.767937, 0.0 ], [ 101.751571, 2.767864, 0.0 ], [ 101.751594, 2.767762, 0.0 ], [ 101.7516, 2.767733, 0.0 ], [ 101.751614, 2.767632, 0.0 ], [ 101.751636, 2.767566, 0.0 ], [ 101.751651, 2.767524, 0.0 ], [ 101.751584, 2.767521, 0.0 ], [ 101.748957, 2.767423, 0.0 ], [ 101.746814, 2.767343, 0.0 ], [ 101.741751, 2.76727, 0.0 ], [ 101.740613, 2.767242, 0.0 ], [ 101.740689, 2.767183, 0.0 ], [ 101.730242, 2.767229, 0.0 ], [ 101.722367, 2.767183, 0.0 ], [ 101.720769, 2.76708, 0.0 ], [ 101.717855, 2.766891, 0.0 ], [ 101.715505, 2.766575, 0.0 ], [ 101.714959, 2.769401, 0.0 ], [ 101.714663, 2.770891, 0.0 ], [ 101.714084, 2.773811, 0.0 ], [ 101.713045, 2.775414, 0.0 ], [ 101.709791, 2.780435, 0.0 ], [ 101.705512, 2.784286, 0.0 ], [ 101.698762, 2.786296, 0.0 ], [ 101.697228, 2.786753, 0.0 ], [ 101.695646, 2.793075, 0.0 ], [ 101.695172, 2.794897, 0.0 ], [ 101.694308, 2.797199, 0.0 ], [ 101.69338, 2.79937, 0.0 ], [ 101.693046, 2.800311, 0.0 ], [ 101.692631, 2.801205, 0.0 ], [ 101.691549, 2.80368, 0.0 ], [ 101.691039, 2.804728, 0.0 ], [ 101.690897, 2.804933, 0.0 ], [ 101.690857, 2.805065, 0.0 ], [ 101.690876, 2.805119, 0.0 ], [ 101.690994, 2.805123, 0.0 ], [ 101.691014, 2.805124, 0.0 ], [ 101.691114, 2.805126, 0.0 ], [ 101.691158, 2.805127, 0.0 ], [ 101.691177, 2.805208, 0.0 ], [ 101.691048, 2.805387, 0.0 ], [ 101.690854, 2.805532, 0.0 ], [ 101.690708, 2.805759, 0.0 ], [ 101.690659, 2.8061, 0.0 ], [ 101.690626, 2.806376, 0.0 ], [ 101.690414, 2.807106, 0.0 ], [ 101.689896, 2.807771, 0.0 ], [ 101.689669, 2.80816, 0.0 ], [ 101.688861, 2.808629, 0.0 ], [ 101.68831, 2.809391, 0.0 ], [ 101.688148, 2.809731, 0.0 ], [ 101.687759, 2.810233, 0.0 ], [ 101.687209, 2.810589, 0.0 ], [ 101.687063, 2.810881, 0.0 ], [ 101.686981, 2.811563, 0.0 ], [ 101.686787, 2.811855, 0.0 ], [ 101.686528, 2.811968, 0.0 ], [ 101.68656, 2.812081, 0.0 ], [ 101.686543, 2.812309, 0.0 ], [ 101.686171, 2.812811, 0.0 ], [ 101.685654, 2.813053, 0.0 ], [ 101.685007, 2.81362, 0.0 ], [ 101.684554, 2.813733, 0.0 ], [ 101.684166, 2.813992, 0.0 ], [ 101.683359, 2.813974, 0.0 ], [ 101.683165, 2.814038, 0.0 ] ] ] } },
{ "type": "Feature", "properties": { "Name": "113/56/05  SEPANG UTARA", "description": "1135605    <br>       <br>   KODDMA   1135605    <br>   LUAS   23815247.7246    <br>   JOBID       <br>   NAMADMA   SEPANG UTARA    <br>   Status   1    <br>   JUMLAH_PEM   1886    <br>   SHAPE_Leng   29798.149312", "timestamp": null, "begin": null, "end": null, "altitudeMode": null, "tessellate": -1, "extrude": 0, "visibility": -1, "drawOrder": null, "icon": null }, "geometry": { "type": "Polygon", "coordinates": [ [ [ 101.760372, 2.737372, 0.0 ], [ 101.760121, 2.740888, 0.0 ], [ 101.760095, 2.741244, 0.0 ], [ 101.760051, 2.741872, 0.0 ], [ 101.759619, 2.741594, 0.0 ], [ 101.758088, 2.741009, 0.0 ], [ 101.757922, 2.740943, 0.0 ], [ 101.749911, 2.737891, 0.0 ], [ 101.748328, 2.737288, 0.0 ], [ 101.742028, 2.734883, 0.0 ], [ 101.741111, 2.734532, 0.0 ], [ 101.740852, 2.734433, 0.0 ], [ 101.740782, 2.734601, 0.0 ], [ 101.740677, 2.73485, 0.0 ], [ 101.739728, 2.737098, 0.0 ], [ 101.738904, 2.739036, 0.0 ], [ 101.738513, 2.738546, 0.0 ], [ 101.737555, 2.737349, 0.0 ], [ 101.739028, 2.735065, 0.0 ], [ 101.740159, 2.733313, 0.0 ], [ 101.740883, 2.73219, 0.0 ], [ 101.741863, 2.730673, 0.0 ], [ 101.741649, 2.72796, 0.0 ], [ 101.741529, 2.726436, 0.0 ], [ 101.741423, 2.725084, 0.0 ], [ 101.74168, 2.724427, 0.0 ], [ 101.742279, 2.722896, 0.0 ], [ 101.741293, 2.721921, 0.0 ], [ 101.740227, 2.720868, 0.0 ], [ 101.738576, 2.720364, 0.0 ], [ 101.737457, 2.720023, 0.0 ], [ 101.735888, 2.72116, 0.0 ], [ 101.733691, 2.722749, 0.0 ], [ 101.73169, 2.724196, 0.0 ], [ 101.731546, 2.7243, 0.0 ], [ 101.730628, 2.722692, 0.0 ], [ 101.729344, 2.720441, 0.0 ], [ 101.728721, 2.71935, 0.0 ], [ 101.728565, 2.719077, 0.0 ], [ 101.72741, 2.717053, 0.0 ], [ 101.726308, 2.715124, 0.0 ], [ 101.725206, 2.713195, 0.0 ], [ 101.724146, 2.711337, 0.0 ], [ 101.723192, 2.709666, 0.0 ], [ 101.722568, 2.708567, 0.0 ], [ 101.721705, 2.707063, 0.0 ], [ 101.720563, 2.705063, 0.0 ], [ 101.719564, 2.703315, 0.0 ], [ 101.71822, 2.700962, 0.0 ], [ 101.71732, 2.699386, 0.0 ], [ 101.716401, 2.697779, 0.0 ], [ 101.715483, 2.696171, 0.0 ], [ 101.714856, 2.695073, 0.0 ], [ 101.713826, 2.69327, 0.0 ], [ 101.713244, 2.69225, 0.0 ], [ 101.712594, 2.691113, 0.0 ], [ 101.711722, 2.689586, 0.0 ], [ 101.710817, 2.688, 0.0 ], [ 101.709546, 2.685772, 0.0 ], [ 101.708677, 2.684251, 0.0 ], [ 101.707696, 2.682533, 0.0 ], [ 101.706725, 2.680832, 0.0 ], [ 101.706313, 2.680112, 0.0 ], [ 101.706312, 2.680115, 0.0 ], [ 101.706311, 2.680114, 0.0 ], [ 101.706532, 2.679567, 0.0 ], [ 101.706569, 2.679473, 0.0 ], [ 101.709369, 2.672511, 0.0 ], [ 101.710069, 2.670753, 0.0 ], [ 101.715105, 2.672554, 0.0 ], [ 101.716864, 2.673187, 0.0 ], [ 101.71687, 2.673189, 0.0 ], [ 101.719956, 2.674301, 0.0 ], [ 101.723564, 2.675595, 0.0 ], [ 101.723632, 2.675619, 0.0 ], [ 101.725037, 2.676124, 0.0 ], [ 101.728832, 2.677486, 0.0 ], [ 101.729034, 2.677558, 0.0 ], [ 101.729784, 2.677829, 0.0 ], [ 101.730833, 2.678205, 0.0 ], [ 101.731862, 2.678573, 0.0 ], [ 101.73288, 2.678938, 0.0 ], [ 101.734168, 2.67706, 0.0 ], [ 101.735641, 2.677713, 0.0 ], [ 101.734864, 2.679481, 0.0 ], [ 101.734798, 2.67963, 0.0 ], [ 101.734319, 2.680416, 0.0 ], [ 101.733823, 2.681229, 0.0 ], [ 101.733299, 2.682101, 0.0 ], [ 101.732595, 2.683271, 0.0 ], [ 101.732002, 2.684248, 0.0 ], [ 101.731355, 2.685317, 0.0 ], [ 101.731184, 2.685605, 0.0 ], [ 101.730999, 2.685918, 0.0 ], [ 101.73081, 2.686225, 0.0 ], [ 101.730625, 2.686538, 0.0 ], [ 101.73044, 2.68685, 0.0 ], [ 101.730255, 2.687163, 0.0 ], [ 101.73007, 2.687476, 0.0 ], [ 101.729885, 2.687789, 0.0 ], [ 101.7297, 2.688102, 0.0 ], [ 101.729515, 2.688415, 0.0 ], [ 101.728776, 2.689666, 0.0 ], [ 101.728591, 2.689979, 0.0 ], [ 101.728429, 2.690254, 0.0 ], [ 101.72947, 2.690876, 0.0 ], [ 101.72957, 2.690938, 0.0 ], [ 101.730657, 2.689099, 0.0 ], [ 101.731321, 2.687958, 0.0 ], [ 101.732637, 2.687497, 0.0 ], [ 101.732785, 2.687141, 0.0 ], [ 101.732968, 2.686705, 0.0 ], [ 101.73315, 2.686269, 0.0 ], [ 101.734896, 2.687201, 0.0 ], [ 101.73612, 2.687851, 0.0 ], [ 101.736013, 2.688425, 0.0 ], [ 101.735713, 2.689904, 0.0 ], [ 101.735709, 2.689922, 0.0 ], [ 101.735699, 2.690168, 0.0 ], [ 101.735703, 2.690421, 0.0 ], [ 101.736633, 2.690404, 0.0 ], [ 101.736769, 2.690313, 0.0 ], [ 101.737174, 2.690039, 0.0 ], [ 101.737585, 2.68985, 0.0 ], [ 101.737948, 2.689684, 0.0 ], [ 101.73828, 2.689518, 0.0 ], [ 101.738382, 2.689467, 0.0 ], [ 101.739108, 2.689106, 0.0 ], [ 101.739839, 2.688768, 0.0 ], [ 101.740017, 2.688691, 0.0 ], [ 101.7404, 2.68915, 0.0 ], [ 101.741422, 2.689391, 0.0 ], [ 101.742766, 2.688846, 0.0 ], [ 101.743199, 2.687092, 0.0 ], [ 101.743595, 2.68532, 0.0 ], [ 101.743917, 2.684044, 0.0 ], [ 101.744034, 2.683563, 0.0 ], [ 101.743882, 2.683446, 0.0 ], [ 101.74435, 2.682006, 0.0 ], [ 101.744378, 2.681911, 0.0 ], [ 101.744403, 2.68192, 0.0 ], [ 101.744523, 2.681966, 0.0 ], [ 101.744524, 2.681966, 0.0 ], [ 101.744646, 2.68201, 0.0 ], [ 101.744735, 2.682043, 0.0 ], [ 101.744771, 2.682056, 0.0 ], [ 101.744896, 2.682101, 0.0 ], [ 101.745023, 2.682148, 0.0 ], [ 101.74515, 2.682194, 0.0 ], [ 101.745158, 2.682197, 0.0 ], [ 101.745276, 2.682242, 0.0 ], [ 101.745404, 2.682289, 0.0 ], [ 101.745532, 2.682335, 0.0 ], [ 101.74558, 2.682352, 0.0 ], [ 101.745626, 2.682368, 0.0 ], [ 101.74566, 2.68238, 0.0 ], [ 101.745788, 2.682424, 0.0 ], [ 101.745913, 2.682468, 0.0 ], [ 101.746004, 2.682501, 0.0 ], [ 101.746034, 2.682511, 0.0 ], [ 101.746147, 2.682552, 0.0 ], [ 101.746252, 2.68259, 0.0 ], [ 101.746298, 2.682606, 0.0 ], [ 101.746352, 2.682626, 0.0 ], [ 101.746426, 2.682654, 0.0 ], [ 101.746444, 2.68266, 0.0 ], [ 101.74653, 2.682694, 0.0 ], [ 101.746612, 2.682729, 0.0 ], [ 101.746693, 2.682767, 0.0 ], [ 101.746768, 2.682802, 0.0 ], [ 101.746829, 2.682837, 0.0 ], [ 101.746836, 2.682841, 0.0 ], [ 101.74685, 2.682849, 0.0 ], [ 101.746939, 2.682908, 0.0 ], [ 101.747023, 2.682971, 0.0 ], [ 101.747104, 2.683038, 0.0 ], [ 101.747189, 2.683119, 0.0 ], [ 101.747334, 2.68326, 0.0 ], [ 101.747404, 2.683338, 0.0 ], [ 101.747406, 2.683339, 0.0 ], [ 101.747572, 2.683517, 0.0 ], [ 101.747812, 2.683772, 0.0 ], [ 101.747894, 2.683859, 0.0 ], [ 101.747925, 2.683895, 0.0 ], [ 101.747949, 2.683922, 0.0 ], [ 101.747962, 2.683935, 0.0 ], [ 101.747974, 2.683949, 0.0 ], [ 101.748, 2.683975, 0.0 ], [ 101.748007, 2.683982, 0.0 ], [ 101.748047, 2.684025, 0.0 ], [ 101.748095, 2.684076, 0.0 ], [ 101.748117, 2.684101, 0.0 ], [ 101.748148, 2.684133, 0.0 ], [ 101.748424, 2.684433, 0.0 ], [ 101.748538, 2.684557, 0.0 ], [ 101.74857, 2.684593, 0.0 ], [ 101.748729, 2.684766, 0.0 ], [ 101.749033, 2.685098, 0.0 ], [ 101.749338, 2.68543, 0.0 ], [ 101.749643, 2.685763, 0.0 ], [ 101.749905, 2.686048, 0.0 ], [ 101.74992, 2.686065, 0.0 ], [ 101.749943, 2.686099, 0.0 ], [ 101.749948, 2.686105, 0.0 ], [ 101.749979, 2.686145, 0.0 ], [ 101.750052, 2.686257, 0.0 ], [ 101.750053, 2.68626, 0.0 ], [ 101.750101, 2.686347, 0.0 ], [ 101.750138, 2.686418, 0.0 ], [ 101.750153, 2.686454, 0.0 ], [ 101.750169, 2.686488, 0.0 ], [ 101.75017, 2.68649, 0.0 ], [ 101.750184, 2.686526, 0.0 ], [ 101.750186, 2.686533, 0.0 ], [ 101.750207, 2.686593, 0.0 ], [ 101.750171, 2.686624, 0.0 ], [ 101.750151, 2.686639, 0.0 ], [ 101.750102, 2.686679, 0.0 ], [ 101.750098, 2.686682, 0.0 ], [ 101.75009, 2.686688, 0.0 ], [ 101.750074, 2.686699, 0.0 ], [ 101.750001, 2.686751, 0.0 ], [ 101.74989, 2.686826, 0.0 ], [ 101.749803, 2.686883, 0.0 ], [ 101.749708, 2.686947, 0.0 ], [ 101.749614, 2.686992, 0.0 ], [ 101.749608, 2.686995, 0.0 ], [ 101.749513, 2.687045, 0.0 ], [ 101.749434, 2.687094, 0.0 ], [ 101.749413, 2.687108, 0.0 ], [ 101.749355, 2.687147, 0.0 ], [ 101.749251, 2.687219, 0.0 ], [ 101.749067, 2.687347, 0.0 ], [ 101.749054, 2.687356, 0.0 ], [ 101.749046, 2.68736, 0.0 ], [ 101.749043, 2.687364, 0.0 ], [ 101.749213, 2.687576, 0.0 ], [ 101.749398, 2.687805, 0.0 ], [ 101.749657, 2.688128, 0.0 ], [ 101.749861, 2.688381, 0.0 ], [ 101.749868, 2.68839, 0.0 ], [ 101.749823, 2.689027, 0.0 ], [ 101.749646, 2.689598, 0.0 ], [ 101.749644, 2.689606, 0.0 ], [ 101.749459, 2.690203, 0.0 ], [ 101.749445, 2.690234, 0.0 ], [ 101.749318, 2.690188, 0.0 ], [ 101.749157, 2.690898, 0.0 ], [ 101.749412, 2.690989, 0.0 ], [ 101.749101, 2.692361, 0.0 ], [ 101.749109, 2.692364, 0.0 ], [ 101.749109, 2.693466, 0.0 ], [ 101.749193, 2.694788, 0.0 ], [ 101.749273, 2.695113, 0.0 ], [ 101.748727, 2.695721, 0.0 ], [ 101.747937, 2.696599, 0.0 ], [ 101.74882, 2.698049, 0.0 ], [ 101.749722, 2.697061, 0.0 ], [ 101.750179, 2.696559, 0.0 ], [ 101.75035, 2.696822, 0.0 ], [ 101.751446, 2.697232, 0.0 ], [ 101.752131, 2.697489, 0.0 ], [ 101.752888, 2.697773, 0.0 ], [ 101.753784, 2.69694, 0.0 ], [ 101.754043, 2.697978, 0.0 ], [ 101.754377, 2.698237, 0.0 ], [ 101.755704, 2.697911, 0.0 ], [ 101.755979, 2.698068, 0.0 ], [ 101.756275, 2.698295, 0.0 ], [ 101.756581, 2.698305, 0.0 ], [ 101.756896, 2.698269, 0.0 ], [ 101.757444, 2.698551, 0.0 ], [ 101.757758, 2.698741, 0.0 ], [ 101.757955, 2.699257, 0.0 ], [ 101.75869, 2.699293, 0.0 ], [ 101.758746, 2.699295, 0.0 ], [ 101.758814, 2.699266, 0.0 ], [ 101.759016, 2.699178, 0.0 ], [ 101.75934, 2.69879, 0.0 ], [ 101.759727, 2.698728, 0.0 ], [ 101.760212, 2.698973, 0.0 ], [ 101.760499, 2.699371, 0.0 ], [ 101.760463, 2.699625, 0.0 ], [ 101.760292, 2.699796, 0.0 ], [ 101.76003, 2.700067, 0.0 ], [ 101.759813, 2.7005, 0.0 ], [ 101.759939, 2.700763, 0.0 ], [ 101.760162, 2.70127, 0.0 ], [ 101.760539, 2.701632, 0.0 ], [ 101.760609, 2.701835, 0.0 ], [ 101.760691, 2.702076, 0.0 ], [ 101.761714, 2.703154, 0.0 ], [ 101.761789, 2.703335, 0.0 ], [ 101.762144, 2.703548, 0.0 ], [ 101.762059, 2.704833, 0.0 ], [ 101.761856, 2.70781, 0.0 ], [ 101.761806, 2.710651, 0.0 ], [ 101.761421, 2.722714, 0.0 ], [ 101.761184, 2.726026, 0.0 ], [ 101.760372, 2.737372, 0.0 ] ] ] } },
{ "type": "Feature", "properties": { "Name": "113/56/06  SEPANG SELATAN", "description": "1135606    <br>       <br>   KODDMA   1135606    <br>   LUAS   9208183.6984    <br>   JOBID       <br>   NAMADMA   SEPANG SELATAN    <br>   Status   1    <br>   JUMLAH_PEM   2325    <br>   SHAPE_Leng   22672.679395", "timestamp": null, "begin": null, "end": null, "altitudeMode": null, "tessellate": -1, "extrude": 0, "visibility": -1, "drawOrder": null, "icon": null }, "geometry": { "type": "Polygon", "coordinates": [ [ [ 101.755198, 2.697235, 0.0 ], [ 101.755359, 2.697651, 0.0 ], [ 101.755647, 2.697878, 0.0 ], [ 101.755704, 2.697911, 0.0 ], [ 101.754377, 2.698237, 0.0 ], [ 101.754043, 2.697978, 0.0 ], [ 101.753784, 2.69694, 0.0 ], [ 101.752888, 2.697773, 0.0 ], [ 101.752131, 2.697489, 0.0 ], [ 101.751446, 2.697232, 0.0 ], [ 101.75035, 2.696822, 0.0 ], [ 101.750179, 2.696559, 0.0 ], [ 101.749722, 2.697061, 0.0 ], [ 101.74882, 2.698049, 0.0 ], [ 101.747937, 2.696599, 0.0 ], [ 101.748727, 2.695721, 0.0 ], [ 101.749273, 2.695113, 0.0 ], [ 101.749193, 2.694788, 0.0 ], [ 101.749109, 2.693466, 0.0 ], [ 101.749109, 2.692364, 0.0 ], [ 101.749101, 2.692361, 0.0 ], [ 101.749412, 2.690989, 0.0 ], [ 101.749157, 2.690898, 0.0 ], [ 101.749318, 2.690188, 0.0 ], [ 101.749445, 2.690234, 0.0 ], [ 101.749459, 2.690203, 0.0 ], [ 101.749644, 2.689606, 0.0 ], [ 101.749646, 2.689598, 0.0 ], [ 101.749823, 2.689027, 0.0 ], [ 101.749868, 2.68839, 0.0 ], [ 101.749861, 2.688381, 0.0 ], [ 101.749657, 2.688128, 0.0 ], [ 101.749398, 2.687805, 0.0 ], [ 101.749213, 2.687576, 0.0 ], [ 101.749043, 2.687364, 0.0 ], [ 101.749046, 2.68736, 0.0 ], [ 101.749054, 2.687356, 0.0 ], [ 101.749067, 2.687347, 0.0 ], [ 101.749251, 2.687219, 0.0 ], [ 101.749355, 2.687147, 0.0 ], [ 101.749413, 2.687108, 0.0 ], [ 101.749434, 2.687094, 0.0 ], [ 101.749513, 2.687045, 0.0 ], [ 101.749608, 2.686995, 0.0 ], [ 101.749614, 2.686992, 0.0 ], [ 101.749708, 2.686947, 0.0 ], [ 101.749803, 2.686883, 0.0 ], [ 101.74989, 2.686826, 0.0 ], [ 101.750001, 2.686751, 0.0 ], [ 101.750074, 2.686699, 0.0 ], [ 101.75009, 2.686688, 0.0 ], [ 101.750098, 2.686682, 0.0 ], [ 101.750102, 2.686679, 0.0 ], [ 101.750151, 2.686639, 0.0 ], [ 101.750171, 2.686624, 0.0 ], [ 101.750207, 2.686593, 0.0 ], [ 101.750186, 2.686533, 0.0 ], [ 101.750184, 2.686526, 0.0 ], [ 101.75017, 2.68649, 0.0 ], [ 101.750169, 2.686488, 0.0 ], [ 101.750153, 2.686454, 0.0 ], [ 101.750138, 2.686418, 0.0 ], [ 101.750101, 2.686347, 0.0 ], [ 101.750053, 2.68626, 0.0 ], [ 101.750052, 2.686257, 0.0 ], [ 101.749979, 2.686145, 0.0 ], [ 101.749948, 2.686105, 0.0 ], [ 101.749943, 2.686099, 0.0 ], [ 101.74992, 2.686065, 0.0 ], [ 101.749905, 2.686048, 0.0 ], [ 101.749643, 2.685763, 0.0 ], [ 101.749338, 2.68543, 0.0 ], [ 101.749033, 2.685098, 0.0 ], [ 101.748729, 2.684766, 0.0 ], [ 101.74857, 2.684593, 0.0 ], [ 101.748538, 2.684557, 0.0 ], [ 101.748424, 2.684433, 0.0 ], [ 101.748148, 2.684133, 0.0 ], [ 101.748117, 2.684101, 0.0 ], [ 101.748095, 2.684076, 0.0 ], [ 101.748047, 2.684025, 0.0 ], [ 101.748007, 2.683982, 0.0 ], [ 101.748, 2.683975, 0.0 ], [ 101.747974, 2.683949, 0.0 ], [ 101.747962, 2.683935, 0.0 ], [ 101.747949, 2.683922, 0.0 ], [ 101.747925, 2.683895, 0.0 ], [ 101.747894, 2.683859, 0.0 ], [ 101.747812, 2.683772, 0.0 ], [ 101.747572, 2.683517, 0.0 ], [ 101.747406, 2.683339, 0.0 ], [ 101.747404, 2.683338, 0.0 ], [ 101.747334, 2.68326, 0.0 ], [ 101.747189, 2.683119, 0.0 ], [ 101.747104, 2.683038, 0.0 ], [ 101.747023, 2.682971, 0.0 ], [ 101.746939, 2.682908, 0.0 ], [ 101.74685, 2.682849, 0.0 ], [ 101.746836, 2.682841, 0.0 ], [ 101.746829, 2.682837, 0.0 ], [ 101.746768, 2.682802, 0.0 ], [ 101.746693, 2.682767, 0.0 ], [ 101.746612, 2.682729, 0.0 ], [ 101.74653, 2.682694, 0.0 ], [ 101.746444, 2.68266, 0.0 ], [ 101.746426, 2.682654, 0.0 ], [ 101.746352, 2.682626, 0.0 ], [ 101.746298, 2.682606, 0.0 ], [ 101.746252, 2.68259, 0.0 ], [ 101.746147, 2.682552, 0.0 ], [ 101.746034, 2.682511, 0.0 ], [ 101.746004, 2.682501, 0.0 ], [ 101.745913, 2.682468, 0.0 ], [ 101.745788, 2.682424, 0.0 ], [ 101.74566, 2.68238, 0.0 ], [ 101.745626, 2.682368, 0.0 ], [ 101.74558, 2.682352, 0.0 ], [ 101.745532, 2.682335, 0.0 ], [ 101.745404, 2.682289, 0.0 ], [ 101.745276, 2.682242, 0.0 ], [ 101.745158, 2.682197, 0.0 ], [ 101.74515, 2.682194, 0.0 ], [ 101.745023, 2.682148, 0.0 ], [ 101.744896, 2.682101, 0.0 ], [ 101.744771, 2.682056, 0.0 ], [ 101.744735, 2.682043, 0.0 ], [ 101.744646, 2.68201, 0.0 ], [ 101.744524, 2.681966, 0.0 ], [ 101.744523, 2.681966, 0.0 ], [ 101.744403, 2.68192, 0.0 ], [ 101.744378, 2.681911, 0.0 ], [ 101.74435, 2.682006, 0.0 ], [ 101.743882, 2.683446, 0.0 ], [ 101.744034, 2.683563, 0.0 ], [ 101.743917, 2.684044, 0.0 ], [ 101.743595, 2.68532, 0.0 ], [ 101.743199, 2.687092, 0.0 ], [ 101.742766, 2.688846, 0.0 ], [ 101.741422, 2.689391, 0.0 ], [ 101.7404, 2.68915, 0.0 ], [ 101.740017, 2.688691, 0.0 ], [ 101.739839, 2.688768, 0.0 ], [ 101.739108, 2.689106, 0.0 ], [ 101.738382, 2.689467, 0.0 ], [ 101.73828, 2.689518, 0.0 ], [ 101.737948, 2.689684, 0.0 ], [ 101.737585, 2.68985, 0.0 ], [ 101.737174, 2.690039, 0.0 ], [ 101.736769, 2.690313, 0.0 ], [ 101.736633, 2.690404, 0.0 ], [ 101.735703, 2.690421, 0.0 ], [ 101.735699, 2.690168, 0.0 ], [ 101.735709, 2.689922, 0.0 ], [ 101.735713, 2.689904, 0.0 ], [ 101.736013, 2.688425, 0.0 ], [ 101.73612, 2.687851, 0.0 ], [ 101.734896, 2.687201, 0.0 ], [ 101.73315, 2.686269, 0.0 ], [ 101.732968, 2.686705, 0.0 ], [ 101.732785, 2.687141, 0.0 ], [ 101.732637, 2.687497, 0.0 ], [ 101.731321, 2.687958, 0.0 ], [ 101.730657, 2.689099, 0.0 ], [ 101.72957, 2.690938, 0.0 ], [ 101.72947, 2.690876, 0.0 ], [ 101.728429, 2.690254, 0.0 ], [ 101.728591, 2.689979, 0.0 ], [ 101.728776, 2.689666, 0.0 ], [ 101.729515, 2.688415, 0.0 ], [ 101.7297, 2.688102, 0.0 ], [ 101.729885, 2.687789, 0.0 ], [ 101.73007, 2.687476, 0.0 ], [ 101.730255, 2.687163, 0.0 ], [ 101.73044, 2.68685, 0.0 ], [ 101.730625, 2.686538, 0.0 ], [ 101.73081, 2.686225, 0.0 ], [ 101.730999, 2.685918, 0.0 ], [ 101.731184, 2.685605, 0.0 ], [ 101.731355, 2.685317, 0.0 ], [ 101.732002, 2.684248, 0.0 ], [ 101.732595, 2.683271, 0.0 ], [ 101.733299, 2.682101, 0.0 ], [ 101.733823, 2.681229, 0.0 ], [ 101.734319, 2.680416, 0.0 ], [ 101.734798, 2.67963, 0.0 ], [ 101.734864, 2.679481, 0.0 ], [ 101.735641, 2.677713, 0.0 ], [ 101.734168, 2.67706, 0.0 ], [ 101.73288, 2.678938, 0.0 ], [ 101.731862, 2.678573, 0.0 ], [ 101.730833, 2.678205, 0.0 ], [ 101.729784, 2.677829, 0.0 ], [ 101.729034, 2.677558, 0.0 ], [ 101.728832, 2.677486, 0.0 ], [ 101.725037, 2.676124, 0.0 ], [ 101.723632, 2.675619, 0.0 ], [ 101.723564, 2.675595, 0.0 ], [ 101.719956, 2.674301, 0.0 ], [ 101.71687, 2.673189, 0.0 ], [ 101.716864, 2.673187, 0.0 ], [ 101.715105, 2.672554, 0.0 ], [ 101.714674, 2.669752, 0.0 ], [ 101.714281, 2.666753, 0.0 ], [ 101.717134, 2.665124, 0.0 ], [ 101.719652, 2.663694, 0.0 ], [ 101.722805, 2.66192, 0.0 ], [ 101.72597, 2.660141, 0.0 ], [ 101.726555, 2.661284, 0.0 ], [ 101.726996, 2.661015, 0.0 ], [ 101.728114, 2.660332, 0.0 ], [ 101.728196, 2.660265, 0.0 ], [ 101.728193, 2.660261, 0.0 ], [ 101.728192, 2.660258, 0.0 ], [ 101.728137, 2.66013, 0.0 ], [ 101.728115, 2.660054, 0.0 ], [ 101.728096, 2.659978, 0.0 ], [ 101.728093, 2.659962, 0.0 ], [ 101.72808, 2.659901, 0.0 ], [ 101.728066, 2.659823, 0.0 ], [ 101.728055, 2.659745, 0.0 ], [ 101.72805, 2.659678, 0.0 ], [ 101.728047, 2.659611, 0.0 ], [ 101.728046, 2.659543, 0.0 ], [ 101.728047, 2.659514, 0.0 ], [ 101.728048, 2.659476, 0.0 ], [ 101.728052, 2.65938, 0.0 ], [ 101.728056, 2.659332, 0.0 ], [ 101.728062, 2.659262, 0.0 ], [ 101.728067, 2.659199, 0.0 ], [ 101.728073, 2.659137, 0.0 ], [ 101.728082, 2.659063, 0.0 ], [ 101.728087, 2.659014, 0.0 ], [ 101.7281, 2.658892, 0.0 ], [ 101.728113, 2.658771, 0.0 ], [ 101.728113, 2.658765, 0.0 ], [ 101.728119, 2.658716, 0.0 ], [ 101.728125, 2.658661, 0.0 ], [ 101.728126, 2.658653, 0.0 ], [ 101.728132, 2.658614, 0.0 ], [ 101.728144, 2.658535, 0.0 ], [ 101.728167, 2.65842, 0.0 ], [ 101.728172, 2.65842, 0.0 ], [ 101.728202, 2.658268, 0.0 ], [ 101.728215, 2.658215, 0.0 ], [ 101.728225, 2.658172, 0.0 ], [ 101.728237, 2.658119, 0.0 ], [ 101.728261, 2.658025, 0.0 ], [ 101.728285, 2.657932, 0.0 ], [ 101.72831, 2.657839, 0.0 ], [ 101.728331, 2.657758, 0.0 ], [ 101.728637, 2.657807, 0.0 ], [ 101.728794, 2.657832, 0.0 ], [ 101.729486, 2.657828, 0.0 ], [ 101.730509, 2.65734, 0.0 ], [ 101.731056, 2.656928, 0.0 ], [ 101.733415, 2.65423, 0.0 ], [ 101.733945, 2.653482, 0.0 ], [ 101.734711, 2.652589, 0.0 ], [ 101.735644, 2.650734, 0.0 ], [ 101.73578, 2.650452, 0.0 ], [ 101.736433, 2.649105, 0.0 ], [ 101.741943, 2.65153, 0.0 ], [ 101.744638, 2.652208, 0.0 ], [ 101.747181, 2.654228, 0.0 ], [ 101.747549, 2.655672, 0.0 ], [ 101.747099, 2.65791, 0.0 ], [ 101.746352, 2.660072, 0.0 ], [ 101.74595, 2.663131, 0.0 ], [ 101.745153, 2.665392, 0.0 ], [ 101.743865, 2.666509, 0.0 ], [ 101.741785, 2.667474, 0.0 ], [ 101.740992, 2.668119, 0.0 ], [ 101.740271, 2.669884, 0.0 ], [ 101.740169, 2.671028, 0.0 ], [ 101.739673, 2.671574, 0.0 ], [ 101.739672, 2.672221, 0.0 ], [ 101.740359, 2.674834, 0.0 ], [ 101.741321, 2.676105, 0.0 ], [ 101.74401, 2.67917, 0.0 ], [ 101.744429, 2.680042, 0.0 ], [ 101.746676, 2.681639, 0.0 ], [ 101.747294, 2.681789, 0.0 ], [ 101.748234, 2.681722, 0.0 ], [ 101.75074, 2.681, 0.0 ], [ 101.751616, 2.681226, 0.0 ], [ 101.752349, 2.683243, 0.0 ], [ 101.752404, 2.68376, 0.0 ], [ 101.75275, 2.684489, 0.0 ], [ 101.752666, 2.685034, 0.0 ], [ 101.752134, 2.686404, 0.0 ], [ 101.751586, 2.687027, 0.0 ], [ 101.75147, 2.687442, 0.0 ], [ 101.751472, 2.687475, 0.0 ], [ 101.751487, 2.687767, 0.0 ], [ 101.751612, 2.688184, 0.0 ], [ 101.751791, 2.688582, 0.0 ], [ 101.752015, 2.689044, 0.0 ], [ 101.752203, 2.689523, 0.0 ], [ 101.752248, 2.689656, 0.0 ], [ 101.752283, 2.689759, 0.0 ], [ 101.752372, 2.690048, 0.0 ], [ 101.752515, 2.690428, 0.0 ], [ 101.752703, 2.6908, 0.0 ], [ 101.752883, 2.691017, 0.0 ], [ 101.753033, 2.691124, 0.0 ], [ 101.753251, 2.69128, 0.0 ], [ 101.753431, 2.691289, 0.0 ], [ 101.753745, 2.691281, 0.0 ], [ 101.75406, 2.691264, 0.0 ], [ 101.754546, 2.691238, 0.0 ], [ 101.754788, 2.691347, 0.0 ], [ 101.75495, 2.691645, 0.0 ], [ 101.755003, 2.692034, 0.0 ], [ 101.75502, 2.692351, 0.0 ], [ 101.755047, 2.692532, 0.0 ], [ 101.755126, 2.693129, 0.0 ], [ 101.755116, 2.693626, 0.0 ], [ 101.754693, 2.693933, 0.0 ], [ 101.754342, 2.694004, 0.0 ], [ 101.75418, 2.694212, 0.0 ], [ 101.754053, 2.694687, 0.0 ], [ 101.754035, 2.694754, 0.0 ], [ 101.754195, 2.695186, 0.0 ], [ 101.754213, 2.695234, 0.0 ], [ 101.754401, 2.695705, 0.0 ], [ 101.75476, 2.696058, 0.0 ], [ 101.755029, 2.696438, 0.0 ], [ 101.755154, 2.696782, 0.0 ], [ 101.755198, 2.697235, 0.0 ] ] ] } },
{ "type": "Feature", "properties": { "Name": "113/56/07  HULU CUCUH", "description": "1135607    <br>       <br>   KODDMA   1135607    <br>   LUAS   22588817.7435    <br>   JOBID       <br>   NAMADMA   HULU CUCUH    <br>   Status   1    <br>   JUMLAH_PEM   1154    <br>   SHAPE_Leng   26466.991076", "timestamp": null, "begin": null, "end": null, "altitudeMode": null, "tessellate": -1, "extrude": 0, "visibility": -1, "drawOrder": null, "icon": null }, "geometry": { "type": "Polygon", "coordinates": [ [ [ 101.692951, 2.691235, 0.0 ], [ 101.692298, 2.691236, 0.0 ], [ 101.69165, 2.691236, 0.0 ], [ 101.690814, 2.691723, 0.0 ], [ 101.688494, 2.693043, 0.0 ], [ 101.686163, 2.694369, 0.0 ], [ 101.683813, 2.695705, 0.0 ], [ 101.682252, 2.696594, 0.0 ], [ 101.680679, 2.697489, 0.0 ], [ 101.678898, 2.698501, 0.0 ], [ 101.676873, 2.699654, 0.0 ], [ 101.67455, 2.700975, 0.0 ], [ 101.673342, 2.701662, 0.0 ], [ 101.673385, 2.700796, 0.0 ], [ 101.673387, 2.70077, 0.0 ], [ 101.673869, 2.691187, 0.0 ], [ 101.673409, 2.691186, 0.0 ], [ 101.6708, 2.691178, 0.0 ], [ 101.670807, 2.690535, 0.0 ], [ 101.670806, 2.690468, 0.0 ], [ 101.670795, 2.68878, 0.0 ], [ 101.670785, 2.687073, 0.0 ], [ 101.6708, 2.683599, 0.0 ], [ 101.6708, 2.683589, 0.0 ], [ 101.670805, 2.682245, 0.0 ], [ 101.670869, 2.67936, 0.0 ], [ 101.670882, 2.677672, 0.0 ], [ 101.670869, 2.675814, 0.0 ], [ 101.670952, 2.672263, 0.0 ], [ 101.670959, 2.672214, 0.0 ], [ 101.671256, 2.672231, 0.0 ], [ 101.673103, 2.672277, 0.0 ], [ 101.673452, 2.672286, 0.0 ], [ 101.674193, 2.672305, 0.0 ], [ 101.677392, 2.67241, 0.0 ], [ 101.677793, 2.672423, 0.0 ], [ 101.678272, 2.67243, 0.0 ], [ 101.67833, 2.672455, 0.0 ], [ 101.678331, 2.672455, 0.0 ], [ 101.678331, 2.672446, 0.0 ], [ 101.678335, 2.671747, 0.0 ], [ 101.678386, 2.670523, 0.0 ], [ 101.678465, 2.66864, 0.0 ], [ 101.678465, 2.668631, 0.0 ], [ 101.679491, 2.66862, 0.0 ], [ 101.682244, 2.668682, 0.0 ], [ 101.682609, 2.668653, 0.0 ], [ 101.68298, 2.668673, 0.0 ], [ 101.682825, 2.667982, 0.0 ], [ 101.68278, 2.667782, 0.0 ], [ 101.682798, 2.667652, 0.0 ], [ 101.68288, 2.667073, 0.0 ], [ 101.682886, 2.667031, 0.0 ], [ 101.682887, 2.667023, 0.0 ], [ 101.683013, 2.666852, 0.0 ], [ 101.683064, 2.666782, 0.0 ], [ 101.683107, 2.666724, 0.0 ], [ 101.683318, 2.666548, 0.0 ], [ 101.683679, 2.666195, 0.0 ], [ 101.68386, 2.665957, 0.0 ], [ 101.68418, 2.665535, 0.0 ], [ 101.684266, 2.665336, 0.0 ], [ 101.684445, 2.664918, 0.0 ], [ 101.684437, 2.664815, 0.0 ], [ 101.684393, 2.66421, 0.0 ], [ 101.68439, 2.664175, 0.0 ], [ 101.684421, 2.664108, 0.0 ], [ 101.685329, 2.662117, 0.0 ], [ 101.685362, 2.662043, 0.0 ], [ 101.686409, 2.661277, 0.0 ], [ 101.687536, 2.659917, 0.0 ], [ 101.687721, 2.659149, 0.0 ], [ 101.687723, 2.659149, 0.0 ], [ 101.688104, 2.657176, 0.0 ], [ 101.688219, 2.656433, 0.0 ], [ 101.688207, 2.656188, 0.0 ], [ 101.688124, 2.654759, 0.0 ], [ 101.688194, 2.654274, 0.0 ], [ 101.688224, 2.653984, 0.0 ], [ 101.688538, 2.653627, 0.0 ], [ 101.688582, 2.653577, 0.0 ], [ 101.688595, 2.653563, 0.0 ], [ 101.689452, 2.653007, 0.0 ], [ 101.689858, 2.651995, 0.0 ], [ 101.689607, 2.651386, 0.0 ], [ 101.688366, 2.650539, 0.0 ], [ 101.68833, 2.650427, 0.0 ], [ 101.688183, 2.649981, 0.0 ], [ 101.688102, 2.649753, 0.0 ], [ 101.687482, 2.648004, 0.0 ], [ 101.687586, 2.647532, 0.0 ], [ 101.687601, 2.647464, 0.0 ], [ 101.687684, 2.646817, 0.0 ], [ 101.687778, 2.646279, 0.0 ], [ 101.688912, 2.646943, 0.0 ], [ 101.688964, 2.646936, 0.0 ], [ 101.689362, 2.646884, 0.0 ], [ 101.689832, 2.646746, 0.0 ], [ 101.690126, 2.646304, 0.0 ], [ 101.690119, 2.645105, 0.0 ], [ 101.689319, 2.644406, 0.0 ], [ 101.688896, 2.644223, 0.0 ], [ 101.6887, 2.644156, 0.0 ], [ 101.6886, 2.644096, 0.0 ], [ 101.687694, 2.643546, 0.0 ], [ 101.687595, 2.643379, 0.0 ], [ 101.687325, 2.64292, 0.0 ], [ 101.686911, 2.640538, 0.0 ], [ 101.686894, 2.639529, 0.0 ], [ 101.686982, 2.639656, 0.0 ], [ 101.68731, 2.640125, 0.0 ], [ 101.688722, 2.638396, 0.0 ], [ 101.689585, 2.637337, 0.0 ], [ 101.689997, 2.636833, 0.0 ], [ 101.690252, 2.636663, 0.0 ], [ 101.690771, 2.636033, 0.0 ], [ 101.691398, 2.636467, 0.0 ], [ 101.692077, 2.637069, 0.0 ], [ 101.693244, 2.638101, 0.0 ], [ 101.69388, 2.63745, 0.0 ], [ 101.694263, 2.636984, 0.0 ], [ 101.69463, 2.63648, 0.0 ], [ 101.694984, 2.63602, 0.0 ], [ 101.695419, 2.636403, 0.0 ], [ 101.695514, 2.636488, 0.0 ], [ 101.696061, 2.636969, 0.0 ], [ 101.696195, 2.637087, 0.0 ], [ 101.696875, 2.637687, 0.0 ], [ 101.696876, 2.637686, 0.0 ], [ 101.697216, 2.637986, 0.0 ], [ 101.697556, 2.638286, 0.0 ], [ 101.697555, 2.638287, 0.0 ], [ 101.698234, 2.638887, 0.0 ], [ 101.698914, 2.639487, 0.0 ], [ 101.699592, 2.64009, 0.0 ], [ 101.70027, 2.640692, 0.0 ], [ 101.700699, 2.641073, 0.0 ], [ 101.700948, 2.641294, 0.0 ], [ 101.701628, 2.641894, 0.0 ], [ 101.702308, 2.642494, 0.0 ], [ 101.702434, 2.642605, 0.0 ], [ 101.703232, 2.643309, 0.0 ], [ 101.70471, 2.642716, 0.0 ], [ 101.704903, 2.642626, 0.0 ], [ 101.70514, 2.642462, 0.0 ], [ 101.706836, 2.641782, 0.0 ], [ 101.706896, 2.641836, 0.0 ], [ 101.707002, 2.641922, 0.0 ], [ 101.707348, 2.642201, 0.0 ], [ 101.707637, 2.642434, 0.0 ], [ 101.707743, 2.64252, 0.0 ], [ 101.707955, 2.642691, 0.0 ], [ 101.708166, 2.642861, 0.0 ], [ 101.708271, 2.642946, 0.0 ], [ 101.708272, 2.642947, 0.0 ], [ 101.708589, 2.643203, 0.0 ], [ 101.708977, 2.643516, 0.0 ], [ 101.709125, 2.643636, 0.0 ], [ 101.709682, 2.644085, 0.0 ], [ 101.709714, 2.64411, 0.0 ], [ 101.709874, 2.64424, 0.0 ], [ 101.709959, 2.644309, 0.0 ], [ 101.710113, 2.644433, 0.0 ], [ 101.710148, 2.644461, 0.0 ], [ 101.710152, 2.644464, 0.0 ], [ 101.710288, 2.644574, 0.0 ], [ 101.710386, 2.64466, 0.0 ], [ 101.710737, 2.644943, 0.0 ], [ 101.711092, 2.645229, 0.0 ], [ 101.711797, 2.645799, 0.0 ], [ 101.711883, 2.645878, 0.0 ], [ 101.711808, 2.645969, 0.0 ], [ 101.711834, 2.646004, 0.0 ], [ 101.713055, 2.646975, 0.0 ], [ 101.713863, 2.647667, 0.0 ], [ 101.714454, 2.648123, 0.0 ], [ 101.714463, 2.648138, 0.0 ], [ 101.714493, 2.648103, 0.0 ], [ 101.716815, 2.645311, 0.0 ], [ 101.716861, 2.645354, 0.0 ], [ 101.716901, 2.645305, 0.0 ], [ 101.717103, 2.645485, 0.0 ], [ 101.71734, 2.645695, 0.0 ], [ 101.717827, 2.646126, 0.0 ], [ 101.71721, 2.646802, 0.0 ], [ 101.7169, 2.647142, 0.0 ], [ 101.715853, 2.648307, 0.0 ], [ 101.716436, 2.648864, 0.0 ], [ 101.716493, 2.648936, 0.0 ], [ 101.716576, 2.648841, 0.0 ], [ 101.717049, 2.648313, 0.0 ], [ 101.717524, 2.647782, 0.0 ], [ 101.71801, 2.647239, 0.0 ], [ 101.719707, 2.64875, 0.0 ], [ 101.720179, 2.648205, 0.0 ], [ 101.720966, 2.64889, 0.0 ], [ 101.721003, 2.648922, 0.0 ], [ 101.721016, 2.648933, 0.0 ], [ 101.721034, 2.648949, 0.0 ], [ 101.721415, 2.64906, 0.0 ], [ 101.721959, 2.649218, 0.0 ], [ 101.722265, 2.649307, 0.0 ], [ 101.722521, 2.649381, 0.0 ], [ 101.72306, 2.649537, 0.0 ], [ 101.723103, 2.64955, 0.0 ], [ 101.723632, 2.649703, 0.0 ], [ 101.724146, 2.649852, 0.0 ], [ 101.724331, 2.649908, 0.0 ], [ 101.724732, 2.650023, 0.0 ], [ 101.725158, 2.650147, 0.0 ], [ 101.725189, 2.650156, 0.0 ], [ 101.725209, 2.650161, 0.0 ], [ 101.725685, 2.650269, 0.0 ], [ 101.725888, 2.650316, 0.0 ], [ 101.726152, 2.650376, 0.0 ], [ 101.726584, 2.650475, 0.0 ], [ 101.726911, 2.65055, 0.0 ], [ 101.726915, 2.650651, 0.0 ], [ 101.726928, 2.650996, 0.0 ], [ 101.727568, 2.650796, 0.0 ], [ 101.728232, 2.650589, 0.0 ], [ 101.728484, 2.65051, 0.0 ], [ 101.729751, 2.650115, 0.0 ], [ 101.729858, 2.650108, 0.0 ], [ 101.729858, 2.650143, 0.0 ], [ 101.729855, 2.650209, 0.0 ], [ 101.729853, 2.650253, 0.0 ], [ 101.72985, 2.650297, 0.0 ], [ 101.729813, 2.650623, 0.0 ], [ 101.729809, 2.650659, 0.0 ], [ 101.729807, 2.650681, 0.0 ], [ 101.729806, 2.650689, 0.0 ], [ 101.7298, 2.650741, 0.0 ], [ 101.729792, 2.650804, 0.0 ], [ 101.729783, 2.650869, 0.0 ], [ 101.729775, 2.650936, 0.0 ], [ 101.729765, 2.651009, 0.0 ], [ 101.729756, 2.651079, 0.0 ], [ 101.729755, 2.651086, 0.0 ], [ 101.729753, 2.651107, 0.0 ], [ 101.729745, 2.651166, 0.0 ], [ 101.729739, 2.651213, 0.0 ], [ 101.729734, 2.65125, 0.0 ], [ 101.729724, 2.651338, 0.0 ], [ 101.729712, 2.65143, 0.0 ], [ 101.729699, 2.651526, 0.0 ], [ 101.729695, 2.651556, 0.0 ], [ 101.729685, 2.651626, 0.0 ], [ 101.729669, 2.651729, 0.0 ], [ 101.729651, 2.651835, 0.0 ], [ 101.729632, 2.651941, 0.0 ], [ 101.72962, 2.652001, 0.0 ], [ 101.729611, 2.652051, 0.0 ], [ 101.729589, 2.652163, 0.0 ], [ 101.729567, 2.652277, 0.0 ], [ 101.729546, 2.652379, 0.0 ], [ 101.729543, 2.652394, 0.0 ], [ 101.729533, 2.652445, 0.0 ], [ 101.729519, 2.652514, 0.0 ], [ 101.729494, 2.652636, 0.0 ], [ 101.729468, 2.652761, 0.0 ], [ 101.729442, 2.652888, 0.0 ], [ 101.729415, 2.653016, 0.0 ], [ 101.729388, 2.653147, 0.0 ], [ 101.72936, 2.653278, 0.0 ], [ 101.729349, 2.65333, 0.0 ], [ 101.729332, 2.653412, 0.0 ], [ 101.729318, 2.65348, 0.0 ], [ 101.729304, 2.653547, 0.0 ], [ 101.729275, 2.653681, 0.0 ], [ 101.729255, 2.653772, 0.0 ], [ 101.729246, 2.653815, 0.0 ], [ 101.729216, 2.65395, 0.0 ], [ 101.729187, 2.654085, 0.0 ], [ 101.729158, 2.654214, 0.0 ], [ 101.729156, 2.65422, 0.0 ], [ 101.729126, 2.654355, 0.0 ], [ 101.729095, 2.65449, 0.0 ], [ 101.729064, 2.654648, 0.0 ], [ 101.729062, 2.654655, 0.0 ], [ 101.729043, 2.654737, 0.0 ], [ 101.729023, 2.65483, 0.0 ], [ 101.729003, 2.654925, 0.0 ], [ 101.728982, 2.655023, 0.0 ], [ 101.728962, 2.655096, 0.0 ], [ 101.728955, 2.655121, 0.0 ], [ 101.728937, 2.655223, 0.0 ], [ 101.728914, 2.655322, 0.0 ], [ 101.728891, 2.655421, 0.0 ], [ 101.728868, 2.655517, 0.0 ], [ 101.728868, 2.65552, 0.0 ], [ 101.728864, 2.655537, 0.0 ], [ 101.728845, 2.655619, 0.0 ], [ 101.728823, 2.655718, 0.0 ], [ 101.7288, 2.655816, 0.0 ], [ 101.728778, 2.655914, 0.0 ], [ 101.728763, 2.655977, 0.0 ], [ 101.728755, 2.656011, 0.0 ], [ 101.728732, 2.656108, 0.0 ], [ 101.72871, 2.656204, 0.0 ], [ 101.728689, 2.656299, 0.0 ], [ 101.728667, 2.656394, 0.0 ], [ 101.728661, 2.656418, 0.0 ], [ 101.728644, 2.656489, 0.0 ], [ 101.728623, 2.65658, 0.0 ], [ 101.728602, 2.656667, 0.0 ], [ 101.728582, 2.656749, 0.0 ], [ 101.728565, 2.656825, 0.0 ], [ 101.728558, 2.656858, 0.0 ], [ 101.728556, 2.656867, 0.0 ], [ 101.728551, 2.656891, 0.0 ], [ 101.728537, 2.656947, 0.0 ], [ 101.728528, 2.656993, 0.0 ], [ 101.728519, 2.657029, 0.0 ], [ 101.728515, 2.657055, 0.0 ], [ 101.728503, 2.657096, 0.0 ], [ 101.72845, 2.657296, 0.0 ], [ 101.728409, 2.65745, 0.0 ], [ 101.728383, 2.657553, 0.0 ], [ 101.728358, 2.657651, 0.0 ], [ 101.728337, 2.657734, 0.0 ], [ 101.728334, 2.657746, 0.0 ], [ 101.728331, 2.657758, 0.0 ], [ 101.72831, 2.657839, 0.0 ], [ 101.728285, 2.657932, 0.0 ], [ 101.728261, 2.658025, 0.0 ], [ 101.728237, 2.658119, 0.0 ], [ 101.728225, 2.658172, 0.0 ], [ 101.728215, 2.658215, 0.0 ], [ 101.728202, 2.658268, 0.0 ], [ 101.728172, 2.65842, 0.0 ], [ 101.728167, 2.65842, 0.0 ], [ 101.728144, 2.658535, 0.0 ], [ 101.728132, 2.658614, 0.0 ], [ 101.728126, 2.658653, 0.0 ], [ 101.728125, 2.658661, 0.0 ], [ 101.728119, 2.658716, 0.0 ], [ 101.728113, 2.658765, 0.0 ], [ 101.728113, 2.658771, 0.0 ], [ 101.7281, 2.658892, 0.0 ], [ 101.728087, 2.659014, 0.0 ], [ 101.728082, 2.659063, 0.0 ], [ 101.728073, 2.659137, 0.0 ], [ 101.728067, 2.659199, 0.0 ], [ 101.728062, 2.659262, 0.0 ], [ 101.728056, 2.659332, 0.0 ], [ 101.728052, 2.65938, 0.0 ], [ 101.728048, 2.659476, 0.0 ], [ 101.728047, 2.659514, 0.0 ], [ 101.728046, 2.659543, 0.0 ], [ 101.728047, 2.659611, 0.0 ], [ 101.72805, 2.659678, 0.0 ], [ 101.728055, 2.659745, 0.0 ], [ 101.728066, 2.659823, 0.0 ], [ 101.72808, 2.659901, 0.0 ], [ 101.728093, 2.659962, 0.0 ], [ 101.728096, 2.659978, 0.0 ], [ 101.728115, 2.660054, 0.0 ], [ 101.728137, 2.66013, 0.0 ], [ 101.728192, 2.660258, 0.0 ], [ 101.728193, 2.660261, 0.0 ], [ 101.728196, 2.660265, 0.0 ], [ 101.728114, 2.660332, 0.0 ], [ 101.726996, 2.661015, 0.0 ], [ 101.726555, 2.661284, 0.0 ], [ 101.72597, 2.660141, 0.0 ], [ 101.722805, 2.66192, 0.0 ], [ 101.719652, 2.663694, 0.0 ], [ 101.717134, 2.665124, 0.0 ], [ 101.714281, 2.666753, 0.0 ], [ 101.714674, 2.669752, 0.0 ], [ 101.715105, 2.672554, 0.0 ], [ 101.710069, 2.670753, 0.0 ], [ 101.709369, 2.672511, 0.0 ], [ 101.706569, 2.679473, 0.0 ], [ 101.706532, 2.679567, 0.0 ], [ 101.706311, 2.680114, 0.0 ], [ 101.706312, 2.680115, 0.0 ], [ 101.705764, 2.681478, 0.0 ], [ 101.705646, 2.681286, 0.0 ], [ 101.704935, 2.683057, 0.0 ], [ 101.704864, 2.683234, 0.0 ], [ 101.704151, 2.685005, 0.0 ], [ 101.703441, 2.686772, 0.0 ], [ 101.70337, 2.686949, 0.0 ], [ 101.70246, 2.689213, 0.0 ], [ 101.701948, 2.690489, 0.0 ], [ 101.701931, 2.690531, 0.0 ], [ 101.701876, 2.690668, 0.0 ], [ 101.701674, 2.691171, 0.0 ], [ 101.700575, 2.691186, 0.0 ], [ 101.699666, 2.691198, 0.0 ], [ 101.699015, 2.691197, 0.0 ], [ 101.698364, 2.691196, 0.0 ], [ 101.697713, 2.691205, 0.0 ], [ 101.697062, 2.691213, 0.0 ], [ 101.696409, 2.691221, 0.0 ], [ 101.696228, 2.691224, 0.0 ], [ 101.695577, 2.691232, 0.0 ], [ 101.694926, 2.69124, 0.0 ], [ 101.694268, 2.691242, 0.0 ], [ 101.693603, 2.691235, 0.0 ], [ 101.692951, 2.691235, 0.0 ] ] ] } },
{ "type": "Feature", "properties": { "Name": "113/56/08  BAGAN LALANG", "description": "1135608    <br>       <br>   KODDMA   1135608    <br>   LUAS   12399036.5063    <br>   JOBID       <br>   NAMADMA   BAGAN LALANG    <br>   Status   1    <br>   JUMLAH_PEM   1261    <br>   SHAPE_Leng   20827.208359", "timestamp": null, "begin": null, "end": null, "altitudeMode": null, "tessellate": -1, "extrude": 0, "visibility": -1, "drawOrder": null, "icon": null }, "geometry": { "type": "Polygon", "coordinates": [ [ [ 101.70369, 2.62755, 0.0 ], [ 101.702687, 2.62762, 0.0 ], [ 101.69738, 2.628163, 0.0 ], [ 101.697268, 2.628174, 0.0 ], [ 101.695379, 2.62829, 0.0 ], [ 101.691277, 2.628657, 0.0 ], [ 101.690771, 2.636033, 0.0 ], [ 101.690252, 2.636663, 0.0 ], [ 101.689997, 2.636833, 0.0 ], [ 101.689585, 2.637337, 0.0 ], [ 101.688722, 2.638396, 0.0 ], [ 101.68731, 2.640125, 0.0 ], [ 101.686982, 2.639656, 0.0 ], [ 101.686894, 2.639529, 0.0 ], [ 101.686957, 2.639411, 0.0 ], [ 101.687249, 2.638869, 0.0 ], [ 101.688062, 2.63661, 0.0 ], [ 101.688059, 2.636564, 0.0 ], [ 101.687993, 2.635584, 0.0 ], [ 101.687874, 2.633827, 0.0 ], [ 101.687771, 2.633409, 0.0 ], [ 101.688115, 2.632506, 0.0 ], [ 101.688458, 2.632143, 0.0 ], [ 101.688407, 2.630619, 0.0 ], [ 101.688293, 2.630424, 0.0 ], [ 101.688228, 2.630313, 0.0 ], [ 101.687739, 2.630039, 0.0 ], [ 101.687547, 2.629931, 0.0 ], [ 101.687285, 2.629613, 0.0 ], [ 101.68694, 2.62929, 0.0 ], [ 101.686909, 2.628992, 0.0 ], [ 101.687044, 2.628784, 0.0 ], [ 101.688025, 2.627266, 0.0 ], [ 101.688202, 2.625869, 0.0 ], [ 101.688151, 2.625777, 0.0 ], [ 101.687596, 2.624767, 0.0 ], [ 101.684728, 2.624239, 0.0 ], [ 101.682809, 2.624304, 0.0 ], [ 101.682733, 2.624252, 0.0 ], [ 101.681623, 2.623488, 0.0 ], [ 101.681624, 2.622942, 0.0 ], [ 101.681625, 2.622777, 0.0 ], [ 101.681739, 2.622667, 0.0 ], [ 101.682182, 2.622244, 0.0 ], [ 101.682232, 2.622206, 0.0 ], [ 101.68289, 2.621712, 0.0 ], [ 101.684029, 2.621283, 0.0 ], [ 101.684458, 2.621168, 0.0 ], [ 101.686102, 2.620728, 0.0 ], [ 101.68646, 2.620437, 0.0 ], [ 101.686902, 2.620077, 0.0 ], [ 101.68719, 2.619842, 0.0 ], [ 101.68717, 2.619616, 0.0 ], [ 101.687138, 2.619263, 0.0 ], [ 101.687113, 2.618988, 0.0 ], [ 101.686532, 2.618443, 0.0 ], [ 101.685805, 2.618441, 0.0 ], [ 101.685242, 2.61844, 0.0 ], [ 101.684393, 2.617057, 0.0 ], [ 101.684427, 2.616771, 0.0 ], [ 101.684583, 2.615447, 0.0 ], [ 101.68443, 2.615196, 0.0 ], [ 101.683941, 2.6144, 0.0 ], [ 101.683942, 2.61396, 0.0 ], [ 101.683947, 2.613943, 0.0 ], [ 101.684028, 2.613639, 0.0 ], [ 101.684278, 2.612706, 0.0 ], [ 101.684603, 2.612353, 0.0 ], [ 101.685508, 2.61137, 0.0 ], [ 101.685884, 2.610576, 0.0 ], [ 101.685826, 2.610236, 0.0 ], [ 101.685555, 2.60865, 0.0 ], [ 101.68703, 2.608513, 0.0 ], [ 101.686624, 2.607652, 0.0 ], [ 101.685833, 2.606032, 0.0 ], [ 101.683461, 2.603465, 0.0 ], [ 101.681434, 2.60127, 0.0 ], [ 101.67979, 2.599489, 0.0 ], [ 101.679309, 2.597723, 0.0 ], [ 101.682883, 2.593879, 0.0 ], [ 101.685104, 2.591901, 0.0 ], [ 101.688406, 2.588565, 0.0 ], [ 101.689211, 2.588429, 0.0 ], [ 101.692266, 2.590797, 0.0 ], [ 101.695544, 2.590419, 0.0 ], [ 101.698805, 2.589877, 0.0 ], [ 101.701692, 2.589062, 0.0 ], [ 101.707666, 2.587008, 0.0 ], [ 101.711065, 2.585841, 0.0 ], [ 101.711979, 2.586175, 0.0 ], [ 101.711948, 2.591, 0.0 ], [ 101.711929, 2.593894, 0.0 ], [ 101.711918, 2.595602, 0.0 ], [ 101.712144, 2.595891, 0.0 ], [ 101.712913, 2.595931, 0.0 ], [ 101.712371, 2.597465, 0.0 ], [ 101.709536, 2.599899, 0.0 ], [ 101.705218, 2.602193, 0.0 ], [ 101.703328, 2.603634, 0.0 ], [ 101.702741, 2.605124, 0.0 ], [ 101.703006, 2.607383, 0.0 ], [ 101.703237, 2.60823, 0.0 ], [ 101.706666, 2.612053, 0.0 ], [ 101.705994, 2.612652, 0.0 ], [ 101.705955, 2.612776, 0.0 ], [ 101.708346, 2.615548, 0.0 ], [ 101.711128, 2.618762, 0.0 ], [ 101.712176, 2.61997, 0.0 ], [ 101.714392, 2.620562, 0.0 ], [ 101.715827, 2.620945, 0.0 ], [ 101.715826, 2.620946, 0.0 ], [ 101.715733, 2.621154, 0.0 ], [ 101.715728, 2.621153, 0.0 ], [ 101.715211, 2.622303, 0.0 ], [ 101.71536, 2.623548, 0.0 ], [ 101.715479, 2.623758, 0.0 ], [ 101.715024, 2.624677, 0.0 ], [ 101.715072, 2.62523, 0.0 ], [ 101.714698, 2.625246, 0.0 ], [ 101.714699, 2.62484, 0.0 ], [ 101.71326, 2.625196, 0.0 ], [ 101.713149, 2.625223, 0.0 ], [ 101.71055, 2.625866, 0.0 ], [ 101.708668, 2.626384, 0.0 ], [ 101.708643, 2.626391, 0.0 ], [ 101.708633, 2.626393, 0.0 ], [ 101.70866, 2.626473, 0.0 ], [ 101.708671, 2.626476, 0.0 ], [ 101.708873, 2.627087, 0.0 ], [ 101.708932, 2.627149, 0.0 ], [ 101.708943, 2.627183, 0.0 ], [ 101.70893, 2.627187, 0.0 ], [ 101.708928, 2.627184, 0.0 ], [ 101.70369, 2.62755, 0.0 ] ] ] } },
{ "type": "Feature", "properties": { "Name": "113/56/09  SUNGAI PELEK TIGA", "description": "1135609    <br>       <br>   KODDMA   1135609    <br>   LUAS   576550.45795    <br>   JOBID       <br>   NAMADMA   SUNGAI PELEK TIGA    <br>   Status   1    <br>   JUMLAH_PEM   1169    <br>   SHAPE_Leng   3696.494002", "timestamp": null, "begin": null, "end": null, "altitudeMode": null, "tessellate": -1, "extrude": 0, "visibility": -1, "drawOrder": null, "icon": null }, "geometry": { "type": "Polygon", "coordinates": [ [ [ 101.714493, 2.648103, 0.0 ], [ 101.714463, 2.648138, 0.0 ], [ 101.714454, 2.648123, 0.0 ], [ 101.713863, 2.647667, 0.0 ], [ 101.713055, 2.646975, 0.0 ], [ 101.711834, 2.646004, 0.0 ], [ 101.711808, 2.645969, 0.0 ], [ 101.711883, 2.645878, 0.0 ], [ 101.711797, 2.645799, 0.0 ], [ 101.711092, 2.645229, 0.0 ], [ 101.710737, 2.644943, 0.0 ], [ 101.710386, 2.64466, 0.0 ], [ 101.710288, 2.644574, 0.0 ], [ 101.710152, 2.644464, 0.0 ], [ 101.710148, 2.644461, 0.0 ], [ 101.710113, 2.644433, 0.0 ], [ 101.709959, 2.644309, 0.0 ], [ 101.709874, 2.64424, 0.0 ], [ 101.709714, 2.64411, 0.0 ], [ 101.709682, 2.644085, 0.0 ], [ 101.709125, 2.643636, 0.0 ], [ 101.708977, 2.643516, 0.0 ], [ 101.708589, 2.643203, 0.0 ], [ 101.708272, 2.642947, 0.0 ], [ 101.708271, 2.642946, 0.0 ], [ 101.708166, 2.642861, 0.0 ], [ 101.707955, 2.642691, 0.0 ], [ 101.707743, 2.64252, 0.0 ], [ 101.707637, 2.642434, 0.0 ], [ 101.707348, 2.642201, 0.0 ], [ 101.707002, 2.641922, 0.0 ], [ 101.706896, 2.641836, 0.0 ], [ 101.706836, 2.641782, 0.0 ], [ 101.707505, 2.641513, 0.0 ], [ 101.708153, 2.641254, 0.0 ], [ 101.70891, 2.640987, 0.0 ], [ 101.709264, 2.640862, 0.0 ], [ 101.70959, 2.640747, 0.0 ], [ 101.709669, 2.640719, 0.0 ], [ 101.711349, 2.640132, 0.0 ], [ 101.711597, 2.640045, 0.0 ], [ 101.71236, 2.639743, 0.0 ], [ 101.713685, 2.639216, 0.0 ], [ 101.713685, 2.639217, 0.0 ], [ 101.713705, 2.639264, 0.0 ], [ 101.713723, 2.639309, 0.0 ], [ 101.713811, 2.639525, 0.0 ], [ 101.713967, 2.63991, 0.0 ], [ 101.714006, 2.639886, 0.0 ], [ 101.714079, 2.639842, 0.0 ], [ 101.71463, 2.639611, 0.0 ], [ 101.714632, 2.63961, 0.0 ], [ 101.71471, 2.639796, 0.0 ], [ 101.714534, 2.639869, 0.0 ], [ 101.714647, 2.640202, 0.0 ], [ 101.714316, 2.64034, 0.0 ], [ 101.714238, 2.640371, 0.0 ], [ 101.714186, 2.640391, 0.0 ], [ 101.714189, 2.640396, 0.0 ], [ 101.714191, 2.6404, 0.0 ], [ 101.714238, 2.640481, 0.0 ], [ 101.71428, 2.64055, 0.0 ], [ 101.714372, 2.640665, 0.0 ], [ 101.714429, 2.640717, 0.0 ], [ 101.714481, 2.640765, 0.0 ], [ 101.714486, 2.640769, 0.0 ], [ 101.714559, 2.640829, 0.0 ], [ 101.714639, 2.640894, 0.0 ], [ 101.714682, 2.640929, 0.0 ], [ 101.714722, 2.64096, 0.0 ], [ 101.714765, 2.640992, 0.0 ], [ 101.714778, 2.641002, 0.0 ], [ 101.714807, 2.641026, 0.0 ], [ 101.714847, 2.641058, 0.0 ], [ 101.71485, 2.64106, 0.0 ], [ 101.714893, 2.641094, 0.0 ], [ 101.714936, 2.641128, 0.0 ], [ 101.714947, 2.641136, 0.0 ], [ 101.715022, 2.641195, 0.0 ], [ 101.715073, 2.641236, 0.0 ], [ 101.715106, 2.641263, 0.0 ], [ 101.715131, 2.641282, 0.0 ], [ 101.715148, 2.641296, 0.0 ], [ 101.715196, 2.641335, 0.0 ], [ 101.715231, 2.641364, 0.0 ], [ 101.715317, 2.641435, 0.0 ], [ 101.715398, 2.641502, 0.0 ], [ 101.715421, 2.641521, 0.0 ], [ 101.715373, 2.641567, 0.0 ], [ 101.715318, 2.641623, 0.0 ], [ 101.715307, 2.641635, 0.0 ], [ 101.7152, 2.641755, 0.0 ], [ 101.715172, 2.641783, 0.0 ], [ 101.715166, 2.641791, 0.0 ], [ 101.715159, 2.6418, 0.0 ], [ 101.715152, 2.641808, 0.0 ], [ 101.715144, 2.641819, 0.0 ], [ 101.715137, 2.641828, 0.0 ], [ 101.71513, 2.641837, 0.0 ], [ 101.715123, 2.641845, 0.0 ], [ 101.715117, 2.641853, 0.0 ], [ 101.715111, 2.641861, 0.0 ], [ 101.715104, 2.641869, 0.0 ], [ 101.715097, 2.641878, 0.0 ], [ 101.71509, 2.641886, 0.0 ], [ 101.715083, 2.641894, 0.0 ], [ 101.715077, 2.641902, 0.0 ], [ 101.715074, 2.641907, 0.0 ], [ 101.715071, 2.641911, 0.0 ], [ 101.715064, 2.64192, 0.0 ], [ 101.715057, 2.641929, 0.0 ], [ 101.71505, 2.641937, 0.0 ], [ 101.715043, 2.641946, 0.0 ], [ 101.715036, 2.641956, 0.0 ], [ 101.715028, 2.641965, 0.0 ], [ 101.715022, 2.641972, 0.0 ], [ 101.715016, 2.64198, 0.0 ], [ 101.715009, 2.64199, 0.0 ], [ 101.715001, 2.641999, 0.0 ], [ 101.714995, 2.642007, 0.0 ], [ 101.714988, 2.642017, 0.0 ], [ 101.71498, 2.642026, 0.0 ], [ 101.714973, 2.642034, 0.0 ], [ 101.714967, 2.642042, 0.0 ], [ 101.71496, 2.64205, 0.0 ], [ 101.714953, 2.64206, 0.0 ], [ 101.714945, 2.642068, 0.0 ], [ 101.714939, 2.642075, 0.0 ], [ 101.714933, 2.642084, 0.0 ], [ 101.714926, 2.642094, 0.0 ], [ 101.714919, 2.642101, 0.0 ], [ 101.714915, 2.642107, 0.0 ], [ 101.714909, 2.642115, 0.0 ], [ 101.714905, 2.642119, 0.0 ], [ 101.714923, 2.642134, 0.0 ], [ 101.716274, 2.643245, 0.0 ], [ 101.716795, 2.642626, 0.0 ], [ 101.716824, 2.642651, 0.0 ], [ 101.716825, 2.642652, 0.0 ], [ 101.716861, 2.642682, 0.0 ], [ 101.716882, 2.642698, 0.0 ], [ 101.71689, 2.642704, 0.0 ], [ 101.716921, 2.642729, 0.0 ], [ 101.716938, 2.642743, 0.0 ], [ 101.716951, 2.642754, 0.0 ], [ 101.716962, 2.642762, 0.0 ], [ 101.71699, 2.642786, 0.0 ], [ 101.717019, 2.642809, 0.0 ], [ 101.717047, 2.642832, 0.0 ], [ 101.717065, 2.642847, 0.0 ], [ 101.717086, 2.642865, 0.0 ], [ 101.717105, 2.642879, 0.0 ], [ 101.717132, 2.642902, 0.0 ], [ 101.717151, 2.642918, 0.0 ], [ 101.71717, 2.642933, 0.0 ], [ 101.717189, 2.642949, 0.0 ], [ 101.71721, 2.642966, 0.0 ], [ 101.717231, 2.642983, 0.0 ], [ 101.717254, 2.643002, 0.0 ], [ 101.717299, 2.643039, 0.0 ], [ 101.717324, 2.643059, 0.0 ], [ 101.717349, 2.643079, 0.0 ], [ 101.717376, 2.643101, 0.0 ], [ 101.717403, 2.643123, 0.0 ], [ 101.71743, 2.643145, 0.0 ], [ 101.717463, 2.643173, 0.0 ], [ 101.717483, 2.643189, 0.0 ], [ 101.717495, 2.6432, 0.0 ], [ 101.717509, 2.643212, 0.0 ], [ 101.717527, 2.643226, 0.0 ], [ 101.717535, 2.643233, 0.0 ], [ 101.717561, 2.643255, 0.0 ], [ 101.717579, 2.64327, 0.0 ], [ 101.717586, 2.643276, 0.0 ], [ 101.717613, 2.643298, 0.0 ], [ 101.717649, 2.643329, 0.0 ], [ 101.717665, 2.643343, 0.0 ], [ 101.717683, 2.643359, 0.0 ], [ 101.717716, 2.643386, 0.0 ], [ 101.717744, 2.643409, 0.0 ], [ 101.717796, 2.643454, 0.0 ], [ 101.717822, 2.643477, 0.0 ], [ 101.717832, 2.643486, 0.0 ], [ 101.717849, 2.643499, 0.0 ], [ 101.717862, 2.64351, 0.0 ], [ 101.717875, 2.643522, 0.0 ], [ 101.7179, 2.643543, 0.0 ], [ 101.717922, 2.643562, 0.0 ], [ 101.717925, 2.643564, 0.0 ], [ 101.717948, 2.643584, 0.0 ], [ 101.717971, 2.643604, 0.0 ], [ 101.717972, 2.643605, 0.0 ], [ 101.718029, 2.643667, 0.0 ], [ 101.718128, 2.643757, 0.0 ], [ 101.718144, 2.643771, 0.0 ], [ 101.718083, 2.643866, 0.0 ], [ 101.718067, 2.643891, 0.0 ], [ 101.71788, 2.644118, 0.0 ], [ 101.717845, 2.644161, 0.0 ], [ 101.717371, 2.644736, 0.0 ], [ 101.71759, 2.644933, 0.0 ], [ 101.717455, 2.645138, 0.0 ], [ 101.717413, 2.645103, 0.0 ], [ 101.717103, 2.645485, 0.0 ], [ 101.716901, 2.645305, 0.0 ], [ 101.716861, 2.645354, 0.0 ], [ 101.716815, 2.645311, 0.0 ], [ 101.714493, 2.648103, 0.0 ] ] ] } },
{ "type": "Feature", "properties": { "Name": "113/56/10  SUNGAI PELEK DUA", "description": "1135610    <br>       <br>   KODDMA   1135610    <br>   LUAS   3029646.12644    <br>   JOBID       <br>   NAMADMA   SUNGAI PELEK DUA    <br>   Status   1    <br>   JUMLAH_PEM   3867    <br>   SHAPE_Leng   7349.658868", "timestamp": null, "begin": null, "end": null, "altitudeMode": null, "tessellate": -1, "extrude": 0, "visibility": -1, "drawOrder": null, "icon": null }, "geometry": { "type": "Polygon", "coordinates": [ [ [ 101.713119, 2.637823, 0.0 ], [ 101.713131, 2.637851, 0.0 ], [ 101.713143, 2.637881, 0.0 ], [ 101.71316, 2.637923, 0.0 ], [ 101.713199, 2.638022, 0.0 ], [ 101.713234, 2.638119, 0.0 ], [ 101.713298, 2.63827, 0.0 ], [ 101.713316, 2.638314, 0.0 ], [ 101.713328, 2.638345, 0.0 ], [ 101.713377, 2.638465, 0.0 ], [ 101.713439, 2.638617, 0.0 ], [ 101.713468, 2.638689, 0.0 ], [ 101.713524, 2.63883, 0.0 ], [ 101.713592, 2.638996, 0.0 ], [ 101.713638, 2.639104, 0.0 ], [ 101.713639, 2.639106, 0.0 ], [ 101.71366, 2.639156, 0.0 ], [ 101.713685, 2.639216, 0.0 ], [ 101.71236, 2.639743, 0.0 ], [ 101.711597, 2.640045, 0.0 ], [ 101.711349, 2.640132, 0.0 ], [ 101.709669, 2.640719, 0.0 ], [ 101.70959, 2.640747, 0.0 ], [ 101.709264, 2.640862, 0.0 ], [ 101.70891, 2.640987, 0.0 ], [ 101.708153, 2.641254, 0.0 ], [ 101.707505, 2.641513, 0.0 ], [ 101.706836, 2.641782, 0.0 ], [ 101.70514, 2.642462, 0.0 ], [ 101.704903, 2.642626, 0.0 ], [ 101.70471, 2.642716, 0.0 ], [ 101.703232, 2.643309, 0.0 ], [ 101.702434, 2.642605, 0.0 ], [ 101.702308, 2.642494, 0.0 ], [ 101.701628, 2.641894, 0.0 ], [ 101.700948, 2.641294, 0.0 ], [ 101.700699, 2.641073, 0.0 ], [ 101.70027, 2.640692, 0.0 ], [ 101.699592, 2.64009, 0.0 ], [ 101.698914, 2.639487, 0.0 ], [ 101.698234, 2.638887, 0.0 ], [ 101.697555, 2.638287, 0.0 ], [ 101.697556, 2.638286, 0.0 ], [ 101.697216, 2.637986, 0.0 ], [ 101.696876, 2.637686, 0.0 ], [ 101.696875, 2.637687, 0.0 ], [ 101.696195, 2.637087, 0.0 ], [ 101.696061, 2.636969, 0.0 ], [ 101.695514, 2.636488, 0.0 ], [ 101.695419, 2.636403, 0.0 ], [ 101.694984, 2.63602, 0.0 ], [ 101.69463, 2.63648, 0.0 ], [ 101.694263, 2.636984, 0.0 ], [ 101.69388, 2.63745, 0.0 ], [ 101.693244, 2.638101, 0.0 ], [ 101.692077, 2.637069, 0.0 ], [ 101.691398, 2.636467, 0.0 ], [ 101.690771, 2.636033, 0.0 ], [ 101.691277, 2.628657, 0.0 ], [ 101.695379, 2.62829, 0.0 ], [ 101.697268, 2.628174, 0.0 ], [ 101.69738, 2.628163, 0.0 ], [ 101.702687, 2.62762, 0.0 ], [ 101.70369, 2.62755, 0.0 ], [ 101.708928, 2.627184, 0.0 ], [ 101.70893, 2.627187, 0.0 ], [ 101.709412, 2.628529, 0.0 ], [ 101.709567, 2.628958, 0.0 ], [ 101.70963, 2.629146, 0.0 ], [ 101.70968, 2.629292, 0.0 ], [ 101.709827, 2.629689, 0.0 ], [ 101.709946, 2.630009, 0.0 ], [ 101.710058, 2.630326, 0.0 ], [ 101.710083, 2.630397, 0.0 ], [ 101.710131, 2.630531, 0.0 ], [ 101.710151, 2.630583, 0.0 ], [ 101.710158, 2.630601, 0.0 ], [ 101.710212, 2.630751, 0.0 ], [ 101.71022, 2.630773, 0.0 ], [ 101.710276, 2.630926, 0.0 ], [ 101.710333, 2.631081, 0.0 ], [ 101.710356, 2.631144, 0.0 ], [ 101.710368, 2.631175, 0.0 ], [ 101.71039, 2.631238, 0.0 ], [ 101.710448, 2.631396, 0.0 ], [ 101.710506, 2.631554, 0.0 ], [ 101.710522, 2.631599, 0.0 ], [ 101.710564, 2.631712, 0.0 ], [ 101.710601, 2.631815, 0.0 ], [ 101.710621, 2.63187, 0.0 ], [ 101.710677, 2.632024, 0.0 ], [ 101.710678, 2.632028, 0.0 ], [ 101.710735, 2.632185, 0.0 ], [ 101.710793, 2.632341, 0.0 ], [ 101.710832, 2.632448, 0.0 ], [ 101.71085, 2.632497, 0.0 ], [ 101.710907, 2.632653, 0.0 ], [ 101.710964, 2.632808, 0.0 ], [ 101.710988, 2.632872, 0.0 ], [ 101.711022, 2.632962, 0.0 ], [ 101.711056, 2.633053, 0.0 ], [ 101.711059, 2.633061, 0.0 ], [ 101.711079, 2.633113, 0.0 ], [ 101.711135, 2.63326, 0.0 ], [ 101.711149, 2.633295, 0.0 ], [ 101.711192, 2.633401, 0.0 ], [ 101.71124, 2.633516, 0.0 ], [ 101.711248, 2.633535, 0.0 ], [ 101.711303, 2.633662, 0.0 ], [ 101.711324, 2.633711, 0.0 ], [ 101.711356, 2.633783, 0.0 ], [ 101.711409, 2.633899, 0.0 ], [ 101.711462, 2.634014, 0.0 ], [ 101.711575, 2.634279, 0.0 ], [ 101.711721, 2.634583, 0.0 ], [ 101.711733, 2.634611, 0.0 ], [ 101.711772, 2.634696, 0.0 ], [ 101.711824, 2.634809, 0.0 ], [ 101.711876, 2.634922, 0.0 ], [ 101.711886, 2.634944, 0.0 ], [ 101.711909, 2.634994, 0.0 ], [ 101.71191, 2.634997, 0.0 ], [ 101.711928, 2.635036, 0.0 ], [ 101.711979, 2.635149, 0.0 ], [ 101.712027, 2.635259, 0.0 ], [ 101.712071, 2.635356, 0.0 ], [ 101.712074, 2.635363, 0.0 ], [ 101.712075, 2.635366, 0.0 ], [ 101.712121, 2.635471, 0.0 ], [ 101.712166, 2.635572, 0.0 ], [ 101.712208, 2.635667, 0.0 ], [ 101.712248, 2.635758, 0.0 ], [ 101.712253, 2.635769, 0.0 ], [ 101.712286, 2.635845, 0.0 ], [ 101.712322, 2.635929, 0.0 ], [ 101.712356, 2.63601, 0.0 ], [ 101.712391, 2.636089, 0.0 ], [ 101.712426, 2.636169, 0.0 ], [ 101.712433, 2.636184, 0.0 ], [ 101.712434, 2.636186, 0.0 ], [ 101.712461, 2.636248, 0.0 ], [ 101.712491, 2.636323, 0.0 ], [ 101.712523, 2.636395, 0.0 ], [ 101.712556, 2.636471, 0.0 ], [ 101.712569, 2.636503, 0.0 ], [ 101.712591, 2.636555, 0.0 ], [ 101.712609, 2.6366, 0.0 ], [ 101.712627, 2.636643, 0.0 ], [ 101.712667, 2.636735, 0.0 ], [ 101.712694, 2.636794, 0.0 ], [ 101.712706, 2.636822, 0.0 ], [ 101.712745, 2.636915, 0.0 ], [ 101.712782, 2.637006, 0.0 ], [ 101.712783, 2.637008, 0.0 ], [ 101.712787, 2.637015, 0.0 ], [ 101.712821, 2.637101, 0.0 ], [ 101.712844, 2.637157, 0.0 ], [ 101.712868, 2.637209, 0.0 ], [ 101.712908, 2.637314, 0.0 ], [ 101.712928, 2.63736, 0.0 ], [ 101.712953, 2.637415, 0.0 ], [ 101.71296, 2.637432, 0.0 ], [ 101.712969, 2.637454, 0.0 ], [ 101.712977, 2.637475, 0.0 ], [ 101.712995, 2.637518, 0.0 ], [ 101.713036, 2.63762, 0.0 ], [ 101.713076, 2.637721, 0.0 ], [ 101.713119, 2.637823, 0.0 ] ] ] } },
{ "type": "Feature", "properties": { "Name": "113/56/11  SUNGAI PELEK EMPAT", "description": "1135611    <br>       <br>   KODDMA   1135611    <br>   LUAS   6531771.51668    <br>   JOBID       <br>   NAMADMA   SUNGAI PELEK EMPAT    <br>   Status   1    <br>   JUMLAH_PEM   1788    <br>   SHAPE_Leng   17604.958738", "timestamp": null, "begin": null, "end": null, "altitudeMode": null, "tessellate": -1, "extrude": 0, "visibility": -1, "drawOrder": null, "icon": null }, "geometry": { "type": "Polygon", "coordinates": [ [ [ 101.73578, 2.650452, 0.0 ], [ 101.735644, 2.650734, 0.0 ], [ 101.734711, 2.652589, 0.0 ], [ 101.733945, 2.653482, 0.0 ], [ 101.733415, 2.65423, 0.0 ], [ 101.731056, 2.656928, 0.0 ], [ 101.730509, 2.65734, 0.0 ], [ 101.729486, 2.657828, 0.0 ], [ 101.728794, 2.657832, 0.0 ], [ 101.728637, 2.657807, 0.0 ], [ 101.728331, 2.657758, 0.0 ], [ 101.728334, 2.657746, 0.0 ], [ 101.728337, 2.657734, 0.0 ], [ 101.728358, 2.657651, 0.0 ], [ 101.728383, 2.657553, 0.0 ], [ 101.728409, 2.65745, 0.0 ], [ 101.72845, 2.657296, 0.0 ], [ 101.728503, 2.657096, 0.0 ], [ 101.728515, 2.657055, 0.0 ], [ 101.728519, 2.657029, 0.0 ], [ 101.728528, 2.656993, 0.0 ], [ 101.728537, 2.656947, 0.0 ], [ 101.728551, 2.656891, 0.0 ], [ 101.728556, 2.656867, 0.0 ], [ 101.728558, 2.656858, 0.0 ], [ 101.728565, 2.656825, 0.0 ], [ 101.728582, 2.656749, 0.0 ], [ 101.728602, 2.656667, 0.0 ], [ 101.728623, 2.65658, 0.0 ], [ 101.728644, 2.656489, 0.0 ], [ 101.728661, 2.656418, 0.0 ], [ 101.728667, 2.656394, 0.0 ], [ 101.728689, 2.656299, 0.0 ], [ 101.72871, 2.656204, 0.0 ], [ 101.728732, 2.656108, 0.0 ], [ 101.728755, 2.656011, 0.0 ], [ 101.728763, 2.655977, 0.0 ], [ 101.728778, 2.655914, 0.0 ], [ 101.7288, 2.655816, 0.0 ], [ 101.728823, 2.655718, 0.0 ], [ 101.728845, 2.655619, 0.0 ], [ 101.728864, 2.655537, 0.0 ], [ 101.728868, 2.65552, 0.0 ], [ 101.728868, 2.655517, 0.0 ], [ 101.728891, 2.655421, 0.0 ], [ 101.728914, 2.655322, 0.0 ], [ 101.728937, 2.655223, 0.0 ], [ 101.728955, 2.655121, 0.0 ], [ 101.728962, 2.655096, 0.0 ], [ 101.728982, 2.655023, 0.0 ], [ 101.729003, 2.654925, 0.0 ], [ 101.729023, 2.65483, 0.0 ], [ 101.729043, 2.654737, 0.0 ], [ 101.729062, 2.654655, 0.0 ], [ 101.729064, 2.654648, 0.0 ], [ 101.729095, 2.65449, 0.0 ], [ 101.729126, 2.654355, 0.0 ], [ 101.729156, 2.65422, 0.0 ], [ 101.729158, 2.654214, 0.0 ], [ 101.729187, 2.654085, 0.0 ], [ 101.729216, 2.65395, 0.0 ], [ 101.729246, 2.653815, 0.0 ], [ 101.729255, 2.653772, 0.0 ], [ 101.729275, 2.653681, 0.0 ], [ 101.729304, 2.653547, 0.0 ], [ 101.729318, 2.65348, 0.0 ], [ 101.729332, 2.653412, 0.0 ], [ 101.729349, 2.65333, 0.0 ], [ 101.72936, 2.653278, 0.0 ], [ 101.729388, 2.653147, 0.0 ], [ 101.729415, 2.653016, 0.0 ], [ 101.729442, 2.652888, 0.0 ], [ 101.729468, 2.652761, 0.0 ], [ 101.729494, 2.652636, 0.0 ], [ 101.729519, 2.652514, 0.0 ], [ 101.729533, 2.652445, 0.0 ], [ 101.729543, 2.652394, 0.0 ], [ 101.729546, 2.652379, 0.0 ], [ 101.729567, 2.652277, 0.0 ], [ 101.729589, 2.652163, 0.0 ], [ 101.729611, 2.652051, 0.0 ], [ 101.72962, 2.652001, 0.0 ], [ 101.729632, 2.651941, 0.0 ], [ 101.729651, 2.651835, 0.0 ], [ 101.729669, 2.651729, 0.0 ], [ 101.729685, 2.651626, 0.0 ], [ 101.729695, 2.651556, 0.0 ], [ 101.729699, 2.651526, 0.0 ], [ 101.729712, 2.65143, 0.0 ], [ 101.729724, 2.651338, 0.0 ], [ 101.729734, 2.65125, 0.0 ], [ 101.729739, 2.651213, 0.0 ], [ 101.729745, 2.651166, 0.0 ], [ 101.729753, 2.651107, 0.0 ], [ 101.729755, 2.651086, 0.0 ], [ 101.729756, 2.651079, 0.0 ], [ 101.729765, 2.651009, 0.0 ], [ 101.729775, 2.650936, 0.0 ], [ 101.729783, 2.650869, 0.0 ], [ 101.729792, 2.650804, 0.0 ], [ 101.7298, 2.650741, 0.0 ], [ 101.729806, 2.650689, 0.0 ], [ 101.729807, 2.650681, 0.0 ], [ 101.729809, 2.650659, 0.0 ], [ 101.729813, 2.650623, 0.0 ], [ 101.72985, 2.650297, 0.0 ], [ 101.729853, 2.650253, 0.0 ], [ 101.729855, 2.650209, 0.0 ], [ 101.729858, 2.650143, 0.0 ], [ 101.729858, 2.650108, 0.0 ], [ 101.729751, 2.650115, 0.0 ], [ 101.728484, 2.65051, 0.0 ], [ 101.728232, 2.650589, 0.0 ], [ 101.727568, 2.650796, 0.0 ], [ 101.726928, 2.650996, 0.0 ], [ 101.726915, 2.650651, 0.0 ], [ 101.726911, 2.65055, 0.0 ], [ 101.726584, 2.650475, 0.0 ], [ 101.726152, 2.650376, 0.0 ], [ 101.725888, 2.650316, 0.0 ], [ 101.725685, 2.650269, 0.0 ], [ 101.725209, 2.650161, 0.0 ], [ 101.725189, 2.650156, 0.0 ], [ 101.725158, 2.650147, 0.0 ], [ 101.724732, 2.650023, 0.0 ], [ 101.724331, 2.649908, 0.0 ], [ 101.724146, 2.649852, 0.0 ], [ 101.723632, 2.649703, 0.0 ], [ 101.723103, 2.64955, 0.0 ], [ 101.72306, 2.649537, 0.0 ], [ 101.722521, 2.649381, 0.0 ], [ 101.722265, 2.649307, 0.0 ], [ 101.721959, 2.649218, 0.0 ], [ 101.721415, 2.64906, 0.0 ], [ 101.721034, 2.648949, 0.0 ], [ 101.721016, 2.648933, 0.0 ], [ 101.721003, 2.648922, 0.0 ], [ 101.720966, 2.64889, 0.0 ], [ 101.720179, 2.648205, 0.0 ], [ 101.719707, 2.64875, 0.0 ], [ 101.71801, 2.647239, 0.0 ], [ 101.717524, 2.647782, 0.0 ], [ 101.717049, 2.648313, 0.0 ], [ 101.716576, 2.648841, 0.0 ], [ 101.716493, 2.648936, 0.0 ], [ 101.716436, 2.648864, 0.0 ], [ 101.715853, 2.648307, 0.0 ], [ 101.7169, 2.647142, 0.0 ], [ 101.71721, 2.646802, 0.0 ], [ 101.717827, 2.646126, 0.0 ], [ 101.71734, 2.645695, 0.0 ], [ 101.717103, 2.645485, 0.0 ], [ 101.717413, 2.645103, 0.0 ], [ 101.717455, 2.645138, 0.0 ], [ 101.71759, 2.644933, 0.0 ], [ 101.717371, 2.644736, 0.0 ], [ 101.717845, 2.644161, 0.0 ], [ 101.71788, 2.644118, 0.0 ], [ 101.718067, 2.643891, 0.0 ], [ 101.718083, 2.643866, 0.0 ], [ 101.718144, 2.643771, 0.0 ], [ 101.718128, 2.643757, 0.0 ], [ 101.718029, 2.643667, 0.0 ], [ 101.717972, 2.643605, 0.0 ], [ 101.717971, 2.643604, 0.0 ], [ 101.717948, 2.643584, 0.0 ], [ 101.717925, 2.643564, 0.0 ], [ 101.717922, 2.643562, 0.0 ], [ 101.7179, 2.643543, 0.0 ], [ 101.717875, 2.643522, 0.0 ], [ 101.717862, 2.64351, 0.0 ], [ 101.717849, 2.643499, 0.0 ], [ 101.717832, 2.643486, 0.0 ], [ 101.717822, 2.643477, 0.0 ], [ 101.717796, 2.643454, 0.0 ], [ 101.717744, 2.643409, 0.0 ], [ 101.717716, 2.643386, 0.0 ], [ 101.717683, 2.643359, 0.0 ], [ 101.717665, 2.643343, 0.0 ], [ 101.717649, 2.643329, 0.0 ], [ 101.717613, 2.643298, 0.0 ], [ 101.717586, 2.643276, 0.0 ], [ 101.717579, 2.64327, 0.0 ], [ 101.717561, 2.643255, 0.0 ], [ 101.717535, 2.643233, 0.0 ], [ 101.717527, 2.643226, 0.0 ], [ 101.717509, 2.643212, 0.0 ], [ 101.717495, 2.6432, 0.0 ], [ 101.717483, 2.643189, 0.0 ], [ 101.717463, 2.643173, 0.0 ], [ 101.71743, 2.643145, 0.0 ], [ 101.717403, 2.643123, 0.0 ], [ 101.717376, 2.643101, 0.0 ], [ 101.717349, 2.643079, 0.0 ], [ 101.717324, 2.643059, 0.0 ], [ 101.717299, 2.643039, 0.0 ], [ 101.717254, 2.643002, 0.0 ], [ 101.717231, 2.642983, 0.0 ], [ 101.71721, 2.642966, 0.0 ], [ 101.717189, 2.642949, 0.0 ], [ 101.71717, 2.642933, 0.0 ], [ 101.717151, 2.642918, 0.0 ], [ 101.717132, 2.642902, 0.0 ], [ 101.717105, 2.642879, 0.0 ], [ 101.717086, 2.642865, 0.0 ], [ 101.717065, 2.642847, 0.0 ], [ 101.717047, 2.642832, 0.0 ], [ 101.717019, 2.642809, 0.0 ], [ 101.71699, 2.642786, 0.0 ], [ 101.716962, 2.642762, 0.0 ], [ 101.716951, 2.642754, 0.0 ], [ 101.716938, 2.642743, 0.0 ], [ 101.716921, 2.642729, 0.0 ], [ 101.71689, 2.642704, 0.0 ], [ 101.716882, 2.642698, 0.0 ], [ 101.716861, 2.642682, 0.0 ], [ 101.716825, 2.642652, 0.0 ], [ 101.716824, 2.642651, 0.0 ], [ 101.716795, 2.642626, 0.0 ], [ 101.716274, 2.643245, 0.0 ], [ 101.714923, 2.642134, 0.0 ], [ 101.714905, 2.642119, 0.0 ], [ 101.714909, 2.642115, 0.0 ], [ 101.714915, 2.642107, 0.0 ], [ 101.714919, 2.642101, 0.0 ], [ 101.714926, 2.642094, 0.0 ], [ 101.714933, 2.642084, 0.0 ], [ 101.714939, 2.642075, 0.0 ], [ 101.714945, 2.642068, 0.0 ], [ 101.714953, 2.64206, 0.0 ], [ 101.71496, 2.64205, 0.0 ], [ 101.714967, 2.642042, 0.0 ], [ 101.714973, 2.642034, 0.0 ], [ 101.71498, 2.642026, 0.0 ], [ 101.714988, 2.642017, 0.0 ], [ 101.714995, 2.642007, 0.0 ], [ 101.715001, 2.641999, 0.0 ], [ 101.715009, 2.64199, 0.0 ], [ 101.715016, 2.64198, 0.0 ], [ 101.715022, 2.641972, 0.0 ], [ 101.715028, 2.641965, 0.0 ], [ 101.715036, 2.641956, 0.0 ], [ 101.715043, 2.641946, 0.0 ], [ 101.71505, 2.641937, 0.0 ], [ 101.715057, 2.641929, 0.0 ], [ 101.715064, 2.64192, 0.0 ], [ 101.715071, 2.641911, 0.0 ], [ 101.715074, 2.641907, 0.0 ], [ 101.715077, 2.641902, 0.0 ], [ 101.715083, 2.641894, 0.0 ], [ 101.71509, 2.641886, 0.0 ], [ 101.715097, 2.641878, 0.0 ], [ 101.715104, 2.641869, 0.0 ], [ 101.715111, 2.641861, 0.0 ], [ 101.715117, 2.641853, 0.0 ], [ 101.715123, 2.641845, 0.0 ], [ 101.71513, 2.641837, 0.0 ], [ 101.715137, 2.641828, 0.0 ], [ 101.715144, 2.641819, 0.0 ], [ 101.715152, 2.641808, 0.0 ], [ 101.715159, 2.6418, 0.0 ], [ 101.715166, 2.641791, 0.0 ], [ 101.715172, 2.641783, 0.0 ], [ 101.7152, 2.641755, 0.0 ], [ 101.715307, 2.641635, 0.0 ], [ 101.715318, 2.641623, 0.0 ], [ 101.715373, 2.641567, 0.0 ], [ 101.715421, 2.641521, 0.0 ], [ 101.715398, 2.641502, 0.0 ], [ 101.715317, 2.641435, 0.0 ], [ 101.715231, 2.641364, 0.0 ], [ 101.715196, 2.641335, 0.0 ], [ 101.715148, 2.641296, 0.0 ], [ 101.715131, 2.641282, 0.0 ], [ 101.715106, 2.641263, 0.0 ], [ 101.715073, 2.641236, 0.0 ], [ 101.715022, 2.641195, 0.0 ], [ 101.714947, 2.641136, 0.0 ], [ 101.714936, 2.641128, 0.0 ], [ 101.714893, 2.641094, 0.0 ], [ 101.71485, 2.64106, 0.0 ], [ 101.714847, 2.641058, 0.0 ], [ 101.714807, 2.641026, 0.0 ], [ 101.714778, 2.641002, 0.0 ], [ 101.714765, 2.640992, 0.0 ], [ 101.714722, 2.64096, 0.0 ], [ 101.714682, 2.640929, 0.0 ], [ 101.714639, 2.640894, 0.0 ], [ 101.714559, 2.640829, 0.0 ], [ 101.714486, 2.640769, 0.0 ], [ 101.714481, 2.640765, 0.0 ], [ 101.714429, 2.640717, 0.0 ], [ 101.714372, 2.640665, 0.0 ], [ 101.71428, 2.64055, 0.0 ], [ 101.714238, 2.640481, 0.0 ], [ 101.714191, 2.6404, 0.0 ], [ 101.714189, 2.640396, 0.0 ], [ 101.714186, 2.640391, 0.0 ], [ 101.714238, 2.640371, 0.0 ], [ 101.714316, 2.64034, 0.0 ], [ 101.714647, 2.640202, 0.0 ], [ 101.714534, 2.639869, 0.0 ], [ 101.71471, 2.639796, 0.0 ], [ 101.714632, 2.63961, 0.0 ], [ 101.71463, 2.639611, 0.0 ], [ 101.714079, 2.639842, 0.0 ], [ 101.714006, 2.639886, 0.0 ], [ 101.713967, 2.63991, 0.0 ], [ 101.713811, 2.639525, 0.0 ], [ 101.713723, 2.639309, 0.0 ], [ 101.713705, 2.639264, 0.0 ], [ 101.713685, 2.639217, 0.0 ], [ 101.713685, 2.639216, 0.0 ], [ 101.71366, 2.639156, 0.0 ], [ 101.713639, 2.639106, 0.0 ], [ 101.713638, 2.639104, 0.0 ], [ 101.713592, 2.638996, 0.0 ], [ 101.713524, 2.63883, 0.0 ], [ 101.713468, 2.638689, 0.0 ], [ 101.713439, 2.638617, 0.0 ], [ 101.713377, 2.638465, 0.0 ], [ 101.713328, 2.638345, 0.0 ], [ 101.713316, 2.638314, 0.0 ], [ 101.713298, 2.63827, 0.0 ], [ 101.713234, 2.638119, 0.0 ], [ 101.713199, 2.638022, 0.0 ], [ 101.71316, 2.637923, 0.0 ], [ 101.713143, 2.637881, 0.0 ], [ 101.713131, 2.637851, 0.0 ], [ 101.713119, 2.637823, 0.0 ], [ 101.713076, 2.637721, 0.0 ], [ 101.713036, 2.63762, 0.0 ], [ 101.712995, 2.637518, 0.0 ], [ 101.712977, 2.637475, 0.0 ], [ 101.712969, 2.637454, 0.0 ], [ 101.71296, 2.637432, 0.0 ], [ 101.712953, 2.637415, 0.0 ], [ 101.712928, 2.63736, 0.0 ], [ 101.712908, 2.637314, 0.0 ], [ 101.712868, 2.637209, 0.0 ], [ 101.712844, 2.637157, 0.0 ], [ 101.712821, 2.637101, 0.0 ], [ 101.712787, 2.637015, 0.0 ], [ 101.712783, 2.637008, 0.0 ], [ 101.712782, 2.637006, 0.0 ], [ 101.712745, 2.636915, 0.0 ], [ 101.712706, 2.636822, 0.0 ], [ 101.712694, 2.636794, 0.0 ], [ 101.712667, 2.636735, 0.0 ], [ 101.712627, 2.636643, 0.0 ], [ 101.712609, 2.6366, 0.0 ], [ 101.712591, 2.636555, 0.0 ], [ 101.712569, 2.636503, 0.0 ], [ 101.712556, 2.636471, 0.0 ], [ 101.712523, 2.636395, 0.0 ], [ 101.712491, 2.636323, 0.0 ], [ 101.712461, 2.636248, 0.0 ], [ 101.712434, 2.636186, 0.0 ], [ 101.712433, 2.636184, 0.0 ], [ 101.712426, 2.636169, 0.0 ], [ 101.712391, 2.636089, 0.0 ], [ 101.712356, 2.63601, 0.0 ], [ 101.712322, 2.635929, 0.0 ], [ 101.712286, 2.635845, 0.0 ], [ 101.712253, 2.635769, 0.0 ], [ 101.712248, 2.635758, 0.0 ], [ 101.712208, 2.635667, 0.0 ], [ 101.712166, 2.635572, 0.0 ], [ 101.712121, 2.635471, 0.0 ], [ 101.712075, 2.635366, 0.0 ], [ 101.712074, 2.635363, 0.0 ], [ 101.712071, 2.635356, 0.0 ], [ 101.712027, 2.635259, 0.0 ], [ 101.711979, 2.635149, 0.0 ], [ 101.711928, 2.635036, 0.0 ], [ 101.71191, 2.634997, 0.0 ], [ 101.711909, 2.634994, 0.0 ], [ 101.711886, 2.634944, 0.0 ], [ 101.711876, 2.634922, 0.0 ], [ 101.711824, 2.634809, 0.0 ], [ 101.711772, 2.634696, 0.0 ], [ 101.711733, 2.634611, 0.0 ], [ 101.711721, 2.634583, 0.0 ], [ 101.711575, 2.634279, 0.0 ], [ 101.711462, 2.634014, 0.0 ], [ 101.711409, 2.633899, 0.0 ], [ 101.711356, 2.633783, 0.0 ], [ 101.711324, 2.633711, 0.0 ], [ 101.711303, 2.633662, 0.0 ], [ 101.711248, 2.633535, 0.0 ], [ 101.71124, 2.633516, 0.0 ], [ 101.711192, 2.633401, 0.0 ], [ 101.711149, 2.633295, 0.0 ], [ 101.711135, 2.63326, 0.0 ], [ 101.711079, 2.633113, 0.0 ], [ 101.711059, 2.633061, 0.0 ], [ 101.711056, 2.633053, 0.0 ], [ 101.711022, 2.632962, 0.0 ], [ 101.710988, 2.632872, 0.0 ], [ 101.710964, 2.632808, 0.0 ], [ 101.710907, 2.632653, 0.0 ], [ 101.71085, 2.632497, 0.0 ], [ 101.710832, 2.632448, 0.0 ], [ 101.710793, 2.632341, 0.0 ], [ 101.710735, 2.632185, 0.0 ], [ 101.710678, 2.632028, 0.0 ], [ 101.710677, 2.632024, 0.0 ], [ 101.710621, 2.63187, 0.0 ], [ 101.710601, 2.631815, 0.0 ], [ 101.710564, 2.631712, 0.0 ], [ 101.710522, 2.631599, 0.0 ], [ 101.710506, 2.631554, 0.0 ], [ 101.710448, 2.631396, 0.0 ], [ 101.71039, 2.631238, 0.0 ], [ 101.710368, 2.631175, 0.0 ], [ 101.710356, 2.631144, 0.0 ], [ 101.710333, 2.631081, 0.0 ], [ 101.710276, 2.630926, 0.0 ], [ 101.71022, 2.630773, 0.0 ], [ 101.710212, 2.630751, 0.0 ], [ 101.710158, 2.630601, 0.0 ], [ 101.710151, 2.630583, 0.0 ], [ 101.710131, 2.630531, 0.0 ], [ 101.710083, 2.630397, 0.0 ], [ 101.710058, 2.630326, 0.0 ], [ 101.709946, 2.630009, 0.0 ], [ 101.709827, 2.629689, 0.0 ], [ 101.70968, 2.629292, 0.0 ], [ 101.70963, 2.629146, 0.0 ], [ 101.709567, 2.628958, 0.0 ], [ 101.709412, 2.628529, 0.0 ], [ 101.70893, 2.627187, 0.0 ], [ 101.708943, 2.627183, 0.0 ], [ 101.708932, 2.627149, 0.0 ], [ 101.708873, 2.627087, 0.0 ], [ 101.708671, 2.626476, 0.0 ], [ 101.70866, 2.626473, 0.0 ], [ 101.708633, 2.626393, 0.0 ], [ 101.708643, 2.626391, 0.0 ], [ 101.708668, 2.626384, 0.0 ], [ 101.71055, 2.625866, 0.0 ], [ 101.713149, 2.625223, 0.0 ], [ 101.71326, 2.625196, 0.0 ], [ 101.714699, 2.62484, 0.0 ], [ 101.714698, 2.625246, 0.0 ], [ 101.715072, 2.62523, 0.0 ], [ 101.715024, 2.624677, 0.0 ], [ 101.715479, 2.623758, 0.0 ], [ 101.71536, 2.623548, 0.0 ], [ 101.715211, 2.622303, 0.0 ], [ 101.715728, 2.621153, 0.0 ], [ 101.715733, 2.621154, 0.0 ], [ 101.715826, 2.620946, 0.0 ], [ 101.715827, 2.620945, 0.0 ], [ 101.714392, 2.620562, 0.0 ], [ 101.712176, 2.61997, 0.0 ], [ 101.711128, 2.618762, 0.0 ], [ 101.708346, 2.615548, 0.0 ], [ 101.705955, 2.612776, 0.0 ], [ 101.705994, 2.612652, 0.0 ], [ 101.706666, 2.612053, 0.0 ], [ 101.706884, 2.61193, 0.0 ], [ 101.708659, 2.613502, 0.0 ], [ 101.708661, 2.613504, 0.0 ], [ 101.709224, 2.613938, 0.0 ], [ 101.709781, 2.614454, 0.0 ], [ 101.710651, 2.615153, 0.0 ], [ 101.711559, 2.615616, 0.0 ], [ 101.712824, 2.616478, 0.0 ], [ 101.713074, 2.616612, 0.0 ], [ 101.714037, 2.617131, 0.0 ], [ 101.714989, 2.61773, 0.0 ], [ 101.71665, 2.618638, 0.0 ], [ 101.717656, 2.619029, 0.0 ], [ 101.718716, 2.619511, 0.0 ], [ 101.720244, 2.620012, 0.0 ], [ 101.72161, 2.620223, 0.0 ], [ 101.722437, 2.620297, 0.0 ], [ 101.72313, 2.620217, 0.0 ], [ 101.724057, 2.619839, 0.0 ], [ 101.724822, 2.619226, 0.0 ], [ 101.725543, 2.618468, 0.0 ], [ 101.726589, 2.617114, 0.0 ], [ 101.727202, 2.616473, 0.0 ], [ 101.727778, 2.616384, 0.0 ], [ 101.728614, 2.616504, 0.0 ], [ 101.729135, 2.616668, 0.0 ], [ 101.729718, 2.617302, 0.0 ], [ 101.729852, 2.617818, 0.0 ], [ 101.729872, 2.617933, 0.0 ], [ 101.729976, 2.618532, 0.0 ], [ 101.73, 2.618662, 0.0 ], [ 101.730101, 2.619211, 0.0 ], [ 101.73018, 2.619934, 0.0 ], [ 101.730219, 2.620713, 0.0 ], [ 101.730223, 2.620803, 0.0 ], [ 101.730239, 2.62196, 0.0 ], [ 101.730164, 2.622991, 0.0 ], [ 101.730153, 2.624013, 0.0 ], [ 101.730024, 2.625315, 0.0 ], [ 101.729763, 2.62671, 0.0 ], [ 101.729733, 2.626869, 0.0 ], [ 101.729726, 2.626894, 0.0 ], [ 101.729271, 2.628478, 0.0 ], [ 101.729141, 2.628859, 0.0 ], [ 101.728882, 2.629616, 0.0 ], [ 101.728448, 2.630484, 0.0 ], [ 101.727961, 2.63145, 0.0 ], [ 101.727275, 2.632461, 0.0 ], [ 101.726635, 2.633138, 0.0 ], [ 101.725701, 2.633853, 0.0 ], [ 101.725563, 2.633959, 0.0 ], [ 101.725149, 2.634338, 0.0 ], [ 101.724941, 2.634681, 0.0 ], [ 101.724743, 2.63497, 0.0 ], [ 101.724616, 2.635412, 0.0 ], [ 101.724633, 2.635819, 0.0 ], [ 101.724798, 2.636261, 0.0 ], [ 101.725018, 2.636851, 0.0 ], [ 101.725411, 2.637729, 0.0 ], [ 101.726299, 2.63897, 0.0 ], [ 101.72647, 2.639254, 0.0 ], [ 101.727353, 2.640717, 0.0 ], [ 101.727289, 2.640835, 0.0 ], [ 101.729168, 2.643499, 0.0 ], [ 101.731667, 2.646391, 0.0 ], [ 101.734477, 2.648265, 0.0 ], [ 101.736433, 2.649105, 0.0 ], [ 101.73578, 2.650452, 0.0 ] ] ] } },
{ "type": "Feature", "properties": { "Name": "113/56/14  TAMAN MAWAR", "description": "1135614    <br>       <br>   KODDMA   1135614    <br>   LUAS   3332849.18461    <br>   JOBID   250315110458BB01-bbstinggi    <br>   NAMADMA   TAMAN MAWAR    <br>   Status   1    <br>   JUMLAH_PEM   586    <br>   SHAPE_Leng   8813.2719", "timestamp": null, "begin": null, "end": null, "altitudeMode": null, "tessellate": -1, "extrude": 0, "visibility": -1, "drawOrder": null, "icon": null }, "geometry": { "type": "Polygon", "coordinates": [ [ [ 101.739452, 2.8307, 0.0 ], [ 101.739399, 2.830703, 0.0 ], [ 101.73937, 2.830704, 0.0 ], [ 101.739342, 2.830705, 0.0 ], [ 101.739285, 2.830707, 0.0 ], [ 101.739228, 2.83071, 0.0 ], [ 101.739167, 2.830712, 0.0 ], [ 101.739101, 2.830714, 0.0 ], [ 101.739031, 2.830716, 0.0 ], [ 101.738957, 2.830718, 0.0 ], [ 101.73892, 2.830718, 0.0 ], [ 101.738882, 2.830718, 0.0 ], [ 101.738806, 2.830715, 0.0 ], [ 101.738729, 2.830708, 0.0 ], [ 101.738652, 2.830694, 0.0 ], [ 101.738573, 2.830676, 0.0 ], [ 101.738495, 2.830654, 0.0 ], [ 101.738478, 2.830648, 0.0 ], [ 101.738416, 2.830628, 0.0 ], [ 101.738339, 2.830596, 0.0 ], [ 101.738266, 2.830561, 0.0 ], [ 101.738198, 2.830527, 0.0 ], [ 101.738135, 2.830494, 0.0 ], [ 101.738077, 2.830464, 0.0 ], [ 101.73807, 2.83046, 0.0 ], [ 101.738027, 2.830436, 0.0 ], [ 101.737989, 2.830415, 0.0 ], [ 101.737894, 2.830368, 0.0 ], [ 101.737869, 2.830356, 0.0 ], [ 101.73784, 2.830342, 0.0 ], [ 101.737812, 2.830329, 0.0 ], [ 101.737777, 2.830312, 0.0 ], [ 101.737734, 2.83029, 0.0 ], [ 101.737683, 2.830265, 0.0 ], [ 101.737668, 2.830257, 0.0 ], [ 101.737635, 2.83024, 0.0 ], [ 101.737586, 2.830216, 0.0 ], [ 101.737533, 2.830188, 0.0 ], [ 101.737476, 2.830158, 0.0 ], [ 101.737415, 2.830126, 0.0 ], [ 101.737352, 2.830093, 0.0 ], [ 101.737285, 2.830059, 0.0 ], [ 101.737269, 2.83005, 0.0 ], [ 101.737218, 2.830024, 0.0 ], [ 101.737148, 2.829989, 0.0 ], [ 101.737079, 2.829955, 0.0 ], [ 101.737011, 2.82992, 0.0 ], [ 101.736944, 2.829885, 0.0 ], [ 101.736877, 2.829851, 0.0 ], [ 101.736867, 2.829846, 0.0 ], [ 101.736811, 2.829818, 0.0 ], [ 101.736746, 2.829785, 0.0 ], [ 101.736682, 2.829752, 0.0 ], [ 101.736619, 2.82972, 0.0 ], [ 101.736558, 2.829689, 0.0 ], [ 101.736501, 2.82966, 0.0 ], [ 101.736466, 2.829642, 0.0 ], [ 101.736448, 2.829633, 0.0 ], [ 101.736398, 2.829607, 0.0 ], [ 101.736351, 2.829579, 0.0 ], [ 101.736307, 2.829548, 0.0 ], [ 101.736266, 2.829514, 0.0 ], [ 101.736229, 2.829481, 0.0 ], [ 101.736189, 2.829454, 0.0 ], [ 101.736146, 2.829429, 0.0 ], [ 101.7361, 2.829405, 0.0 ], [ 101.736095, 2.829402, 0.0 ], [ 101.736089, 2.829399, 0.0 ], [ 101.735987, 2.829348, 0.0 ], [ 101.735886, 2.829296, 0.0 ], [ 101.735858, 2.829281, 0.0 ], [ 101.735787, 2.829245, 0.0 ], [ 101.735688, 2.829194, 0.0 ], [ 101.735681, 2.82919, 0.0 ], [ 101.735673, 2.829186, 0.0 ], [ 101.735625, 2.829161, 0.0 ], [ 101.73558, 2.829139, 0.0 ], [ 101.735533, 2.82912, 0.0 ], [ 101.735484, 2.829104, 0.0 ], [ 101.735434, 2.82909, 0.0 ], [ 101.735382, 2.829074, 0.0 ], [ 101.735327, 2.829054, 0.0 ], [ 101.735271, 2.829028, 0.0 ], [ 101.73527, 2.829027, 0.0 ], [ 101.735211, 2.828997, 0.0 ], [ 101.73515, 2.828965, 0.0 ], [ 101.735088, 2.828934, 0.0 ], [ 101.735025, 2.828902, 0.0 ], [ 101.73496, 2.828869, 0.0 ], [ 101.734895, 2.828836, 0.0 ], [ 101.73487, 2.828823, 0.0 ], [ 101.734829, 2.828802, 0.0 ], [ 101.734762, 2.828768, 0.0 ], [ 101.734694, 2.828734, 0.0 ], [ 101.734626, 2.8287, 0.0 ], [ 101.734558, 2.828665, 0.0 ], [ 101.734491, 2.828631, 0.0 ], [ 101.734469, 2.82862, 0.0 ], [ 101.734423, 2.828596, 0.0 ], [ 101.734354, 2.828561, 0.0 ], [ 101.734284, 2.828525, 0.0 ], [ 101.734214, 2.82849, 0.0 ], [ 101.734143, 2.828454, 0.0 ], [ 101.734071, 2.828418, 0.0 ], [ 101.734068, 2.828416, 0.0 ], [ 101.733999, 2.828381, 0.0 ], [ 101.733927, 2.828345, 0.0 ], [ 101.733856, 2.828308, 0.0 ], [ 101.733784, 2.828273, 0.0 ], [ 101.733712, 2.828237, 0.0 ], [ 101.733666, 2.828212, 0.0 ], [ 101.733641, 2.8282, 0.0 ], [ 101.733569, 2.828163, 0.0 ], [ 101.733497, 2.828125, 0.0 ], [ 101.733424, 2.828088, 0.0 ], [ 101.733352, 2.828051, 0.0 ], [ 101.733282, 2.828015, 0.0 ], [ 101.733266, 2.828006, 0.0 ], [ 101.733215, 2.82798, 0.0 ], [ 101.733151, 2.827945, 0.0 ], [ 101.733087, 2.827912, 0.0 ], [ 101.733021, 2.827878, 0.0 ], [ 101.732954, 2.827843, 0.0 ], [ 101.732886, 2.827807, 0.0 ], [ 101.732867, 2.827797, 0.0 ], [ 101.732812, 2.827769, 0.0 ], [ 101.732732, 2.827727, 0.0 ], [ 101.732646, 2.827682, 0.0 ], [ 101.732557, 2.827634, 0.0 ], [ 101.732468, 2.827588, 0.0 ], [ 101.732466, 2.827587, 0.0 ], [ 101.732375, 2.82754, 0.0 ], [ 101.732285, 2.827493, 0.0 ], [ 101.732197, 2.827447, 0.0 ], [ 101.732106, 2.8274, 0.0 ], [ 101.732069, 2.82738, 0.0 ], [ 101.732014, 2.827351, 0.0 ], [ 101.731921, 2.827302, 0.0 ], [ 101.731828, 2.827254, 0.0 ], [ 101.731735, 2.827206, 0.0 ], [ 101.73167, 2.827173, 0.0 ], [ 101.731642, 2.827159, 0.0 ], [ 101.731551, 2.827112, 0.0 ], [ 101.73146, 2.827066, 0.0 ], [ 101.731371, 2.827021, 0.0 ], [ 101.731284, 2.826976, 0.0 ], [ 101.731269, 2.826968, 0.0 ], [ 101.731199, 2.826933, 0.0 ], [ 101.731114, 2.82689, 0.0 ], [ 101.731032, 2.826847, 0.0 ], [ 101.73095, 2.826805, 0.0 ], [ 101.73087, 2.826763, 0.0 ], [ 101.730868, 2.826762, 0.0 ], [ 101.73079, 2.826721, 0.0 ], [ 101.730712, 2.82668, 0.0 ], [ 101.730635, 2.82664, 0.0 ], [ 101.73056, 2.826601, 0.0 ], [ 101.730488, 2.826562, 0.0 ], [ 101.73047, 2.826553, 0.0 ], [ 101.730417, 2.826526, 0.0 ], [ 101.730345, 2.82649, 0.0 ], [ 101.730271, 2.826455, 0.0 ], [ 101.730198, 2.826418, 0.0 ], [ 101.730125, 2.82638, 0.0 ], [ 101.730067, 2.826351, 0.0 ], [ 101.73005, 2.826343, 0.0 ], [ 101.729975, 2.826306, 0.0 ], [ 101.729899, 2.826268, 0.0 ], [ 101.729822, 2.82623, 0.0 ], [ 101.729745, 2.826192, 0.0 ], [ 101.729706, 2.826172, 0.0 ], [ 101.729668, 2.826153, 0.0 ], [ 101.729664, 2.826151, 0.0 ], [ 101.729592, 2.826115, 0.0 ], [ 101.729515, 2.826077, 0.0 ], [ 101.729439, 2.826039, 0.0 ], [ 101.729361, 2.826001, 0.0 ], [ 101.729284, 2.825964, 0.0 ], [ 101.729261, 2.825952, 0.0 ], [ 101.729207, 2.825927, 0.0 ], [ 101.72913, 2.82589, 0.0 ], [ 101.729055, 2.825852, 0.0 ], [ 101.72898, 2.825814, 0.0 ], [ 101.728908, 2.825776, 0.0 ], [ 101.728858, 2.82575, 0.0 ], [ 101.728837, 2.825739, 0.0 ], [ 101.728768, 2.825702, 0.0 ], [ 101.7287, 2.825666, 0.0 ], [ 101.728633, 2.825632, 0.0 ], [ 101.728566, 2.825599, 0.0 ], [ 101.728501, 2.825567, 0.0 ], [ 101.728458, 2.825544, 0.0 ], [ 101.728437, 2.825533, 0.0 ], [ 101.728375, 2.8255, 0.0 ], [ 101.728313, 2.825469, 0.0 ], [ 101.728253, 2.825437, 0.0 ], [ 101.728193, 2.825407, 0.0 ], [ 101.728131, 2.825375, 0.0 ], [ 101.72806, 2.825338, 0.0 ], [ 101.728058, 2.825337, 0.0 ], [ 101.727982, 2.825298, 0.0 ], [ 101.727905, 2.825259, 0.0 ], [ 101.727828, 2.82522, 0.0 ], [ 101.727749, 2.82518, 0.0 ], [ 101.727669, 2.82514, 0.0 ], [ 101.727657, 2.825133, 0.0 ], [ 101.727589, 2.825099, 0.0 ], [ 101.727507, 2.825058, 0.0 ], [ 101.727425, 2.825018, 0.0 ], [ 101.727344, 2.824978, 0.0 ], [ 101.727265, 2.824938, 0.0 ], [ 101.727254, 2.824932, 0.0 ], [ 101.727188, 2.824898, 0.0 ], [ 101.727113, 2.82486, 0.0 ], [ 101.72704, 2.824824, 0.0 ], [ 101.72697, 2.824787, 0.0 ], [ 101.726902, 2.82475, 0.0 ], [ 101.726855, 2.824725, 0.0 ], [ 101.726836, 2.824715, 0.0 ], [ 101.72677, 2.824681, 0.0 ], [ 101.726706, 2.824648, 0.0 ], [ 101.726642, 2.824614, 0.0 ], [ 101.726581, 2.824583, 0.0 ], [ 101.726522, 2.824551, 0.0 ], [ 101.726461, 2.824521, 0.0 ], [ 101.726455, 2.824518, 0.0 ], [ 101.726421, 2.8245, 0.0 ], [ 101.724648, 2.823685, 0.0 ], [ 101.722644, 2.823573, 0.0 ], [ 101.721975, 2.821274, 0.0 ], [ 101.721576, 2.81953, 0.0 ], [ 101.721592, 2.81914, 0.0 ], [ 101.720943, 2.81914, 0.0 ], [ 101.720979, 2.818774, 0.0 ], [ 101.720992, 2.81834, 0.0 ], [ 101.721009, 2.817727, 0.0 ], [ 101.721042, 2.816598, 0.0 ], [ 101.721055, 2.816149, 0.0 ], [ 101.721053, 2.816221, 0.0 ], [ 101.721099, 2.814599, 0.0 ], [ 101.721128, 2.813569, 0.0 ], [ 101.721162, 2.812398, 0.0 ], [ 101.722301, 2.812429, 0.0 ], [ 101.72278, 2.812438, 0.0 ], [ 101.724741, 2.812478, 0.0 ], [ 101.726621, 2.812516, 0.0 ], [ 101.72969, 2.812578, 0.0 ], [ 101.731983, 2.812624, 0.0 ], [ 101.732256, 2.812629, 0.0 ], [ 101.73256, 2.812636, 0.0 ], [ 101.732557, 2.812721, 0.0 ], [ 101.732496, 2.818606, 0.0 ], [ 101.732504, 2.818606, 0.0 ], [ 101.732695, 2.818609, 0.0 ], [ 101.732825, 2.818613, 0.0 ], [ 101.732954, 2.818613, 0.0 ], [ 101.733103, 2.818606, 0.0 ], [ 101.733253, 2.818593, 0.0 ], [ 101.733401, 2.818573, 0.0 ], [ 101.733556, 2.818546, 0.0 ], [ 101.733709, 2.818511, 0.0 ], [ 101.733843, 2.818487, 0.0 ], [ 101.734078, 2.818445, 0.0 ], [ 101.734285, 2.818406, 0.0 ], [ 101.734413, 2.818382, 0.0 ], [ 101.734714, 2.818325, 0.0 ], [ 101.734727, 2.818322, 0.0 ], [ 101.734976, 2.81827, 0.0 ], [ 101.735039, 2.818256, 0.0 ], [ 101.7351, 2.818234, 0.0 ], [ 101.735159, 2.818205, 0.0 ], [ 101.735212, 2.81817, 0.0 ], [ 101.735222, 2.818164, 0.0 ], [ 101.735267, 2.818123, 0.0 ], [ 101.735278, 2.818114, 0.0 ], [ 101.735328, 2.818058, 0.0 ], [ 101.735369, 2.817996, 0.0 ], [ 101.735403, 2.817928, 0.0 ], [ 101.735426, 2.817857, 0.0 ], [ 101.735441, 2.817784, 0.0 ], [ 101.735445, 2.81771, 0.0 ], [ 101.735445, 2.817709, 0.0 ], [ 101.73544, 2.817636, 0.0 ], [ 101.735416, 2.817507, 0.0 ], [ 101.735408, 2.817446, 0.0 ], [ 101.7354, 2.81741, 0.0 ], [ 101.735358, 2.817213, 0.0 ], [ 101.735308, 2.816979, 0.0 ], [ 101.735306, 2.816968, 0.0 ], [ 101.735246, 2.816722, 0.0 ], [ 101.735241, 2.816701, 0.0 ], [ 101.735253, 2.816701, 0.0 ], [ 101.736068, 2.816702, 0.0 ], [ 101.737079, 2.815429, 0.0 ], [ 101.737091, 2.815283, 0.0 ], [ 101.737957, 2.815242, 0.0 ], [ 101.738489, 2.815218, 0.0 ], [ 101.7385, 2.814987, 0.0 ], [ 101.739072, 2.814994, 0.0 ], [ 101.739072, 2.815162, 0.0 ], [ 101.73981, 2.814899, 0.0 ], [ 101.745397, 2.817287, 0.0 ], [ 101.745339, 2.818161, 0.0 ], [ 101.745005, 2.819181, 0.0 ], [ 101.744816, 2.81985, 0.0 ], [ 101.744408, 2.820579, 0.0 ], [ 101.744204, 2.821059, 0.0 ], [ 101.743942, 2.82154, 0.0 ], [ 101.743462, 2.821889, 0.0 ], [ 101.743287, 2.822195, 0.0 ], [ 101.742544, 2.82301, 0.0 ], [ 101.741942, 2.824224, 0.0 ], [ 101.741598, 2.824646, 0.0 ], [ 101.741482, 2.824787, 0.0 ], [ 101.741104, 2.825792, 0.0 ], [ 101.740842, 2.826477, 0.0 ], [ 101.740648, 2.826692, 0.0 ], [ 101.740239, 2.827147, 0.0 ], [ 101.740187, 2.827205, 0.0 ], [ 101.740171, 2.827286, 0.0 ], [ 101.74012, 2.827535, 0.0 ], [ 101.740119, 2.827538, 0.0 ], [ 101.740119, 2.827542, 0.0 ], [ 101.740107, 2.827604, 0.0 ], [ 101.74007, 2.827787, 0.0 ], [ 101.740049, 2.82783, 0.0 ], [ 101.739916, 2.828108, 0.0 ], [ 101.739791, 2.828372, 0.0 ], [ 101.73975, 2.828457, 0.0 ], [ 101.739619, 2.829099, 0.0 ], [ 101.739611, 2.829465, 0.0 ], [ 101.739604, 2.829768, 0.0 ], [ 101.739677, 2.830381, 0.0 ], [ 101.739684, 2.830437, 0.0 ], [ 101.739687, 2.830463, 0.0 ], [ 101.739715, 2.8307, 0.0 ], [ 101.739674, 2.830706, 0.0 ], [ 101.739481, 2.8307, 0.0 ], [ 101.739452, 2.8307, 0.0 ] ] ] } },
{ "type": "Feature", "properties": { "Name": "113/55/21  SELANGOR DREDGING", "description": "1135521    <br>       <br>   KODDMA   1135521    <br>   LUAS   9423336.80312    <br>   JOBID   250315105549BB01-dengki    <br>   NAMADMA   SELANGOR DREDGING    <br>   Status   1    <br>   JUMLAH_PEM   1557    <br>   SHAPE_Leng   20582.504173", "timestamp": null, "begin": null, "end": null, "altitudeMode": null, "tessellate": -1, "extrude": 0, "visibility": -1, "drawOrder": null, "icon": null }, "geometry": { "type": "Polygon", "coordinates": [ [ [ 101.65706, 2.849544, 0.0 ], [ 101.655435, 2.849866, 0.0 ], [ 101.65426, 2.850916, 0.0 ], [ 101.652969, 2.851894, 0.0 ], [ 101.652149, 2.852674, 0.0 ], [ 101.651866, 2.852944, 0.0 ], [ 101.65043, 2.854389, 0.0 ], [ 101.648616, 2.855643, 0.0 ], [ 101.644838, 2.859696, 0.0 ], [ 101.641012, 2.865322, 0.0 ], [ 101.640753, 2.865681, 0.0 ], [ 101.638434, 2.868755, 0.0 ], [ 101.634366, 2.866818, 0.0 ], [ 101.634241, 2.866759, 0.0 ], [ 101.63423, 2.866754, 0.0 ], [ 101.63424, 2.866736, 0.0 ], [ 101.636535, 2.862366, 0.0 ], [ 101.636817, 2.861831, 0.0 ], [ 101.637476, 2.860577, 0.0 ], [ 101.638136, 2.859322, 0.0 ], [ 101.638843, 2.857976, 0.0 ], [ 101.639519, 2.856689, 0.0 ], [ 101.640536, 2.854759, 0.0 ], [ 101.641101, 2.853682, 0.0 ], [ 101.641194, 2.853505, 0.0 ], [ 101.641476, 2.852966, 0.0 ], [ 101.641602, 2.852725, 0.0 ], [ 101.642074, 2.851824, 0.0 ], [ 101.642318, 2.851357, 0.0 ], [ 101.642968, 2.850111, 0.0 ], [ 101.643167, 2.849729, 0.0 ], [ 101.644127, 2.847875, 0.0 ], [ 101.644828, 2.846522, 0.0 ], [ 101.64558, 2.845086, 0.0 ], [ 101.645663, 2.844868, 0.0 ], [ 101.645759, 2.844742, 0.0 ], [ 101.646669, 2.843197, 0.0 ], [ 101.647676, 2.841574, 0.0 ], [ 101.647958, 2.84112, 0.0 ], [ 101.648785, 2.84032, 0.0 ], [ 101.648963, 2.840149, 0.0 ], [ 101.649171, 2.839948, 0.0 ], [ 101.650093, 2.839054, 0.0 ], [ 101.650244, 2.839161, 0.0 ], [ 101.651161, 2.838273, 0.0 ], [ 101.652318, 2.837153, 0.0 ], [ 101.653145, 2.836352, 0.0 ], [ 101.654358, 2.837315, 0.0 ], [ 101.655699, 2.83838, 0.0 ], [ 101.656982, 2.839399, 0.0 ], [ 101.657793, 2.838512, 0.0 ], [ 101.658656, 2.837571, 0.0 ], [ 101.659588, 2.838205, 0.0 ], [ 101.659617, 2.836397, 0.0 ], [ 101.65965, 2.834407, 0.0 ], [ 101.659681, 2.83253, 0.0 ], [ 101.6597, 2.831354, 0.0 ], [ 101.659953, 2.829512, 0.0 ], [ 101.659953, 2.829511, 0.0 ], [ 101.659985, 2.829182, 0.0 ], [ 101.660059, 2.828525, 0.0 ], [ 101.660117, 2.827994, 0.0 ], [ 101.660242, 2.826886, 0.0 ], [ 101.660256, 2.826697, 0.0 ], [ 101.660256, 2.826168, 0.0 ], [ 101.660256, 2.825855, 0.0 ], [ 101.660269, 2.825647, 0.0 ], [ 101.660302, 2.825137, 0.0 ], [ 101.660334, 2.824628, 0.0 ], [ 101.660367, 2.824118, 0.0 ], [ 101.660426, 2.823624, 0.0 ], [ 101.660601, 2.822693, 0.0 ], [ 101.661884, 2.82254, 0.0 ], [ 101.663373, 2.822517, 0.0 ], [ 101.664027, 2.822769, 0.0 ], [ 101.66429, 2.823025, 0.0 ], [ 101.664446, 2.823554, 0.0 ], [ 101.664942, 2.824667, 0.0 ], [ 101.665283, 2.825232, 0.0 ], [ 101.666015, 2.825767, 0.0 ], [ 101.667229, 2.826224, 0.0 ], [ 101.667945, 2.826696, 0.0 ], [ 101.66967, 2.828847, 0.0 ], [ 101.670618, 2.829962, 0.0 ], [ 101.671084, 2.830872, 0.0 ], [ 101.671534, 2.831876, 0.0 ], [ 101.671765, 2.832848, 0.0 ], [ 101.672324, 2.833727, 0.0 ], [ 101.672994, 2.834136, 0.0 ], [ 101.673352, 2.834012, 0.0 ], [ 101.674164, 2.833481, 0.0 ], [ 101.674679, 2.833435, 0.0 ], [ 101.67513, 2.833671, 0.0 ], [ 101.675798, 2.834441, 0.0 ], [ 101.676077, 2.835491, 0.0 ], [ 101.676559, 2.835963, 0.0 ], [ 101.677181, 2.836372, 0.0 ], [ 101.677631, 2.837235, 0.0 ], [ 101.677785, 2.838175, 0.0 ], [ 101.678095, 2.838991, 0.0 ], [ 101.677734, 2.839915, 0.0 ], [ 101.677624, 2.840338, 0.0 ], [ 101.677622, 2.841106, 0.0 ], [ 101.677865, 2.841763, 0.0 ], [ 101.678431, 2.841938, 0.0 ], [ 101.678643, 2.842745, 0.0 ], [ 101.678482, 2.843386, 0.0 ], [ 101.678995, 2.843726, 0.0 ], [ 101.679172, 2.844065, 0.0 ], [ 101.678719, 2.84435, 0.0 ], [ 101.67785, 2.844374, 0.0 ], [ 101.677645, 2.844748, 0.0 ], [ 101.677439, 2.845479, 0.0 ], [ 101.677235, 2.845853, 0.0 ], [ 101.676985, 2.846378, 0.0 ], [ 101.6767, 2.846859, 0.0 ], [ 101.677097, 2.847705, 0.0 ], [ 101.678052, 2.847779, 0.0 ], [ 101.678303, 2.848033, 0.0 ], [ 101.678235, 2.848469, 0.0 ], [ 101.678235, 2.848765, 0.0 ], [ 101.678279, 2.849877, 0.0 ], [ 101.677616, 2.850299, 0.0 ], [ 101.677705, 2.850721, 0.0 ], [ 101.678832, 2.851321, 0.0 ], [ 101.679584, 2.851299, 0.0 ], [ 101.679827, 2.851455, 0.0 ], [ 101.679938, 2.851744, 0.0 ], [ 101.679407, 2.85201, 0.0 ], [ 101.679429, 2.852433, 0.0 ], [ 101.680734, 2.853077, 0.0 ], [ 101.681066, 2.853011, 0.0 ], [ 101.681491, 2.853608, 0.0 ], [ 101.681265, 2.853744, 0.0 ], [ 101.681088, 2.8547, 0.0 ], [ 101.681597, 2.855545, 0.0 ], [ 101.682291, 2.856209, 0.0 ], [ 101.681885, 2.856427, 0.0 ], [ 101.681696, 2.856398, 0.0 ], [ 101.681274, 2.855918, 0.0 ], [ 101.680939, 2.856034, 0.0 ], [ 101.68085, 2.856376, 0.0 ], [ 101.680774, 2.856329, 0.0 ], [ 101.680373, 2.856114, 0.0 ], [ 101.680301, 2.856073, 0.0 ], [ 101.680141, 2.856043, 0.0 ], [ 101.680068, 2.855982, 0.0 ], [ 101.680023, 2.855928, 0.0 ], [ 101.680201, 2.854855, 0.0 ], [ 101.680167, 2.854808, 0.0 ], [ 101.6787, 2.854578, 0.0 ], [ 101.678653, 2.854884, 0.0 ], [ 101.676836, 2.854603, 0.0 ], [ 101.676774, 2.85451, 0.0 ], [ 101.676793, 2.854159, 0.0 ], [ 101.676813, 2.853768, 0.0 ], [ 101.676334, 2.853775, 0.0 ], [ 101.675843, 2.853782, 0.0 ], [ 101.675, 2.853793, 0.0 ], [ 101.674722, 2.853797, 0.0 ], [ 101.674383, 2.853802, 0.0 ], [ 101.673974, 2.853798, 0.0 ], [ 101.673478, 2.853794, 0.0 ], [ 101.673484, 2.854152, 0.0 ], [ 101.673486, 2.854262, 0.0 ], [ 101.673493, 2.854634, 0.0 ], [ 101.673498, 2.854924, 0.0 ], [ 101.673501, 2.855069, 0.0 ], [ 101.67357, 2.855156, 0.0 ], [ 101.673857, 2.857797, 0.0 ], [ 101.673725, 2.857813, 0.0 ], [ 101.673337, 2.857812, 0.0 ], [ 101.672976, 2.857822, 0.0 ], [ 101.672942, 2.857824, 0.0 ], [ 101.67206, 2.857851, 0.0 ], [ 101.671743, 2.85786, 0.0 ], [ 101.671386, 2.857871, 0.0 ], [ 101.671229, 2.857672, 0.0 ], [ 101.671153, 2.857604, 0.0 ], [ 101.671051, 2.857487, 0.0 ], [ 101.671051, 2.857473, 0.0 ], [ 101.671037, 2.857444, 0.0 ], [ 101.671008, 2.857415, 0.0 ], [ 101.671008, 2.8574, 0.0 ], [ 101.670994, 2.857381, 0.0 ], [ 101.670847, 2.857186, 0.0 ], [ 101.670744, 2.856628, 0.0 ], [ 101.670762, 2.856541, 0.0 ], [ 101.670577, 2.855506, 0.0 ], [ 101.670943, 2.854423, 0.0 ], [ 101.670973, 2.85402, 0.0 ], [ 101.670878, 2.853144, 0.0 ], [ 101.670743, 2.852834, 0.0 ], [ 101.67035, 2.852208, 0.0 ], [ 101.669938, 2.851756, 0.0 ], [ 101.669464, 2.851389, 0.0 ], [ 101.668982, 2.851033, 0.0 ], [ 101.668334, 2.850382, 0.0 ], [ 101.667725, 2.849941, 0.0 ], [ 101.667518, 2.849871, 0.0 ], [ 101.667088, 2.849796, 0.0 ], [ 101.666669, 2.849762, 0.0 ], [ 101.665617, 2.849714, 0.0 ], [ 101.665427, 2.8497, 0.0 ], [ 101.66436, 2.849555, 0.0 ], [ 101.663863, 2.849493, 0.0 ], [ 101.663527, 2.849504, 0.0 ], [ 101.662148, 2.849979, 0.0 ], [ 101.662148, 2.849913, 0.0 ], [ 101.661918, 2.84986, 0.0 ], [ 101.661502, 2.848999, 0.0 ], [ 101.661225, 2.848973, 0.0 ], [ 101.660838, 2.848973, 0.0 ], [ 101.660699, 2.848988, 0.0 ], [ 101.659932, 2.849073, 0.0 ], [ 101.659928, 2.849073, 0.0 ], [ 101.659955, 2.849453, 0.0 ], [ 101.659919, 2.849761, 0.0 ], [ 101.659765, 2.850139, 0.0 ], [ 101.659714, 2.850201, 0.0 ], [ 101.659459, 2.85051, 0.0 ], [ 101.659186, 2.850635, 0.0 ], [ 101.658947, 2.850745, 0.0 ], [ 101.658587, 2.850781, 0.0 ], [ 101.658495, 2.850756, 0.0 ], [ 101.657711, 2.849372, 0.0 ], [ 101.65706, 2.849544, 0.0 ] ] ] } },
{ "type": "Feature", "properties": { "Name": "113/55/06  KAMPUNG DENGKIL", "description": "1135506    <br>       <br>   KODDMA   1135506    <br>   LUAS   5957259.46767    <br>   JOBID   250315105549BB01-dengki    <br>   NAMADMA   KAMPUNG DENGKIL    <br>   Status   1    <br>   JUMLAH_PEM   2916    <br>   SHAPE_Leng   16277.264207", "timestamp": null, "begin": null, "end": null, "altitudeMode": null, "tessellate": -1, "extrude": 0, "visibility": -1, "drawOrder": null, "icon": null }, "geometry": { "type": "Polygon", "coordinates": [ [ [ 101.676336, 2.88101, 0.0 ], [ 101.676245, 2.88101, 0.0 ], [ 101.675445, 2.881008, 0.0 ], [ 101.675502, 2.879625, 0.0 ], [ 101.675043, 2.879669, 0.0 ], [ 101.674963, 2.879207, 0.0 ], [ 101.67518, 2.878756, 0.0 ], [ 101.675001, 2.878303, 0.0 ], [ 101.675065, 2.877851, 0.0 ], [ 101.674815, 2.87738, 0.0 ], [ 101.674638, 2.876023, 0.0 ], [ 101.67433, 2.875315, 0.0 ], [ 101.672777, 2.874124, 0.0 ], [ 101.672481, 2.87437, 0.0 ], [ 101.67159, 2.874176, 0.0 ], [ 101.671245, 2.8741, 0.0 ], [ 101.671046, 2.873976, 0.0 ], [ 101.670783, 2.873812, 0.0 ], [ 101.670584, 2.873688, 0.0 ], [ 101.670528, 2.873702, 0.0 ], [ 101.670236, 2.874175, 0.0 ], [ 101.670078, 2.87443, 0.0 ], [ 101.669921, 2.874685, 0.0 ], [ 101.669755, 2.874955, 0.0 ], [ 101.668981, 2.874515, 0.0 ], [ 101.668385, 2.875441, 0.0 ], [ 101.6677, 2.875016, 0.0 ], [ 101.667699, 2.875015, 0.0 ], [ 101.667721, 2.874982, 0.0 ], [ 101.667766, 2.874912, 0.0 ], [ 101.667808, 2.874839, 0.0 ], [ 101.667851, 2.874769, 0.0 ], [ 101.667854, 2.874764, 0.0 ], [ 101.667887, 2.874703, 0.0 ], [ 101.667928, 2.874636, 0.0 ], [ 101.667971, 2.874569, 0.0 ], [ 101.668014, 2.874502, 0.0 ], [ 101.668056, 2.874435, 0.0 ], [ 101.668091, 2.87438, 0.0 ], [ 101.668099, 2.874368, 0.0 ], [ 101.66814, 2.874299, 0.0 ], [ 101.668182, 2.874234, 0.0 ], [ 101.668228, 2.87417, 0.0 ], [ 101.668271, 2.874101, 0.0 ], [ 101.668312, 2.874033, 0.0 ], [ 101.668333, 2.873999, 0.0 ], [ 101.668353, 2.873965, 0.0 ], [ 101.668396, 2.873897, 0.0 ], [ 101.668439, 2.873829, 0.0 ], [ 101.668481, 2.873759, 0.0 ], [ 101.668524, 2.873689, 0.0 ], [ 101.668569, 2.873619, 0.0 ], [ 101.668571, 2.873616, 0.0 ], [ 101.668615, 2.873545, 0.0 ], [ 101.668657, 2.873468, 0.0 ], [ 101.668704, 2.873395, 0.0 ], [ 101.668752, 2.873321, 0.0 ], [ 101.668799, 2.873247, 0.0 ], [ 101.668809, 2.873233, 0.0 ], [ 101.668846, 2.873174, 0.0 ], [ 101.668892, 2.8731, 0.0 ], [ 101.668937, 2.873028, 0.0 ], [ 101.668981, 2.872956, 0.0 ], [ 101.669025, 2.872886, 0.0 ], [ 101.669049, 2.872851, 0.0 ], [ 101.669072, 2.872817, 0.0 ], [ 101.669116, 2.872744, 0.0 ], [ 101.669161, 2.87267, 0.0 ], [ 101.669204, 2.872594, 0.0 ], [ 101.669252, 2.87252, 0.0 ], [ 101.669287, 2.872467, 0.0 ], [ 101.669302, 2.872443, 0.0 ], [ 101.669351, 2.872366, 0.0 ], [ 101.6694, 2.87229, 0.0 ], [ 101.669451, 2.872217, 0.0 ], [ 101.6695, 2.872139, 0.0 ], [ 101.669531, 2.872087, 0.0 ], [ 101.669547, 2.872062, 0.0 ], [ 101.669594, 2.871987, 0.0 ], [ 101.66964, 2.871912, 0.0 ], [ 101.669686, 2.871839, 0.0 ], [ 101.669732, 2.871765, 0.0 ], [ 101.669766, 2.871702, 0.0 ], [ 101.669774, 2.871687, 0.0 ], [ 101.66982, 2.871616, 0.0 ], [ 101.669866, 2.871542, 0.0 ], [ 101.669912, 2.871469, 0.0 ], [ 101.669916, 2.871462, 0.0 ], [ 101.669957, 2.871397, 0.0 ], [ 101.670003, 2.871323, 0.0 ], [ 101.670005, 2.871319, 0.0 ], [ 101.670047, 2.87125, 0.0 ], [ 101.670092, 2.871178, 0.0 ], [ 101.67014, 2.871108, 0.0 ], [ 101.670188, 2.871034, 0.0 ], [ 101.670233, 2.870959, 0.0 ], [ 101.670246, 2.870937, 0.0 ], [ 101.670276, 2.870886, 0.0 ], [ 101.670324, 2.870813, 0.0 ], [ 101.670369, 2.870741, 0.0 ], [ 101.670413, 2.87067, 0.0 ], [ 101.670446, 2.870616, 0.0 ], [ 101.670455, 2.870602, 0.0 ], [ 101.670484, 2.870554, 0.0 ], [ 101.670497, 2.870534, 0.0 ], [ 101.670537, 2.87047, 0.0 ], [ 101.670577, 2.870407, 0.0 ], [ 101.670616, 2.870347, 0.0 ], [ 101.670653, 2.87029, 0.0 ], [ 101.670689, 2.870235, 0.0 ], [ 101.670721, 2.870182, 0.0 ], [ 101.670727, 2.870174, 0.0 ], [ 101.670752, 2.870134, 0.0 ], [ 101.670783, 2.870085, 0.0 ], [ 101.670811, 2.870035, 0.0 ], [ 101.67084, 2.869986, 0.0 ], [ 101.670873, 2.869934, 0.0 ], [ 101.670875, 2.86993, 0.0 ], [ 101.670907, 2.86988, 0.0 ], [ 101.670944, 2.869818, 0.0 ], [ 101.670961, 2.869788, 0.0 ], [ 101.670984, 2.869749, 0.0 ], [ 101.671025, 2.86968, 0.0 ], [ 101.671047, 2.869643, 0.0 ], [ 101.671067, 2.86961, 0.0 ], [ 101.671109, 2.869539, 0.0 ], [ 101.671151, 2.869468, 0.0 ], [ 101.671192, 2.8694, 0.0 ], [ 101.671195, 2.869395, 0.0 ], [ 101.671236, 2.86932, 0.0 ], [ 101.671277, 2.869251, 0.0 ], [ 101.671325, 2.869185, 0.0 ], [ 101.671368, 2.869112, 0.0 ], [ 101.671411, 2.869042, 0.0 ], [ 101.671427, 2.869015, 0.0 ], [ 101.671454, 2.868972, 0.0 ], [ 101.671456, 2.868967, 0.0 ], [ 101.671495, 2.868899, 0.0 ], [ 101.671536, 2.86883, 0.0 ], [ 101.671579, 2.868761, 0.0 ], [ 101.671622, 2.868691, 0.0 ], [ 101.67166, 2.868628, 0.0 ], [ 101.671664, 2.868622, 0.0 ], [ 101.671707, 2.86855, 0.0 ], [ 101.671744, 2.868477, 0.0 ], [ 101.671784, 2.86841, 0.0 ], [ 101.671826, 2.868343, 0.0 ], [ 101.671873, 2.868277, 0.0 ], [ 101.671893, 2.868243, 0.0 ], [ 101.671915, 2.868206, 0.0 ], [ 101.671955, 2.868139, 0.0 ], [ 101.672011, 2.868056, 0.0 ], [ 101.672043, 2.868011, 0.0 ], [ 101.672083, 2.867944, 0.0 ], [ 101.672122, 2.86788, 0.0 ], [ 101.672134, 2.867861, 0.0 ], [ 101.672162, 2.867815, 0.0 ], [ 101.672197, 2.867746, 0.0 ], [ 101.672228, 2.867681, 0.0 ], [ 101.672248, 2.867648, 0.0 ], [ 101.672264, 2.867623, 0.0 ], [ 101.672299, 2.867565, 0.0 ], [ 101.67234, 2.86751, 0.0 ], [ 101.672363, 2.867473, 0.0 ], [ 101.672379, 2.867448, 0.0 ], [ 101.672414, 2.867386, 0.0 ], [ 101.672432, 2.867351, 0.0 ], [ 101.672446, 2.867324, 0.0 ], [ 101.672481, 2.867266, 0.0 ], [ 101.672517, 2.867205, 0.0 ], [ 101.672526, 2.86719, 0.0 ], [ 101.672553, 2.867145, 0.0 ], [ 101.672594, 2.867085, 0.0 ], [ 101.672633, 2.86702, 0.0 ], [ 101.672753, 2.866828, 0.0 ], [ 101.672791, 2.866762, 0.0 ], [ 101.67283, 2.866701, 0.0 ], [ 101.672831, 2.866699, 0.0 ], [ 101.672881, 2.866629, 0.0 ], [ 101.672884, 2.866622, 0.0 ], [ 101.672843, 2.866607, 0.0 ], [ 101.6726, 2.866517, 0.0 ], [ 101.67067, 2.866455, 0.0 ], [ 101.668144, 2.866492, 0.0 ], [ 101.668142, 2.866492, 0.0 ], [ 101.668143, 2.866491, 0.0 ], [ 101.668072, 2.866446, 0.0 ], [ 101.666952, 2.866446, 0.0 ], [ 101.665167, 2.866224, 0.0 ], [ 101.663821, 2.866056, 0.0 ], [ 101.663451, 2.864928, 0.0 ], [ 101.662944, 2.863382, 0.0 ], [ 101.662083, 2.863457, 0.0 ], [ 101.661258, 2.863037, 0.0 ], [ 101.66006, 2.862415, 0.0 ], [ 101.659781, 2.862278, 0.0 ], [ 101.65967, 2.862223, 0.0 ], [ 101.659349, 2.862066, 0.0 ], [ 101.659028, 2.861908, 0.0 ], [ 101.658916, 2.861853, 0.0 ], [ 101.658435, 2.861617, 0.0 ], [ 101.658395, 2.861597, 0.0 ], [ 101.658221, 2.861512, 0.0 ], [ 101.658047, 2.861426, 0.0 ], [ 101.657872, 2.861341, 0.0 ], [ 101.657698, 2.861255, 0.0 ], [ 101.657524, 2.86117, 0.0 ], [ 101.657349, 2.861084, 0.0 ], [ 101.657147, 2.860985, 0.0 ], [ 101.656943, 2.860885, 0.0 ], [ 101.656782, 2.860805, 0.0 ], [ 101.656683, 2.860757, 0.0 ], [ 101.65666, 2.860746, 0.0 ], [ 101.656588, 2.8607, 0.0 ], [ 101.656303, 2.860559, 0.0 ], [ 101.656017, 2.860419, 0.0 ], [ 101.655918, 2.86037, 0.0 ], [ 101.655717, 2.860271, 0.0 ], [ 101.655514, 2.860171, 0.0 ], [ 101.655294, 2.860063, 0.0 ], [ 101.655083, 2.859959, 0.0 ], [ 101.654971, 2.859905, 0.0 ], [ 101.654435, 2.859644, 0.0 ], [ 101.654201, 2.859529, 0.0 ], [ 101.652331, 2.859559, 0.0 ], [ 101.651628, 2.859564, 0.0 ], [ 101.65161, 2.859545, 0.0 ], [ 101.651488, 2.859545, 0.0 ], [ 101.651506, 2.859565, 0.0 ], [ 101.651014, 2.859568, 0.0 ], [ 101.650584, 2.859572, 0.0 ], [ 101.649464, 2.85958, 0.0 ], [ 101.64944, 2.859489, 0.0 ], [ 101.648426, 2.859497, 0.0 ], [ 101.647535, 2.859503, 0.0 ], [ 101.646953, 2.859323, 0.0 ], [ 101.646587, 2.859043, 0.0 ], [ 101.646435, 2.859053, 0.0 ], [ 101.646299, 2.859174, 0.0 ], [ 101.646217, 2.85919, 0.0 ], [ 101.645933, 2.859248, 0.0 ], [ 101.645649, 2.859306, 0.0 ], [ 101.644838, 2.859696, 0.0 ], [ 101.648616, 2.855643, 0.0 ], [ 101.65043, 2.854389, 0.0 ], [ 101.651866, 2.852944, 0.0 ], [ 101.652149, 2.852674, 0.0 ], [ 101.652969, 2.851894, 0.0 ], [ 101.65426, 2.850916, 0.0 ], [ 101.655435, 2.849866, 0.0 ], [ 101.65706, 2.849544, 0.0 ], [ 101.657711, 2.849372, 0.0 ], [ 101.658495, 2.850756, 0.0 ], [ 101.658587, 2.850781, 0.0 ], [ 101.658947, 2.850745, 0.0 ], [ 101.659186, 2.850635, 0.0 ], [ 101.659459, 2.85051, 0.0 ], [ 101.659714, 2.850201, 0.0 ], [ 101.659765, 2.850139, 0.0 ], [ 101.659919, 2.849761, 0.0 ], [ 101.659955, 2.849453, 0.0 ], [ 101.659928, 2.849073, 0.0 ], [ 101.659932, 2.849073, 0.0 ], [ 101.660699, 2.848988, 0.0 ], [ 101.660838, 2.848973, 0.0 ], [ 101.661225, 2.848973, 0.0 ], [ 101.661502, 2.848999, 0.0 ], [ 101.661918, 2.84986, 0.0 ], [ 101.662148, 2.849913, 0.0 ], [ 101.662148, 2.849979, 0.0 ], [ 101.663527, 2.849504, 0.0 ], [ 101.663863, 2.849493, 0.0 ], [ 101.66436, 2.849555, 0.0 ], [ 101.665427, 2.8497, 0.0 ], [ 101.665617, 2.849714, 0.0 ], [ 101.666669, 2.849762, 0.0 ], [ 101.667088, 2.849796, 0.0 ], [ 101.667518, 2.849871, 0.0 ], [ 101.667725, 2.849941, 0.0 ], [ 101.668334, 2.850382, 0.0 ], [ 101.668982, 2.851033, 0.0 ], [ 101.669464, 2.851389, 0.0 ], [ 101.669938, 2.851756, 0.0 ], [ 101.67035, 2.852208, 0.0 ], [ 101.670743, 2.852834, 0.0 ], [ 101.670878, 2.853144, 0.0 ], [ 101.670973, 2.85402, 0.0 ], [ 101.670943, 2.854423, 0.0 ], [ 101.670577, 2.855506, 0.0 ], [ 101.670762, 2.856541, 0.0 ], [ 101.670744, 2.856628, 0.0 ], [ 101.670847, 2.857186, 0.0 ], [ 101.670994, 2.857381, 0.0 ], [ 101.671008, 2.8574, 0.0 ], [ 101.671008, 2.857415, 0.0 ], [ 101.671037, 2.857444, 0.0 ], [ 101.671051, 2.857473, 0.0 ], [ 101.671051, 2.857487, 0.0 ], [ 101.671153, 2.857604, 0.0 ], [ 101.671229, 2.857672, 0.0 ], [ 101.671386, 2.857871, 0.0 ], [ 101.671743, 2.85786, 0.0 ], [ 101.67206, 2.857851, 0.0 ], [ 101.672942, 2.857824, 0.0 ], [ 101.672976, 2.857822, 0.0 ], [ 101.673337, 2.857812, 0.0 ], [ 101.673725, 2.857813, 0.0 ], [ 101.673857, 2.857797, 0.0 ], [ 101.67357, 2.855156, 0.0 ], [ 101.673501, 2.855069, 0.0 ], [ 101.673498, 2.854924, 0.0 ], [ 101.673493, 2.854634, 0.0 ], [ 101.673486, 2.854262, 0.0 ], [ 101.673484, 2.854152, 0.0 ], [ 101.673478, 2.853794, 0.0 ], [ 101.673974, 2.853798, 0.0 ], [ 101.674383, 2.853802, 0.0 ], [ 101.674722, 2.853797, 0.0 ], [ 101.675, 2.853793, 0.0 ], [ 101.675843, 2.853782, 0.0 ], [ 101.676334, 2.853775, 0.0 ], [ 101.676813, 2.853768, 0.0 ], [ 101.676793, 2.854159, 0.0 ], [ 101.676774, 2.85451, 0.0 ], [ 101.676836, 2.854603, 0.0 ], [ 101.678653, 2.854884, 0.0 ], [ 101.6787, 2.854578, 0.0 ], [ 101.680167, 2.854808, 0.0 ], [ 101.680201, 2.854855, 0.0 ], [ 101.680023, 2.855928, 0.0 ], [ 101.680068, 2.855982, 0.0 ], [ 101.680141, 2.856043, 0.0 ], [ 101.680301, 2.856073, 0.0 ], [ 101.680373, 2.856114, 0.0 ], [ 101.680774, 2.856329, 0.0 ], [ 101.68085, 2.856376, 0.0 ], [ 101.680939, 2.856034, 0.0 ], [ 101.681274, 2.855918, 0.0 ], [ 101.681696, 2.856398, 0.0 ], [ 101.681885, 2.856427, 0.0 ], [ 101.682291, 2.856209, 0.0 ], [ 101.682459, 2.85637, 0.0 ], [ 101.683469, 2.8564, 0.0 ], [ 101.683661, 2.857375, 0.0 ], [ 101.683494, 2.857681, 0.0 ], [ 101.68348, 2.857889, 0.0 ], [ 101.683429, 2.858262, 0.0 ], [ 101.683729, 2.858797, 0.0 ], [ 101.683666, 2.859216, 0.0 ], [ 101.683408, 2.859724, 0.0 ], [ 101.683443, 2.859893, 0.0 ], [ 101.683567, 2.860072, 0.0 ], [ 101.683472, 2.860182, 0.0 ], [ 101.68336, 2.86031, 0.0 ], [ 101.683206, 2.860487, 0.0 ], [ 101.68279, 2.860901, 0.0 ], [ 101.682209, 2.860399, 0.0 ], [ 101.679937, 2.862926, 0.0 ], [ 101.679454, 2.862558, 0.0 ], [ 101.67902, 2.863142, 0.0 ], [ 101.679049, 2.863167, 0.0 ], [ 101.680933, 2.864667, 0.0 ], [ 101.681006, 2.864721, 0.0 ], [ 101.681627, 2.865169, 0.0 ], [ 101.681753, 2.865241, 0.0 ], [ 101.681399, 2.866002, 0.0 ], [ 101.680913, 2.867665, 0.0 ], [ 101.680723, 2.868228, 0.0 ], [ 101.67932, 2.8724, 0.0 ], [ 101.676336, 2.88101, 0.0 ] ] ] } },
{ "type": "Feature", "properties": { "Name": "113/55/11  DESA PUTRA", "description": "1135511    <br>       <br>   KODDMA   1135511    <br>   LUAS   3121656.12399    <br>   JOBID   250315105921BB01-dputra    <br>   NAMADMA   DESA PUTRA    <br>   Status   1    <br>   JUMLAH_PEM   1112    <br>   SHAPE_Leng   10032.452526", "timestamp": null, "begin": null, "end": null, "altitudeMode": null, "tessellate": -1, "extrude": 0, "visibility": -1, "drawOrder": null, "icon": null }, "geometry": { "type": "Polygon", "coordinates": [ [ [ 101.711446, 2.92932, 0.0 ], [ 101.709827, 2.929334, 0.0 ], [ 101.707632, 2.929311, 0.0 ], [ 101.707644, 2.928036, 0.0 ], [ 101.707701, 2.926996, 0.0 ], [ 101.707776, 2.925323, 0.0 ], [ 101.707823, 2.92441, 0.0 ], [ 101.707861, 2.923696, 0.0 ], [ 101.707676, 2.92185, 0.0 ], [ 101.707509, 2.920294, 0.0 ], [ 101.707352, 2.918341, 0.0 ], [ 101.707272, 2.916753, 0.0 ], [ 101.707257, 2.91645, 0.0 ], [ 101.707261, 2.914877, 0.0 ], [ 101.707319, 2.913005, 0.0 ], [ 101.710913, 2.912957, 0.0 ], [ 101.710987, 2.912956, 0.0 ], [ 101.712111, 2.912945, 0.0 ], [ 101.712111, 2.91295, 0.0 ], [ 101.712196, 2.912949, 0.0 ], [ 101.712276, 2.912948, 0.0 ], [ 101.71244, 2.912946, 0.0 ], [ 101.712704, 2.912943, 0.0 ], [ 101.713029, 2.91294, 0.0 ], [ 101.713048, 2.912935, 0.0 ], [ 101.714001, 2.912406, 0.0 ], [ 101.714921, 2.911935, 0.0 ], [ 101.716044, 2.911365, 0.0 ], [ 101.71623, 2.911957, 0.0 ], [ 101.716335, 2.91259, 0.0 ], [ 101.716256, 2.913038, 0.0 ], [ 101.716151, 2.913685, 0.0 ], [ 101.715985, 2.913953, 0.0 ], [ 101.715663, 2.91426, 0.0 ], [ 101.715214, 2.914585, 0.0 ], [ 101.715053, 2.914927, 0.0 ], [ 101.715035, 2.91536, 0.0 ], [ 101.715142, 2.915973, 0.0 ], [ 101.715268, 2.916551, 0.0 ], [ 101.715142, 2.916803, 0.0 ], [ 101.714389, 2.916622, 0.0 ], [ 101.713474, 2.917146, 0.0 ], [ 101.712961, 2.918178, 0.0 ], [ 101.712954, 2.918192, 0.0 ], [ 101.713098, 2.918769, 0.0 ], [ 101.713385, 2.918842, 0.0 ], [ 101.713815, 2.918282, 0.0 ], [ 101.714192, 2.918083, 0.0 ], [ 101.714479, 2.917976, 0.0 ], [ 101.71516, 2.917849, 0.0 ], [ 101.715555, 2.917975, 0.0 ], [ 101.716184, 2.918444, 0.0 ], [ 101.717027, 2.919039, 0.0 ], [ 101.71717, 2.920914, 0.0 ], [ 101.718158, 2.921582, 0.0 ], [ 101.719119, 2.921741, 0.0 ], [ 101.720519, 2.922233, 0.0 ], [ 101.721906, 2.922109, 0.0 ], [ 101.722477, 2.921822, 0.0 ], [ 101.722545, 2.920893, 0.0 ], [ 101.722612, 2.92036, 0.0 ], [ 101.722803, 2.920237, 0.0 ], [ 101.723251, 2.920087, 0.0 ], [ 101.723809, 2.920278, 0.0 ], [ 101.724571, 2.920729, 0.0 ], [ 101.724737, 2.920611, 0.0 ], [ 101.724738, 2.920611, 0.0 ], [ 101.724979, 2.920441, 0.0 ], [ 101.7254, 2.920565, 0.0 ], [ 101.725354, 2.920794, 0.0 ], [ 101.725573, 2.921119, 0.0 ], [ 101.725921, 2.921354, 0.0 ], [ 101.726618, 2.921706, 0.0 ], [ 101.727185, 2.92224, 0.0 ], [ 101.727881, 2.92267, 0.0 ], [ 101.72854, 2.922555, 0.0 ], [ 101.729058, 2.922387, 0.0 ], [ 101.729457, 2.922622, 0.0 ], [ 101.729623, 2.923791, 0.0 ], [ 101.730564, 2.924572, 0.0 ], [ 101.731079, 2.925353, 0.0 ], [ 101.731518, 2.925535, 0.0 ], [ 101.731968, 2.926173, 0.0 ], [ 101.732858, 2.926759, 0.0 ], [ 101.73287, 2.927214, 0.0 ], [ 101.732878, 2.929227, 0.0 ], [ 101.732755, 2.929233, 0.0 ], [ 101.731415, 2.929221, 0.0 ], [ 101.730524, 2.929219, 0.0 ], [ 101.729706, 2.929217, 0.0 ], [ 101.727349, 2.929185, 0.0 ], [ 101.72716, 2.929184, 0.0 ], [ 101.725757, 2.929199, 0.0 ], [ 101.72497, 2.929192, 0.0 ], [ 101.722078, 2.929164, 0.0 ], [ 101.721224, 2.929162, 0.0 ], [ 101.720621, 2.92916, 0.0 ], [ 101.720387, 2.92916, 0.0 ], [ 101.719551, 2.92914, 0.0 ], [ 101.718714, 2.929111, 0.0 ], [ 101.718435, 2.92911, 0.0 ], [ 101.717878, 2.9291, 0.0 ], [ 101.717041, 2.929089, 0.0 ], [ 101.716205, 2.929078, 0.0 ], [ 101.715386, 2.929067, 0.0 ], [ 101.715206, 2.929301, 0.0 ], [ 101.713254, 2.929288, 0.0 ], [ 101.711446, 2.92932, 0.0 ] ] ] } },
{ "type": "Feature", "properties": { "Name": "113/55/22  DESA PINGGIRAN PUTRA", "description": "1135522    <br>       <br>   KODDMA   1135522    <br>   LUAS   2360517.28021    <br>   JOBID   250315105921BB01-dputra    <br>   NAMADMA   DESA PINGGIRAN PUTRA    <br>   Status   1    <br>   JUMLAH_PEM   1094    <br>   SHAPE_Leng   8077.139148", "timestamp": null, "begin": null, "end": null, "altitudeMode": null, "tessellate": -1, "extrude": 0, "visibility": -1, "drawOrder": null, "icon": null }, "geometry": { "type": "Polygon", "coordinates": [ [ [ 101.704307, 2.913045, 0.0 ], [ 101.704307, 2.913049, 0.0 ], [ 101.704126, 2.913053, 0.0 ], [ 101.703974, 2.913056, 0.0 ], [ 101.703253, 2.913068, 0.0 ], [ 101.70309, 2.913071, 0.0 ], [ 101.702909, 2.913072, 0.0 ], [ 101.70279, 2.913074, 0.0 ], [ 101.702332, 2.913081, 0.0 ], [ 101.701873, 2.913088, 0.0 ], [ 101.701844, 2.913088, 0.0 ], [ 101.701415, 2.913094, 0.0 ], [ 101.701118, 2.913099, 0.0 ], [ 101.700677, 2.913105, 0.0 ], [ 101.700679, 2.912635, 0.0 ], [ 101.700681, 2.912165, 0.0 ], [ 101.700683, 2.911697, 0.0 ], [ 101.700685, 2.911287, 0.0 ], [ 101.700685, 2.911225, 0.0 ], [ 101.700688, 2.910749, 0.0 ], [ 101.70069, 2.91027, 0.0 ], [ 101.700692, 2.909818, 0.0 ], [ 101.700694, 2.909398, 0.0 ], [ 101.700734, 2.909328, 0.0 ], [ 101.700513, 2.909351, 0.0 ], [ 101.700423, 2.909458, 0.0 ], [ 101.6997, 2.909467, 0.0 ], [ 101.697981, 2.909488, 0.0 ], [ 101.697447, 2.909502, 0.0 ], [ 101.697448, 2.909406, 0.0 ], [ 101.697451, 2.908472, 0.0 ], [ 101.697454, 2.907674, 0.0 ], [ 101.697458, 2.907395, 0.0 ], [ 101.697472, 2.906378, 0.0 ], [ 101.69879, 2.906051, 0.0 ], [ 101.700377, 2.905657, 0.0 ], [ 101.700458, 2.905567, 0.0 ], [ 101.701558, 2.90529, 0.0 ], [ 101.701573, 2.905287, 0.0 ], [ 101.701657, 2.905266, 0.0 ], [ 101.701662, 2.905202, 0.0 ], [ 101.701933, 2.901292, 0.0 ], [ 101.701936, 2.901245, 0.0 ], [ 101.701829, 2.901025, 0.0 ], [ 101.701834, 2.901024, 0.0 ], [ 101.701584, 2.900509, 0.0 ], [ 101.701583, 2.900507, 0.0 ], [ 101.701577, 2.900509, 0.0 ], [ 101.701307, 2.899954, 0.0 ], [ 101.701115, 2.899559, 0.0 ], [ 101.701058, 2.899511, 0.0 ], [ 101.700583, 2.899383, 0.0 ], [ 101.699342, 2.899049, 0.0 ], [ 101.698979, 2.898912, 0.0 ], [ 101.698751, 2.898826, 0.0 ], [ 101.698581, 2.898761, 0.0 ], [ 101.698478, 2.898722, 0.0 ], [ 101.698375, 2.898684, 0.0 ], [ 101.698273, 2.898645, 0.0 ], [ 101.69817, 2.898606, 0.0 ], [ 101.698067, 2.898567, 0.0 ], [ 101.697965, 2.898528, 0.0 ], [ 101.697862, 2.89849, 0.0 ], [ 101.697759, 2.898451, 0.0 ], [ 101.697521, 2.898361, 0.0 ], [ 101.697521, 2.89815, 0.0 ], [ 101.697522, 2.898039, 0.0 ], [ 101.697522, 2.897929, 0.0 ], [ 101.697522, 2.897819, 0.0 ], [ 101.697523, 2.897709, 0.0 ], [ 101.697522, 2.897598, 0.0 ], [ 101.697523, 2.897488, 0.0 ], [ 101.697523, 2.897378, 0.0 ], [ 101.697523, 2.897268, 0.0 ], [ 101.697524, 2.897157, 0.0 ], [ 101.697524, 2.897045, 0.0 ], [ 101.697524, 2.896763, 0.0 ], [ 101.697525, 2.896461, 0.0 ], [ 101.697525, 2.89628, 0.0 ], [ 101.697532, 2.895932, 0.0 ], [ 101.697532, 2.895799, 0.0 ], [ 101.697532, 2.895615, 0.0 ], [ 101.697533, 2.895208, 0.0 ], [ 101.697534, 2.894831, 0.0 ], [ 101.700193, 2.895056, 0.0 ], [ 101.700771, 2.894973, 0.0 ], [ 101.701176, 2.894986, 0.0 ], [ 101.701935, 2.89501, 0.0 ], [ 101.702454, 2.89502, 0.0 ], [ 101.703956, 2.89526, 0.0 ], [ 101.704061, 2.895298, 0.0 ], [ 101.704696, 2.895529, 0.0 ], [ 101.705201, 2.895713, 0.0 ], [ 101.706429, 2.896406, 0.0 ], [ 101.706433, 2.896417, 0.0 ], [ 101.706427, 2.896424, 0.0 ], [ 101.706535, 2.89674, 0.0 ], [ 101.706837, 2.89732, 0.0 ], [ 101.707158, 2.8979, 0.0 ], [ 101.707104, 2.897923, 0.0 ], [ 101.707188, 2.898073, 0.0 ], [ 101.707264, 2.898208, 0.0 ], [ 101.707704, 2.899304, 0.0 ], [ 101.707755, 2.899963, 0.0 ], [ 101.707798, 2.900343, 0.0 ], [ 101.707982, 2.90036, 0.0 ], [ 101.708043, 2.900372, 0.0 ], [ 101.708157, 2.900361, 0.0 ], [ 101.708758, 2.900287, 0.0 ], [ 101.709803, 2.900306, 0.0 ], [ 101.710041, 2.90031, 0.0 ], [ 101.711514, 2.900337, 0.0 ], [ 101.71165, 2.901457, 0.0 ], [ 101.711716, 2.902004, 0.0 ], [ 101.711916, 2.903666, 0.0 ], [ 101.711931, 2.903786, 0.0 ], [ 101.711698, 2.903764, 0.0 ], [ 101.710095, 2.903773, 0.0 ], [ 101.710157, 2.903902, 0.0 ], [ 101.710785, 2.905249, 0.0 ], [ 101.711285, 2.906328, 0.0 ], [ 101.711286, 2.906328, 0.0 ], [ 101.711324, 2.90641, 0.0 ], [ 101.711323, 2.90641, 0.0 ], [ 101.711411, 2.906599, 0.0 ], [ 101.711499, 2.906789, 0.0 ], [ 101.711966, 2.907794, 0.0 ], [ 101.712136, 2.907779, 0.0 ], [ 101.712336, 2.907761, 0.0 ], [ 101.712394, 2.907756, 0.0 ], [ 101.712454, 2.908264, 0.0 ], [ 101.712685, 2.910148, 0.0 ], [ 101.713048, 2.912935, 0.0 ], [ 101.713029, 2.91294, 0.0 ], [ 101.712704, 2.912943, 0.0 ], [ 101.71244, 2.912946, 0.0 ], [ 101.712276, 2.912948, 0.0 ], [ 101.712196, 2.912949, 0.0 ], [ 101.712111, 2.91295, 0.0 ], [ 101.712111, 2.912945, 0.0 ], [ 101.710987, 2.912956, 0.0 ], [ 101.710913, 2.912957, 0.0 ], [ 101.707319, 2.913005, 0.0 ], [ 101.705177, 2.913033, 0.0 ], [ 101.705177, 2.913028, 0.0 ], [ 101.704307, 2.913045, 0.0 ] ] ] } },
{ "type": "Feature", "properties": { "Name": "113/55/16  KAMPUNG MELOT", "description": "1135516    <br>       <br>   KODDMA   1135516    <br>   LUAS   7355859.8688    <br>   JOBID   250315110057BB01-melot    <br>   NAMADMA   KAMPUNG MELOT    <br>   Status   1    <br>   JUMLAH_PEM   359    <br>   SHAPE_Leng   14371.526898", "timestamp": null, "begin": null, "end": null, "altitudeMode": null, "tessellate": -1, "extrude": 0, "visibility": -1, "drawOrder": null, "icon": null }, "geometry": { "type": "Polygon", "coordinates": [ [ [ 101.693608, 2.833585, 0.0 ], [ 101.69356, 2.833604, 0.0 ], [ 101.693563, 2.833617, 0.0 ], [ 101.693679, 2.834143, 0.0 ], [ 101.69377, 2.834592, 0.0 ], [ 101.693773, 2.834607, 0.0 ], [ 101.693814, 2.83484, 0.0 ], [ 101.69385, 2.835074, 0.0 ], [ 101.693883, 2.835308, 0.0 ], [ 101.693912, 2.835543, 0.0 ], [ 101.693936, 2.835778, 0.0 ], [ 101.693956, 2.836014, 0.0 ], [ 101.693973, 2.836251, 0.0 ], [ 101.693985, 2.836487, 0.0 ], [ 101.693993, 2.836717, 0.0 ], [ 101.694025, 2.837945, 0.0 ], [ 101.694042, 2.838418, 0.0 ], [ 101.694067, 2.838891, 0.0 ], [ 101.694099, 2.839363, 0.0 ], [ 101.694136, 2.839789, 0.0 ], [ 101.694272, 2.841232, 0.0 ], [ 101.694291, 2.841435, 0.0 ], [ 101.694311, 2.84165, 0.0 ], [ 101.691802, 2.842097, 0.0 ], [ 101.68957, 2.842839, 0.0 ], [ 101.688193, 2.843285, 0.0 ], [ 101.686184, 2.844028, 0.0 ], [ 101.684733, 2.844809, 0.0 ], [ 101.683016, 2.8457, 0.0 ], [ 101.681364, 2.846775, 0.0 ], [ 101.679331, 2.84824, 0.0 ], [ 101.678403, 2.848461, 0.0 ], [ 101.678235, 2.848469, 0.0 ], [ 101.678303, 2.848033, 0.0 ], [ 101.678052, 2.847779, 0.0 ], [ 101.677097, 2.847705, 0.0 ], [ 101.6767, 2.846859, 0.0 ], [ 101.676985, 2.846378, 0.0 ], [ 101.677235, 2.845853, 0.0 ], [ 101.677439, 2.845479, 0.0 ], [ 101.677645, 2.844748, 0.0 ], [ 101.67785, 2.844374, 0.0 ], [ 101.678719, 2.84435, 0.0 ], [ 101.679172, 2.844065, 0.0 ], [ 101.678995, 2.843726, 0.0 ], [ 101.678482, 2.843386, 0.0 ], [ 101.678643, 2.842745, 0.0 ], [ 101.678431, 2.841938, 0.0 ], [ 101.677865, 2.841763, 0.0 ], [ 101.677622, 2.841106, 0.0 ], [ 101.677624, 2.840338, 0.0 ], [ 101.677734, 2.839915, 0.0 ], [ 101.678095, 2.838991, 0.0 ], [ 101.677785, 2.838175, 0.0 ], [ 101.677631, 2.837235, 0.0 ], [ 101.677181, 2.836372, 0.0 ], [ 101.676559, 2.835963, 0.0 ], [ 101.676077, 2.835491, 0.0 ], [ 101.675798, 2.834441, 0.0 ], [ 101.67513, 2.833671, 0.0 ], [ 101.674679, 2.833435, 0.0 ], [ 101.674164, 2.833481, 0.0 ], [ 101.673352, 2.834012, 0.0 ], [ 101.672994, 2.834136, 0.0 ], [ 101.672324, 2.833727, 0.0 ], [ 101.671765, 2.832848, 0.0 ], [ 101.671534, 2.831876, 0.0 ], [ 101.671084, 2.830872, 0.0 ], [ 101.670618, 2.829962, 0.0 ], [ 101.66967, 2.828847, 0.0 ], [ 101.667945, 2.826696, 0.0 ], [ 101.667229, 2.826224, 0.0 ], [ 101.666015, 2.825767, 0.0 ], [ 101.665283, 2.825232, 0.0 ], [ 101.664942, 2.824667, 0.0 ], [ 101.664446, 2.823554, 0.0 ], [ 101.66429, 2.823025, 0.0 ], [ 101.664914, 2.823131, 0.0 ], [ 101.665661, 2.823462, 0.0 ], [ 101.667129, 2.823631, 0.0 ], [ 101.667818, 2.82369, 0.0 ], [ 101.670258, 2.823609, 0.0 ], [ 101.670976, 2.82338, 0.0 ], [ 101.673562, 2.822289, 0.0 ], [ 101.674482, 2.821599, 0.0 ], [ 101.676929, 2.818747, 0.0 ], [ 101.681098, 2.815899, 0.0 ], [ 101.682691, 2.814611, 0.0 ], [ 101.682875, 2.814389, 0.0 ], [ 101.683165, 2.814038, 0.0 ], [ 101.683359, 2.813974, 0.0 ], [ 101.684166, 2.813992, 0.0 ], [ 101.684554, 2.813733, 0.0 ], [ 101.685007, 2.81362, 0.0 ], [ 101.685654, 2.813053, 0.0 ], [ 101.686171, 2.812811, 0.0 ], [ 101.686543, 2.812309, 0.0 ], [ 101.68656, 2.812081, 0.0 ], [ 101.686528, 2.811968, 0.0 ], [ 101.686787, 2.811855, 0.0 ], [ 101.686981, 2.811563, 0.0 ], [ 101.687063, 2.810881, 0.0 ], [ 101.687209, 2.810589, 0.0 ], [ 101.687759, 2.810233, 0.0 ], [ 101.688148, 2.809731, 0.0 ], [ 101.68831, 2.809391, 0.0 ], [ 101.688861, 2.808629, 0.0 ], [ 101.689669, 2.80816, 0.0 ], [ 101.689896, 2.807771, 0.0 ], [ 101.690414, 2.807106, 0.0 ], [ 101.690626, 2.806376, 0.0 ], [ 101.690659, 2.8061, 0.0 ], [ 101.690708, 2.805759, 0.0 ], [ 101.690854, 2.805532, 0.0 ], [ 101.691048, 2.805387, 0.0 ], [ 101.691177, 2.805208, 0.0 ], [ 101.691158, 2.805127, 0.0 ], [ 101.691236, 2.80513, 0.0 ], [ 101.691359, 2.805133, 0.0 ], [ 101.691464, 2.805134, 0.0 ], [ 101.691483, 2.805134, 0.0 ], [ 101.691608, 2.805136, 0.0 ], [ 101.691639, 2.805136, 0.0 ], [ 101.691522, 2.805468, 0.0 ], [ 101.690874, 2.806667, 0.0 ], [ 101.690872, 2.807844, 0.0 ], [ 101.692421, 2.807844, 0.0 ], [ 101.693726, 2.807844, 0.0 ], [ 101.693699, 2.816439, 0.0 ], [ 101.693689, 2.819561, 0.0 ], [ 101.693675, 2.823915, 0.0 ], [ 101.693617, 2.823915, 0.0 ], [ 101.693611, 2.824186, 0.0 ], [ 101.693599, 2.824501, 0.0 ], [ 101.693581, 2.824816, 0.0 ], [ 101.693569, 2.824985, 0.0 ], [ 101.693465, 2.826026, 0.0 ], [ 101.693183, 2.828463, 0.0 ], [ 101.693012, 2.828463, 0.0 ], [ 101.693183, 2.830262, 0.0 ], [ 101.693196, 2.830394, 0.0 ], [ 101.693286, 2.831373, 0.0 ], [ 101.69335, 2.832077, 0.0 ], [ 101.693368, 2.832352, 0.0 ], [ 101.693608, 2.833585, 0.0 ] ] ] } },
{ "type": "Feature", "properties": { "Name": "113/55/23  KOTA WARISAN", "description": "1135523    <br>       <br>   KODDMA   1135523    <br>   LUAS   10668328.2639    <br>   JOBID   250315110057BB01-melot    <br>   NAMADMA   KOTA WARISAN    <br>   Status   1    <br>   JUMLAH_PEM   628    <br>   SHAPE_Leng   15698.218133", "timestamp": null, "begin": null, "end": null, "altitudeMode": null, "tessellate": -1, "extrude": 0, "visibility": -1, "drawOrder": null, "icon": null }, "geometry": { "type": "Polygon", "coordinates": [ [ [ 101.719048, 2.842177, 0.0 ], [ 101.719147, 2.84435, 0.0 ], [ 101.719229, 2.848046, 0.0 ], [ 101.715755, 2.845865, 0.0 ], [ 101.712181, 2.844168, 0.0 ], [ 101.710498, 2.84325, 0.0 ], [ 101.709134, 2.842783, 0.0 ], [ 101.706406, 2.841995, 0.0 ], [ 101.7042, 2.84134, 0.0 ], [ 101.700964, 2.841077, 0.0 ], [ 101.697787, 2.841151, 0.0 ], [ 101.697069, 2.841285, 0.0 ], [ 101.695872, 2.841508, 0.0 ], [ 101.695421, 2.841484, 0.0 ], [ 101.695112, 2.841507, 0.0 ], [ 101.694311, 2.84165, 0.0 ], [ 101.694291, 2.841435, 0.0 ], [ 101.694272, 2.841232, 0.0 ], [ 101.694136, 2.839789, 0.0 ], [ 101.694099, 2.839363, 0.0 ], [ 101.694067, 2.838891, 0.0 ], [ 101.694042, 2.838418, 0.0 ], [ 101.694025, 2.837945, 0.0 ], [ 101.693993, 2.836717, 0.0 ], [ 101.693985, 2.836487, 0.0 ], [ 101.693973, 2.836251, 0.0 ], [ 101.693956, 2.836014, 0.0 ], [ 101.693936, 2.835778, 0.0 ], [ 101.693912, 2.835543, 0.0 ], [ 101.693883, 2.835308, 0.0 ], [ 101.69385, 2.835074, 0.0 ], [ 101.693814, 2.83484, 0.0 ], [ 101.693773, 2.834607, 0.0 ], [ 101.69377, 2.834592, 0.0 ], [ 101.693679, 2.834143, 0.0 ], [ 101.693563, 2.833617, 0.0 ], [ 101.69356, 2.833604, 0.0 ], [ 101.693608, 2.833585, 0.0 ], [ 101.693368, 2.832352, 0.0 ], [ 101.69335, 2.832077, 0.0 ], [ 101.693286, 2.831373, 0.0 ], [ 101.693196, 2.830394, 0.0 ], [ 101.693183, 2.830262, 0.0 ], [ 101.693012, 2.828463, 0.0 ], [ 101.693183, 2.828463, 0.0 ], [ 101.693465, 2.826026, 0.0 ], [ 101.693569, 2.824985, 0.0 ], [ 101.693581, 2.824816, 0.0 ], [ 101.693599, 2.824501, 0.0 ], [ 101.693611, 2.824186, 0.0 ], [ 101.693617, 2.823915, 0.0 ], [ 101.693675, 2.823915, 0.0 ], [ 101.693689, 2.819561, 0.0 ], [ 101.693699, 2.816439, 0.0 ], [ 101.693726, 2.807844, 0.0 ], [ 101.692421, 2.807844, 0.0 ], [ 101.690872, 2.807844, 0.0 ], [ 101.690874, 2.806667, 0.0 ], [ 101.691522, 2.805468, 0.0 ], [ 101.691639, 2.805136, 0.0 ], [ 101.691735, 2.805137, 0.0 ], [ 101.691864, 2.805139, 0.0 ], [ 101.691913, 2.805139, 0.0 ], [ 101.691993, 2.80514, 0.0 ], [ 101.692122, 2.805141, 0.0 ], [ 101.692251, 2.805141, 0.0 ], [ 101.692363, 2.805141, 0.0 ], [ 101.69238, 2.805142, 0.0 ], [ 101.692509, 2.805142, 0.0 ], [ 101.692638, 2.805143, 0.0 ], [ 101.692767, 2.805144, 0.0 ], [ 101.692812, 2.805144, 0.0 ], [ 101.692897, 2.805145, 0.0 ], [ 101.693026, 2.805146, 0.0 ], [ 101.693156, 2.805148, 0.0 ], [ 101.693262, 2.80515, 0.0 ], [ 101.693286, 2.80515, 0.0 ], [ 101.693392, 2.805151, 0.0 ], [ 101.693417, 2.805152, 0.0 ], [ 101.693547, 2.805155, 0.0 ], [ 101.693676, 2.805157, 0.0 ], [ 101.693711, 2.805158, 0.0 ], [ 101.693805, 2.805159, 0.0 ], [ 101.693931, 2.805161, 0.0 ], [ 101.694056, 2.805163, 0.0 ], [ 101.694161, 2.805163, 0.0 ], [ 101.694179, 2.805163, 0.0 ], [ 101.694302, 2.805163, 0.0 ], [ 101.694423, 2.805164, 0.0 ], [ 101.694544, 2.805166, 0.0 ], [ 101.69461, 2.805167, 0.0 ], [ 101.694665, 2.805169, 0.0 ], [ 101.694786, 2.805171, 0.0 ], [ 101.694905, 2.805173, 0.0 ], [ 101.695023, 2.805175, 0.0 ], [ 101.69506, 2.805175, 0.0 ], [ 101.695142, 2.805176, 0.0 ], [ 101.695153, 2.805176, 0.0 ], [ 101.69526, 2.805177, 0.0 ], [ 101.695377, 2.805179, 0.0 ], [ 101.695494, 2.805179, 0.0 ], [ 101.695509, 2.805179, 0.0 ], [ 101.695592, 2.805179, 0.0 ], [ 101.695609, 2.805179, 0.0 ], [ 101.695725, 2.80518, 0.0 ], [ 101.695838, 2.805182, 0.0 ], [ 101.695951, 2.805186, 0.0 ], [ 101.695959, 2.805186, 0.0 ], [ 101.696063, 2.805189, 0.0 ], [ 101.696175, 2.805191, 0.0 ], [ 101.696287, 2.805193, 0.0 ], [ 101.6964, 2.805196, 0.0 ], [ 101.696408, 2.805196, 0.0 ], [ 101.696513, 2.805198, 0.0 ], [ 101.696626, 2.8052, 0.0 ], [ 101.696741, 2.805203, 0.0 ], [ 101.696855, 2.805205, 0.0 ], [ 101.696858, 2.805205, 0.0 ], [ 101.696969, 2.805207, 0.0 ], [ 101.697083, 2.805209, 0.0 ], [ 101.697197, 2.80521, 0.0 ], [ 101.697307, 2.805212, 0.0 ], [ 101.697313, 2.805212, 0.0 ], [ 101.697429, 2.805213, 0.0 ], [ 101.697546, 2.805216, 0.0 ], [ 101.697663, 2.805218, 0.0 ], [ 101.697757, 2.80522, 0.0 ], [ 101.69778, 2.80522, 0.0 ], [ 101.697897, 2.805223, 0.0 ], [ 101.698015, 2.805225, 0.0 ], [ 101.698046, 2.805226, 0.0 ], [ 101.698134, 2.805228, 0.0 ], [ 101.698206, 2.80523, 0.0 ], [ 101.698253, 2.805231, 0.0 ], [ 101.698373, 2.805233, 0.0 ], [ 101.698494, 2.805234, 0.0 ], [ 101.698616, 2.805236, 0.0 ], [ 101.698656, 2.805237, 0.0 ], [ 101.698739, 2.805238, 0.0 ], [ 101.698863, 2.80524, 0.0 ], [ 101.698987, 2.805243, 0.0 ], [ 101.699106, 2.805247, 0.0 ], [ 101.699109, 2.805247, 0.0 ], [ 101.699231, 2.805251, 0.0 ], [ 101.699351, 2.805254, 0.0 ], [ 101.699471, 2.805255, 0.0 ], [ 101.699555, 2.805256, 0.0 ], [ 101.699591, 2.805257, 0.0 ], [ 101.699711, 2.805259, 0.0 ], [ 101.699831, 2.805261, 0.0 ], [ 101.69995, 2.805263, 0.0 ], [ 101.700004, 2.805264, 0.0 ], [ 101.700069, 2.805266, 0.0 ], [ 101.70018, 2.805268, 0.0 ], [ 101.700188, 2.805268, 0.0 ], [ 101.700307, 2.805271, 0.0 ], [ 101.700427, 2.805274, 0.0 ], [ 101.700454, 2.805275, 0.0 ], [ 101.700546, 2.805277, 0.0 ], [ 101.700664, 2.80528, 0.0 ], [ 101.700783, 2.805282, 0.0 ], [ 101.700902, 2.805285, 0.0 ], [ 101.700903, 2.805285, 0.0 ], [ 101.701023, 2.805287, 0.0 ], [ 101.701144, 2.805289, 0.0 ], [ 101.701267, 2.805292, 0.0 ], [ 101.701353, 2.805295, 0.0 ], [ 101.70139, 2.805296, 0.0 ], [ 101.701514, 2.805298, 0.0 ], [ 101.70164, 2.805299, 0.0 ], [ 101.701766, 2.8053, 0.0 ], [ 101.701802, 2.8053, 0.0 ], [ 101.701892, 2.805302, 0.0 ], [ 101.702019, 2.805303, 0.0 ], [ 101.702149, 2.805304, 0.0 ], [ 101.702252, 2.805306, 0.0 ], [ 101.702281, 2.805307, 0.0 ], [ 101.702414, 2.80531, 0.0 ], [ 101.702548, 2.805313, 0.0 ], [ 101.702684, 2.805315, 0.0 ], [ 101.702702, 2.805316, 0.0 ], [ 101.702822, 2.805318, 0.0 ], [ 101.702961, 2.805321, 0.0 ], [ 101.7031, 2.805324, 0.0 ], [ 101.703151, 2.805325, 0.0 ], [ 101.70324, 2.805326, 0.0 ], [ 101.703382, 2.805327, 0.0 ], [ 101.703525, 2.805328, 0.0 ], [ 101.703601, 2.80533, 0.0 ], [ 101.703668, 2.805331, 0.0 ], [ 101.703812, 2.805334, 0.0 ], [ 101.703955, 2.805337, 0.0 ], [ 101.70405, 2.80534, 0.0 ], [ 101.704097, 2.805341, 0.0 ], [ 101.704237, 2.805345, 0.0 ], [ 101.704375, 2.805348, 0.0 ], [ 101.7045, 2.80535, 0.0 ], [ 101.704513, 2.805351, 0.0 ], [ 101.704649, 2.805353, 0.0 ], [ 101.704785, 2.805356, 0.0 ], [ 101.704921, 2.805358, 0.0 ], [ 101.704949, 2.805358, 0.0 ], [ 101.705059, 2.805359, 0.0 ], [ 101.705196, 2.805362, 0.0 ], [ 101.705333, 2.805366, 0.0 ], [ 101.705399, 2.805368, 0.0 ], [ 101.705468, 2.80537, 0.0 ], [ 101.705602, 2.805374, 0.0 ], [ 101.705727, 2.805377, 0.0 ], [ 101.705734, 2.805377, 0.0 ], [ 101.705848, 2.805379, 0.0 ], [ 101.705864, 2.805379, 0.0 ], [ 101.705987, 2.805382, 0.0 ], [ 101.705993, 2.805382, 0.0 ], [ 101.706121, 2.805385, 0.0 ], [ 101.706247, 2.805387, 0.0 ], [ 101.706297, 2.805388, 0.0 ], [ 101.706372, 2.80539, 0.0 ], [ 101.706495, 2.805392, 0.0 ], [ 101.706618, 2.805394, 0.0 ], [ 101.706739, 2.805396, 0.0 ], [ 101.706747, 2.805396, 0.0 ], [ 101.70686, 2.805398, 0.0 ], [ 101.706981, 2.805401, 0.0 ], [ 101.707101, 2.805403, 0.0 ], [ 101.707196, 2.805404, 0.0 ], [ 101.707222, 2.805405, 0.0 ], [ 101.707345, 2.805406, 0.0 ], [ 101.707469, 2.805408, 0.0 ], [ 101.707596, 2.80541, 0.0 ], [ 101.707646, 2.805411, 0.0 ], [ 101.707724, 2.805413, 0.0 ], [ 101.707855, 2.805415, 0.0 ], [ 101.707987, 2.805418, 0.0 ], [ 101.708096, 2.80542, 0.0 ], [ 101.708121, 2.80542, 0.0 ], [ 101.708257, 2.805423, 0.0 ], [ 101.708394, 2.805426, 0.0 ], [ 101.708509, 2.805427, 0.0 ], [ 101.708533, 2.805428, 0.0 ], [ 101.708545, 2.805428, 0.0 ], [ 101.708673, 2.80543, 0.0 ], [ 101.708815, 2.805434, 0.0 ], [ 101.708957, 2.805437, 0.0 ], [ 101.708995, 2.805438, 0.0 ], [ 101.709101, 2.80544, 0.0 ], [ 101.709246, 2.805442, 0.0 ], [ 101.709392, 2.805445, 0.0 ], [ 101.709444, 2.805446, 0.0 ], [ 101.709538, 2.805448, 0.0 ], [ 101.709684, 2.805449, 0.0 ], [ 101.709829, 2.805452, 0.0 ], [ 101.709894, 2.805454, 0.0 ], [ 101.7099, 2.805454, 0.0 ], [ 101.709964, 2.805456, 0.0 ], [ 101.709972, 2.805456, 0.0 ], [ 101.710113, 2.805459, 0.0 ], [ 101.710253, 2.805461, 0.0 ], [ 101.710391, 2.805464, 0.0 ], [ 101.710525, 2.805467, 0.0 ], [ 101.710658, 2.805469, 0.0 ], [ 101.710789, 2.805471, 0.0 ], [ 101.710918, 2.805474, 0.0 ], [ 101.711045, 2.805477, 0.0 ], [ 101.71117, 2.80548, 0.0 ], [ 101.711242, 2.805482, 0.0 ], [ 101.711402, 2.805486, 0.0 ], [ 101.711496, 2.805488, 0.0 ], [ 101.711591, 2.80549, 0.0 ], [ 101.711687, 2.805492, 0.0 ], [ 101.711692, 2.805492, 0.0 ], [ 101.711785, 2.805493, 0.0 ], [ 101.711879, 2.805495, 0.0 ], [ 101.711882, 2.805495, 0.0 ], [ 101.71198, 2.805498, 0.0 ], [ 101.712078, 2.8055, 0.0 ], [ 101.712141, 2.805502, 0.0 ], [ 101.712175, 2.805503, 0.0 ], [ 101.712267, 2.805505, 0.0 ], [ 101.712271, 2.805505, 0.0 ], [ 101.712367, 2.805507, 0.0 ], [ 101.712393, 2.805507, 0.0 ], [ 101.712461, 2.805508, 0.0 ], [ 101.712521, 2.805508, 0.0 ], [ 101.712554, 2.805509, 0.0 ], [ 101.712558, 2.805509, 0.0 ], [ 101.712591, 2.80551, 0.0 ], [ 101.712646, 2.805511, 0.0 ], [ 101.712739, 2.805513, 0.0 ], [ 101.712833, 2.805514, 0.0 ], [ 101.712928, 2.805516, 0.0 ], [ 101.712943, 2.805516, 0.0 ], [ 101.713025, 2.805518, 0.0 ], [ 101.71304, 2.805519, 0.0 ], [ 101.713123, 2.80552, 0.0 ], [ 101.713221, 2.805522, 0.0 ], [ 101.71332, 2.805524, 0.0 ], [ 101.713418, 2.805526, 0.0 ], [ 101.71349, 2.805527, 0.0 ], [ 101.713515, 2.805528, 0.0 ], [ 101.713611, 2.80553, 0.0 ], [ 101.713708, 2.805532, 0.0 ], [ 101.713803, 2.805534, 0.0 ], [ 101.713897, 2.805535, 0.0 ], [ 101.713939, 2.805535, 0.0 ], [ 101.71399, 2.805536, 0.0 ], [ 101.714081, 2.805537, 0.0 ], [ 101.714172, 2.805539, 0.0 ], [ 101.714261, 2.805541, 0.0 ], [ 101.714349, 2.805542, 0.0 ], [ 101.714389, 2.805543, 0.0 ], [ 101.714436, 2.805545, 0.0 ], [ 101.714512, 2.805547, 0.0 ], [ 101.714512, 2.805573, 0.0 ], [ 101.714506, 2.805836, 0.0 ], [ 101.714523, 2.807492, 0.0 ], [ 101.714539, 2.809147, 0.0 ], [ 101.714549, 2.810077, 0.0 ], [ 101.714556, 2.810802, 0.0 ], [ 101.714109, 2.810845, 0.0 ], [ 101.714294, 2.81147, 0.0 ], [ 101.714374, 2.811725, 0.0 ], [ 101.714747, 2.812047, 0.0 ], [ 101.714922, 2.812383, 0.0 ], [ 101.715051, 2.812795, 0.0 ], [ 101.715282, 2.813141, 0.0 ], [ 101.715291, 2.814236, 0.0 ], [ 101.715791, 2.814279, 0.0 ], [ 101.716157, 2.814188, 0.0 ], [ 101.716299, 2.814493, 0.0 ], [ 101.7166, 2.81449, 0.0 ], [ 101.71673, 2.814417, 0.0 ], [ 101.716762, 2.815917, 0.0 ], [ 101.715264, 2.81594, 0.0 ], [ 101.715129, 2.815877, 0.0 ], [ 101.714936, 2.815787, 0.0 ], [ 101.713787, 2.815872, 0.0 ], [ 101.713935, 2.816128, 0.0 ], [ 101.713915, 2.816704, 0.0 ], [ 101.7141, 2.818641, 0.0 ], [ 101.714964, 2.818653, 0.0 ], [ 101.714963, 2.818775, 0.0 ], [ 101.715089, 2.818775, 0.0 ], [ 101.715179, 2.818775, 0.0 ], [ 101.715462, 2.818775, 0.0 ], [ 101.715556, 2.819141, 0.0 ], [ 101.716498, 2.819141, 0.0 ], [ 101.716692, 2.819336, 0.0 ], [ 101.716692, 2.824166, 0.0 ], [ 101.716693, 2.824166, 0.0 ], [ 101.717054, 2.824144, 0.0 ], [ 101.716932, 2.824361, 0.0 ], [ 101.716954, 2.825525, 0.0 ], [ 101.716981, 2.827305, 0.0 ], [ 101.716929, 2.828647, 0.0 ], [ 101.717, 2.830604, 0.0 ], [ 101.717034, 2.831594, 0.0 ], [ 101.717102, 2.83358, 0.0 ], [ 101.717152, 2.834964, 0.0 ], [ 101.718726, 2.834875, 0.0 ], [ 101.718706, 2.835068, 0.0 ], [ 101.718806, 2.837784, 0.0 ], [ 101.718916, 2.839558, 0.0 ], [ 101.718951, 2.840196, 0.0 ], [ 101.71896, 2.840379, 0.0 ], [ 101.719048, 2.842177, 0.0 ] ] ] } },
{ "type": "Feature", "properties": { "Name": "113/56/12  BANDAR BARU SALAK TINGGI", "description": "1135612    <br>       <br>   KODDMA   1135612    <br>   LUAS   4097483.65536    <br>   JOBID   250315110458BB01-bbstinggi    <br>   NAMADMA   BANDAR BARU SALAK TINGGI    <br>   Status   1    <br>   JUMLAH_PEM   2895    <br>   SHAPE_Leng   13505.528834", "timestamp": null, "begin": null, "end": null, "altitudeMode": null, "tessellate": -1, "extrude": 0, "visibility": -1, "drawOrder": null, "icon": null }, "geometry": { "type": "Polygon", "coordinates": [ [ [ 101.721576, 2.81953, 0.0 ], [ 101.721975, 2.821274, 0.0 ], [ 101.722644, 2.823573, 0.0 ], [ 101.721673, 2.823651, 0.0 ], [ 101.720452, 2.82377, 0.0 ], [ 101.718919, 2.823921, 0.0 ], [ 101.717054, 2.824144, 0.0 ], [ 101.716693, 2.824166, 0.0 ], [ 101.716692, 2.824166, 0.0 ], [ 101.716692, 2.819336, 0.0 ], [ 101.716498, 2.819141, 0.0 ], [ 101.715556, 2.819141, 0.0 ], [ 101.715462, 2.818775, 0.0 ], [ 101.715179, 2.818775, 0.0 ], [ 101.715089, 2.818775, 0.0 ], [ 101.714963, 2.818775, 0.0 ], [ 101.714964, 2.818653, 0.0 ], [ 101.7141, 2.818641, 0.0 ], [ 101.713915, 2.816704, 0.0 ], [ 101.713935, 2.816128, 0.0 ], [ 101.713787, 2.815872, 0.0 ], [ 101.714936, 2.815787, 0.0 ], [ 101.715129, 2.815877, 0.0 ], [ 101.715264, 2.81594, 0.0 ], [ 101.716762, 2.815917, 0.0 ], [ 101.71673, 2.814417, 0.0 ], [ 101.7166, 2.81449, 0.0 ], [ 101.716299, 2.814493, 0.0 ], [ 101.716157, 2.814188, 0.0 ], [ 101.715791, 2.814279, 0.0 ], [ 101.715291, 2.814236, 0.0 ], [ 101.715282, 2.813141, 0.0 ], [ 101.715051, 2.812795, 0.0 ], [ 101.714922, 2.812383, 0.0 ], [ 101.714747, 2.812047, 0.0 ], [ 101.714374, 2.811725, 0.0 ], [ 101.714294, 2.81147, 0.0 ], [ 101.714109, 2.810845, 0.0 ], [ 101.714556, 2.810802, 0.0 ], [ 101.714549, 2.810077, 0.0 ], [ 101.714539, 2.809147, 0.0 ], [ 101.714523, 2.807492, 0.0 ], [ 101.714506, 2.805836, 0.0 ], [ 101.714512, 2.805573, 0.0 ], [ 101.714512, 2.805547, 0.0 ], [ 101.714522, 2.805547, 0.0 ], [ 101.714555, 2.805548, 0.0 ], [ 101.714606, 2.805549, 0.0 ], [ 101.71469, 2.805551, 0.0 ], [ 101.714774, 2.805552, 0.0 ], [ 101.714838, 2.805552, 0.0 ], [ 101.714857, 2.805553, 0.0 ], [ 101.71494, 2.805554, 0.0 ], [ 101.715021, 2.805555, 0.0 ], [ 101.715103, 2.805557, 0.0 ], [ 101.715184, 2.805558, 0.0 ], [ 101.715265, 2.805561, 0.0 ], [ 101.715288, 2.805562, 0.0 ], [ 101.715347, 2.805563, 0.0 ], [ 101.715429, 2.805565, 0.0 ], [ 101.71551, 2.805566, 0.0 ], [ 101.715592, 2.805567, 0.0 ], [ 101.715674, 2.805568, 0.0 ], [ 101.715737, 2.80557, 0.0 ], [ 101.715757, 2.80557, 0.0 ], [ 101.715841, 2.805573, 0.0 ], [ 101.715926, 2.805575, 0.0 ], [ 101.71601, 2.805578, 0.0 ], [ 101.716094, 2.805579, 0.0 ], [ 101.716176, 2.805581, 0.0 ], [ 101.716186, 2.805581, 0.0 ], [ 101.716257, 2.805582, 0.0 ], [ 101.716336, 2.805584, 0.0 ], [ 101.716416, 2.805585, 0.0 ], [ 101.716493, 2.805584, 0.0 ], [ 101.716567, 2.805585, 0.0 ], [ 101.716622, 2.805587, 0.0 ], [ 101.716636, 2.805588, 0.0 ], [ 101.716641, 2.805588, 0.0 ], [ 101.716716, 2.80559, 0.0 ], [ 101.716788, 2.80559, 0.0 ], [ 101.71686, 2.805593, 0.0 ], [ 101.716933, 2.805595, 0.0 ], [ 101.717005, 2.805596, 0.0 ], [ 101.717076, 2.805597, 0.0 ], [ 101.717085, 2.805597, 0.0 ], [ 101.717147, 2.805597, 0.0 ], [ 101.717217, 2.805598, 0.0 ], [ 101.717285, 2.805599, 0.0 ], [ 101.717353, 2.805601, 0.0 ], [ 101.717417, 2.805602, 0.0 ], [ 101.717479, 2.805608, 0.0 ], [ 101.717535, 2.805609, 0.0 ], [ 101.717546, 2.805609, 0.0 ], [ 101.717608, 2.80561, 0.0 ], [ 101.717668, 2.80561, 0.0 ], [ 101.717723, 2.805612, 0.0 ], [ 101.717776, 2.805614, 0.0 ], [ 101.717827, 2.805616, 0.0 ], [ 101.717872, 2.805618, 0.0 ], [ 101.71791, 2.805618, 0.0 ], [ 101.717938, 2.805619, 0.0 ], [ 101.717961, 2.80562, 0.0 ], [ 101.717983, 2.80562, 0.0 ], [ 101.717984, 2.80562, 0.0 ], [ 101.718434, 2.805629, 0.0 ], [ 101.718883, 2.805638, 0.0 ], [ 101.719333, 2.805646, 0.0 ], [ 101.719782, 2.805655, 0.0 ], [ 101.720232, 2.805664, 0.0 ], [ 101.720541, 2.805669, 0.0 ], [ 101.72065, 2.805672, 0.0 ], [ 101.720681, 2.805672, 0.0 ], [ 101.72076, 2.805673, 0.0 ], [ 101.720868, 2.805672, 0.0 ], [ 101.720975, 2.805673, 0.0 ], [ 101.721082, 2.805675, 0.0 ], [ 101.721131, 2.805676, 0.0 ], [ 101.721189, 2.805678, 0.0 ], [ 101.721294, 2.80568, 0.0 ], [ 101.7213, 2.80568, 0.0 ], [ 101.7214, 2.805682, 0.0 ], [ 101.721505, 2.805684, 0.0 ], [ 101.72158, 2.805685, 0.0 ], [ 101.721609, 2.805685, 0.0 ], [ 101.721668, 2.805686, 0.0 ], [ 101.721711, 2.805687, 0.0 ], [ 101.721813, 2.80569, 0.0 ], [ 101.721914, 2.805692, 0.0 ], [ 101.722015, 2.805694, 0.0 ], [ 101.722075, 2.805694, 0.0 ], [ 101.722113, 2.805695, 0.0 ], [ 101.722211, 2.805697, 0.0 ], [ 101.722311, 2.8057, 0.0 ], [ 101.72241, 2.805703, 0.0 ], [ 101.722479, 2.805704, 0.0 ], [ 101.72251, 2.805705, 0.0 ], [ 101.72261, 2.805706, 0.0 ], [ 101.72271, 2.805708, 0.0 ], [ 101.72281, 2.805709, 0.0 ], [ 101.722911, 2.805711, 0.0 ], [ 101.722929, 2.805712, 0.0 ], [ 101.72301, 2.805713, 0.0 ], [ 101.72311, 2.805716, 0.0 ], [ 101.723208, 2.805718, 0.0 ], [ 101.723304, 2.805719, 0.0 ], [ 101.723378, 2.805721, 0.0 ], [ 101.723401, 2.805721, 0.0 ], [ 101.723497, 2.805722, 0.0 ], [ 101.723592, 2.805725, 0.0 ], [ 101.723687, 2.805727, 0.0 ], [ 101.723781, 2.805729, 0.0 ], [ 101.723828, 2.80573, 0.0 ], [ 101.723875, 2.80573, 0.0 ], [ 101.723968, 2.805732, 0.0 ], [ 101.72406, 2.805733, 0.0 ], [ 101.724152, 2.805735, 0.0 ], [ 101.724243, 2.805737, 0.0 ], [ 101.724277, 2.805737, 0.0 ], [ 101.724333, 2.805738, 0.0 ], [ 101.724423, 2.80574, 0.0 ], [ 101.724513, 2.805742, 0.0 ], [ 101.724603, 2.805744, 0.0 ], [ 101.724692, 2.805746, 0.0 ], [ 101.724727, 2.805747, 0.0 ], [ 101.724781, 2.805748, 0.0 ], [ 101.724869, 2.805749, 0.0 ], [ 101.724957, 2.805751, 0.0 ], [ 101.725045, 2.805753, 0.0 ], [ 101.725134, 2.805755, 0.0 ], [ 101.725176, 2.805755, 0.0 ], [ 101.725225, 2.805755, 0.0 ], [ 101.725314, 2.805757, 0.0 ], [ 101.725405, 2.805758, 0.0 ], [ 101.725496, 2.80576, 0.0 ], [ 101.725587, 2.805762, 0.0 ], [ 101.725626, 2.805763, 0.0 ], [ 101.725679, 2.805764, 0.0 ], [ 101.72577, 2.805766, 0.0 ], [ 101.72586, 2.805768, 0.0 ], [ 101.725878, 2.805768, 0.0 ], [ 101.725949, 2.80577, 0.0 ], [ 101.726038, 2.805771, 0.0 ], [ 101.726076, 2.805772, 0.0 ], [ 101.726126, 2.805773, 0.0 ], [ 101.726213, 2.805775, 0.0 ], [ 101.726299, 2.805777, 0.0 ], [ 101.726384, 2.805779, 0.0 ], [ 101.726466, 2.805781, 0.0 ], [ 101.726525, 2.805781, 0.0 ], [ 101.726547, 2.805781, 0.0 ], [ 101.726625, 2.805782, 0.0 ], [ 101.726702, 2.805783, 0.0 ], [ 101.726732, 2.805783, 0.0 ], [ 101.726778, 2.805784, 0.0 ], [ 101.726852, 2.805785, 0.0 ], [ 101.726924, 2.805786, 0.0 ], [ 101.726975, 2.805787, 0.0 ], [ 101.726993, 2.805788, 0.0 ], [ 101.72706, 2.805789, 0.0 ], [ 101.727123, 2.805791, 0.0 ], [ 101.727186, 2.805793, 0.0 ], [ 101.727247, 2.805794, 0.0 ], [ 101.727309, 2.805796, 0.0 ], [ 101.727365, 2.805794, 0.0 ], [ 101.727424, 2.805795, 0.0 ], [ 101.727486, 2.805796, 0.0 ], [ 101.727546, 2.805797, 0.0 ], [ 101.72761, 2.805798, 0.0 ], [ 101.72768, 2.805799, 0.0 ], [ 101.727789, 2.805801, 0.0 ], [ 101.727814, 2.805802, 0.0 ], [ 101.727873, 2.805803, 0.0 ], [ 101.727878, 2.805803, 0.0 ], [ 101.727939, 2.805804, 0.0 ], [ 101.728001, 2.805806, 0.0 ], [ 101.728067, 2.805808, 0.0 ], [ 101.728323, 2.805813, 0.0 ], [ 101.728351, 2.805813, 0.0 ], [ 101.728422, 2.805816, 0.0 ], [ 101.728772, 2.805823, 0.0 ], [ 101.72878, 2.805823, 0.0 ], [ 101.728969, 2.805828, 0.0 ], [ 101.72898, 2.805828, 0.0 ], [ 101.729069, 2.80583, 0.0 ], [ 101.729156, 2.805832, 0.0 ], [ 101.729222, 2.805833, 0.0 ], [ 101.72924, 2.805833, 0.0 ], [ 101.729321, 2.805834, 0.0 ], [ 101.729398, 2.805835, 0.0 ], [ 101.729472, 2.805836, 0.0 ], [ 101.729543, 2.805838, 0.0 ], [ 101.729609, 2.805837, 0.0 ], [ 101.729671, 2.805838, 0.0 ], [ 101.729696, 2.805839, 0.0 ], [ 101.72973, 2.805839, 0.0 ], [ 101.729784, 2.805839, 0.0 ], [ 101.729842, 2.805845, 0.0 ], [ 101.729907, 2.805847, 0.0 ], [ 101.730067, 2.805849, 0.0 ], [ 101.73012, 2.80585, 0.0 ], [ 101.730179, 2.805851, 0.0 ], [ 101.730487, 2.805858, 0.0 ], [ 101.73057, 2.80586, 0.0 ], [ 101.730652, 2.805862, 0.0 ], [ 101.730732, 2.805863, 0.0 ], [ 101.730811, 2.805865, 0.0 ], [ 101.730891, 2.805866, 0.0 ], [ 101.730967, 2.805866, 0.0 ], [ 101.731019, 2.805867, 0.0 ], [ 101.731043, 2.805868, 0.0 ], [ 101.731118, 2.805869, 0.0 ], [ 101.731193, 2.805872, 0.0 ], [ 101.731201, 2.805872, 0.0 ], [ 101.731268, 2.805873, 0.0 ], [ 101.73134, 2.805874, 0.0 ], [ 101.73141, 2.805878, 0.0 ], [ 101.731469, 2.80588, 0.0 ], [ 101.731483, 2.80588, 0.0 ], [ 101.731553, 2.805881, 0.0 ], [ 101.731622, 2.805882, 0.0 ], [ 101.73169, 2.805882, 0.0 ], [ 101.731755, 2.805884, 0.0 ], [ 101.731822, 2.805885, 0.0 ], [ 101.73189, 2.805885, 0.0 ], [ 101.731918, 2.805886, 0.0 ], [ 101.731958, 2.805887, 0.0 ], [ 101.732024, 2.805887, 0.0 ], [ 101.732087, 2.805889, 0.0 ], [ 101.732146, 2.80589, 0.0 ], [ 101.732203, 2.805894, 0.0 ], [ 101.732257, 2.805896, 0.0 ], [ 101.732301, 2.805896, 0.0 ], [ 101.732307, 2.805897, 0.0 ], [ 101.732368, 2.805898, 0.0 ], [ 101.732654, 2.805903, 0.0 ], [ 101.732744, 2.805905, 0.0 ], [ 101.73275, 2.805906, 0.0 ], [ 101.732816, 2.805904, 0.0 ], [ 101.732817, 2.805904, 0.0 ], [ 101.732881, 2.805904, 0.0 ], [ 101.732949, 2.805905, 0.0 ], [ 101.733017, 2.805907, 0.0 ], [ 101.733081, 2.80591, 0.0 ], [ 101.733141, 2.805912, 0.0 ], [ 101.733193, 2.805913, 0.0 ], [ 101.733226, 2.805913, 0.0 ], [ 101.733236, 2.805913, 0.0 ], [ 101.733267, 2.805913, 0.0 ], [ 101.73327, 2.805913, 0.0 ], [ 101.733296, 2.805914, 0.0 ], [ 101.733316, 2.805914, 0.0 ], [ 101.73333, 2.805915, 0.0 ], [ 101.733346, 2.805915, 0.0 ], [ 101.733497, 2.805918, 0.0 ], [ 101.73365, 2.80592, 0.0 ], [ 101.733699, 2.805921, 0.0 ], [ 101.733716, 2.805921, 0.0 ], [ 101.73375, 2.805921, 0.0 ], [ 101.734166, 2.805925, 0.0 ], [ 101.734615, 2.80593, 0.0 ], [ 101.734762, 2.805931, 0.0 ], [ 101.734785, 2.805931, 0.0 ], [ 101.734835, 2.805933, 0.0 ], [ 101.734914, 2.805934, 0.0 ], [ 101.735034, 2.805935, 0.0 ], [ 101.735245, 2.805934, 0.0 ], [ 101.735311, 2.805933, 0.0 ], [ 101.735435, 2.805932, 0.0 ], [ 101.735687, 2.805936, 0.0 ], [ 101.73574, 2.805935, 0.0 ], [ 101.735942, 2.805929, 0.0 ], [ 101.735964, 2.80593, 0.0 ], [ 101.735994, 2.805931, 0.0 ], [ 101.736043, 2.805933, 0.0 ], [ 101.736092, 2.805934, 0.0 ], [ 101.736144, 2.805935, 0.0 ], [ 101.736414, 2.80594, 0.0 ], [ 101.736776, 2.805946, 0.0 ], [ 101.736863, 2.805949, 0.0 ], [ 101.736878, 2.805949, 0.0 ], [ 101.736923, 2.805953, 0.0 ], [ 101.736977, 2.805958, 0.0 ], [ 101.737079, 2.805968, 0.0 ], [ 101.737133, 2.805973, 0.0 ], [ 101.737181, 2.805978, 0.0 ], [ 101.737284, 2.805986, 0.0 ], [ 101.737311, 2.805986, 0.0 ], [ 101.737388, 2.805987, 0.0 ], [ 101.737493, 2.80599, 0.0 ], [ 101.7376, 2.805993, 0.0 ], [ 101.737709, 2.805995, 0.0 ], [ 101.73776, 2.805996, 0.0 ], [ 101.73782, 2.805998, 0.0 ], [ 101.737914, 2.806, 0.0 ], [ 101.737928, 2.806, 0.0 ], [ 101.738035, 2.806002, 0.0 ], [ 101.738143, 2.806005, 0.0 ], [ 101.73821, 2.806006, 0.0 ], [ 101.738251, 2.806007, 0.0 ], [ 101.738359, 2.806009, 0.0 ], [ 101.738466, 2.806011, 0.0 ], [ 101.73857, 2.806013, 0.0 ], [ 101.738659, 2.806018, 0.0 ], [ 101.738673, 2.806018, 0.0 ], [ 101.738778, 2.80602, 0.0 ], [ 101.738868, 2.806022, 0.0 ], [ 101.738881, 2.806022, 0.0 ], [ 101.738983, 2.806023, 0.0 ], [ 101.739086, 2.806025, 0.0 ], [ 101.739109, 2.806026, 0.0 ], [ 101.739189, 2.806027, 0.0 ], [ 101.739293, 2.806029, 0.0 ], [ 101.739397, 2.806031, 0.0 ], [ 101.739502, 2.806033, 0.0 ], [ 101.739558, 2.806034, 0.0 ], [ 101.739577, 2.806034, 0.0 ], [ 101.739609, 2.806035, 0.0 ], [ 101.739716, 2.806034, 0.0 ], [ 101.739822, 2.806036, 0.0 ], [ 101.73993, 2.806038, 0.0 ], [ 101.740008, 2.806039, 0.0 ], [ 101.740039, 2.806039, 0.0 ], [ 101.740147, 2.806042, 0.0 ], [ 101.740234, 2.806044, 0.0 ], [ 101.740256, 2.806044, 0.0 ], [ 101.740365, 2.806046, 0.0 ], [ 101.740457, 2.806047, 0.0 ], [ 101.740472, 2.806047, 0.0 ], [ 101.740578, 2.806052, 0.0 ], [ 101.740685, 2.806054, 0.0 ], [ 101.74079, 2.806056, 0.0 ], [ 101.740893, 2.806057, 0.0 ], [ 101.740907, 2.806058, 0.0 ], [ 101.740994, 2.806059, 0.0 ], [ 101.741059, 2.80606, 0.0 ], [ 101.741096, 2.80606, 0.0 ], [ 101.741149, 2.806059, 0.0 ], [ 101.741196, 2.806058, 0.0 ], [ 101.741294, 2.806053, 0.0 ], [ 101.741356, 2.806049, 0.0 ], [ 101.741389, 2.806046, 0.0 ], [ 101.741401, 2.806045, 0.0 ], [ 101.741626, 2.806044, 0.0 ], [ 101.743206, 2.80604, 0.0 ], [ 101.743475, 2.806039, 0.0 ], [ 101.745286, 2.806033, 0.0 ], [ 101.74676, 2.806045, 0.0 ], [ 101.746851, 2.807428, 0.0 ], [ 101.746619, 2.808506, 0.0 ], [ 101.746626, 2.808643, 0.0 ], [ 101.746692, 2.809828, 0.0 ], [ 101.746724, 2.810392, 0.0 ], [ 101.746736, 2.810617, 0.0 ], [ 101.74678, 2.811156, 0.0 ], [ 101.74675, 2.811957, 0.0 ], [ 101.746719, 2.812083, 0.0 ], [ 101.746715, 2.8121, 0.0 ], [ 101.746576, 2.812656, 0.0 ], [ 101.746053, 2.814301, 0.0 ], [ 101.746021, 2.81456, 0.0 ], [ 101.745973, 2.814947, 0.0 ], [ 101.745932, 2.81528, 0.0 ], [ 101.74566, 2.816244, 0.0 ], [ 101.745448, 2.816589, 0.0 ], [ 101.745368, 2.816719, 0.0 ], [ 101.745397, 2.817287, 0.0 ], [ 101.73981, 2.814899, 0.0 ], [ 101.739072, 2.815162, 0.0 ], [ 101.739072, 2.814994, 0.0 ], [ 101.7385, 2.814987, 0.0 ], [ 101.738489, 2.815218, 0.0 ], [ 101.737957, 2.815242, 0.0 ], [ 101.737091, 2.815283, 0.0 ], [ 101.737079, 2.815429, 0.0 ], [ 101.736068, 2.816702, 0.0 ], [ 101.735253, 2.816701, 0.0 ], [ 101.735241, 2.816701, 0.0 ], [ 101.735246, 2.816722, 0.0 ], [ 101.735306, 2.816968, 0.0 ], [ 101.735308, 2.816979, 0.0 ], [ 101.735358, 2.817213, 0.0 ], [ 101.7354, 2.81741, 0.0 ], [ 101.735408, 2.817446, 0.0 ], [ 101.735416, 2.817507, 0.0 ], [ 101.73544, 2.817636, 0.0 ], [ 101.735445, 2.817709, 0.0 ], [ 101.735445, 2.81771, 0.0 ], [ 101.735441, 2.817784, 0.0 ], [ 101.735426, 2.817857, 0.0 ], [ 101.735403, 2.817928, 0.0 ], [ 101.735369, 2.817996, 0.0 ], [ 101.735328, 2.818058, 0.0 ], [ 101.735278, 2.818114, 0.0 ], [ 101.735267, 2.818123, 0.0 ], [ 101.735222, 2.818164, 0.0 ], [ 101.735212, 2.81817, 0.0 ], [ 101.735159, 2.818205, 0.0 ], [ 101.7351, 2.818234, 0.0 ], [ 101.735039, 2.818256, 0.0 ], [ 101.734976, 2.81827, 0.0 ], [ 101.734727, 2.818322, 0.0 ], [ 101.734714, 2.818325, 0.0 ], [ 101.734413, 2.818382, 0.0 ], [ 101.734285, 2.818406, 0.0 ], [ 101.734078, 2.818445, 0.0 ], [ 101.733843, 2.818487, 0.0 ], [ 101.733709, 2.818511, 0.0 ], [ 101.733556, 2.818546, 0.0 ], [ 101.733401, 2.818573, 0.0 ], [ 101.733253, 2.818593, 0.0 ], [ 101.733103, 2.818606, 0.0 ], [ 101.732954, 2.818613, 0.0 ], [ 101.732825, 2.818613, 0.0 ], [ 101.732695, 2.818609, 0.0 ], [ 101.732504, 2.818606, 0.0 ], [ 101.732496, 2.818606, 0.0 ], [ 101.732557, 2.812721, 0.0 ], [ 101.73256, 2.812636, 0.0 ], [ 101.732256, 2.812629, 0.0 ], [ 101.731983, 2.812624, 0.0 ], [ 101.72969, 2.812578, 0.0 ], [ 101.726621, 2.812516, 0.0 ], [ 101.724741, 2.812478, 0.0 ], [ 101.72278, 2.812438, 0.0 ], [ 101.722301, 2.812429, 0.0 ], [ 101.721162, 2.812398, 0.0 ], [ 101.721128, 2.813569, 0.0 ], [ 101.721099, 2.814599, 0.0 ], [ 101.721053, 2.816221, 0.0 ], [ 101.721055, 2.816149, 0.0 ], [ 101.721042, 2.816598, 0.0 ], [ 101.721009, 2.817727, 0.0 ], [ 101.720992, 2.81834, 0.0 ], [ 101.720979, 2.818774, 0.0 ], [ 101.720943, 2.81914, 0.0 ], [ 101.721592, 2.81914, 0.0 ], [ 101.721576, 2.81953, 0.0 ] ] ] } },
{ "type": "Feature", "properties": { "Name": "113/56/13  TAMAN SEROJA", "description": "1135613    <br>       <br>   KODDMA   1135613    <br>   LUAS   6672752.73671    <br>   JOBID   250315110458BB01-bbstinggi    <br>   NAMADMA   TAMAN SEROJA    <br>   Status   1    <br>   JUMLAH_PEM   1039    <br>   SHAPE_Leng   10524.554715", "timestamp": null, "begin": null, "end": null, "altitudeMode": null, "tessellate": -1, "extrude": 0, "visibility": -1, "drawOrder": null, "icon": null }, "geometry": { "type": "Polygon", "coordinates": [ [ [ 101.740155, 2.83586, 0.0 ], [ 101.739997, 2.83653, 0.0 ], [ 101.739932, 2.837134, 0.0 ], [ 101.739928, 2.837172, 0.0 ], [ 101.739796, 2.837981, 0.0 ], [ 101.739762, 2.838389, 0.0 ], [ 101.740039, 2.839155, 0.0 ], [ 101.739976, 2.839599, 0.0 ], [ 101.739954, 2.840317, 0.0 ], [ 101.739988, 2.841129, 0.0 ], [ 101.73955, 2.841663, 0.0 ], [ 101.739332, 2.842202, 0.0 ], [ 101.739099, 2.842721, 0.0 ], [ 101.738981, 2.84389, 0.0 ], [ 101.738531, 2.8446, 0.0 ], [ 101.738328, 2.845057, 0.0 ], [ 101.738478, 2.846342, 0.0 ], [ 101.738913, 2.846953, 0.0 ], [ 101.73888, 2.847301, 0.0 ], [ 101.738825, 2.847403, 0.0 ], [ 101.738676, 2.84768, 0.0 ], [ 101.73863, 2.84786, 0.0 ], [ 101.73859, 2.848018, 0.0 ], [ 101.738548, 2.84818, 0.0 ], [ 101.738531, 2.848246, 0.0 ], [ 101.738227, 2.849361, 0.0 ], [ 101.738227, 2.849369, 0.0 ], [ 101.738198, 2.849468, 0.0 ], [ 101.738181, 2.849529, 0.0 ], [ 101.738149, 2.849582, 0.0 ], [ 101.738, 2.84983, 0.0 ], [ 101.737808, 2.850148, 0.0 ], [ 101.737797, 2.850167, 0.0 ], [ 101.737798, 2.850174, 0.0 ], [ 101.737805, 2.850204, 0.0 ], [ 101.737858, 2.850434, 0.0 ], [ 101.737912, 2.850672, 0.0 ], [ 101.737953, 2.850853, 0.0 ], [ 101.737953, 2.850868, 0.0 ], [ 101.737962, 2.850906, 0.0 ], [ 101.737882, 2.851373, 0.0 ], [ 101.737876, 2.851408, 0.0 ], [ 101.737964, 2.851535, 0.0 ], [ 101.738113, 2.851752, 0.0 ], [ 101.738196, 2.851874, 0.0 ], [ 101.738234, 2.851988, 0.0 ], [ 101.738459, 2.852675, 0.0 ], [ 101.738489, 2.853457, 0.0 ], [ 101.738346, 2.853794, 0.0 ], [ 101.738229, 2.853993, 0.0 ], [ 101.738226, 2.853999, 0.0 ], [ 101.73808, 2.854248, 0.0 ], [ 101.73805, 2.854277, 0.0 ], [ 101.737239, 2.853984, 0.0 ], [ 101.736554, 2.853873, 0.0 ], [ 101.729566, 2.852741, 0.0 ], [ 101.726404, 2.85196, 0.0 ], [ 101.723627, 2.851029, 0.0 ], [ 101.722372, 2.85015, 0.0 ], [ 101.721581, 2.849573, 0.0 ], [ 101.719229, 2.848046, 0.0 ], [ 101.719147, 2.84435, 0.0 ], [ 101.719048, 2.842177, 0.0 ], [ 101.71896, 2.840379, 0.0 ], [ 101.718951, 2.840196, 0.0 ], [ 101.718916, 2.839558, 0.0 ], [ 101.718806, 2.837784, 0.0 ], [ 101.718706, 2.835068, 0.0 ], [ 101.718726, 2.834875, 0.0 ], [ 101.717152, 2.834964, 0.0 ], [ 101.717102, 2.83358, 0.0 ], [ 101.717034, 2.831594, 0.0 ], [ 101.717, 2.830604, 0.0 ], [ 101.716929, 2.828647, 0.0 ], [ 101.716981, 2.827305, 0.0 ], [ 101.716954, 2.825525, 0.0 ], [ 101.716932, 2.824361, 0.0 ], [ 101.717054, 2.824144, 0.0 ], [ 101.718919, 2.823921, 0.0 ], [ 101.720452, 2.82377, 0.0 ], [ 101.721673, 2.823651, 0.0 ], [ 101.722644, 2.823573, 0.0 ], [ 101.724648, 2.823685, 0.0 ], [ 101.726421, 2.8245, 0.0 ], [ 101.726455, 2.824518, 0.0 ], [ 101.726461, 2.824521, 0.0 ], [ 101.726522, 2.824551, 0.0 ], [ 101.726581, 2.824583, 0.0 ], [ 101.726642, 2.824614, 0.0 ], [ 101.726706, 2.824648, 0.0 ], [ 101.72677, 2.824681, 0.0 ], [ 101.726836, 2.824715, 0.0 ], [ 101.726855, 2.824725, 0.0 ], [ 101.726902, 2.82475, 0.0 ], [ 101.72697, 2.824787, 0.0 ], [ 101.72704, 2.824824, 0.0 ], [ 101.727113, 2.82486, 0.0 ], [ 101.727188, 2.824898, 0.0 ], [ 101.727254, 2.824932, 0.0 ], [ 101.727265, 2.824938, 0.0 ], [ 101.727344, 2.824978, 0.0 ], [ 101.727425, 2.825018, 0.0 ], [ 101.727507, 2.825058, 0.0 ], [ 101.727589, 2.825099, 0.0 ], [ 101.727657, 2.825133, 0.0 ], [ 101.727669, 2.82514, 0.0 ], [ 101.727749, 2.82518, 0.0 ], [ 101.727828, 2.82522, 0.0 ], [ 101.727905, 2.825259, 0.0 ], [ 101.727982, 2.825298, 0.0 ], [ 101.728058, 2.825337, 0.0 ], [ 101.72806, 2.825338, 0.0 ], [ 101.728131, 2.825375, 0.0 ], [ 101.728193, 2.825407, 0.0 ], [ 101.728253, 2.825437, 0.0 ], [ 101.728313, 2.825469, 0.0 ], [ 101.728375, 2.8255, 0.0 ], [ 101.728437, 2.825533, 0.0 ], [ 101.728458, 2.825544, 0.0 ], [ 101.728501, 2.825567, 0.0 ], [ 101.728566, 2.825599, 0.0 ], [ 101.728633, 2.825632, 0.0 ], [ 101.7287, 2.825666, 0.0 ], [ 101.728768, 2.825702, 0.0 ], [ 101.728837, 2.825739, 0.0 ], [ 101.728858, 2.82575, 0.0 ], [ 101.728908, 2.825776, 0.0 ], [ 101.72898, 2.825814, 0.0 ], [ 101.729055, 2.825852, 0.0 ], [ 101.72913, 2.82589, 0.0 ], [ 101.729207, 2.825927, 0.0 ], [ 101.729261, 2.825952, 0.0 ], [ 101.729284, 2.825964, 0.0 ], [ 101.729361, 2.826001, 0.0 ], [ 101.729439, 2.826039, 0.0 ], [ 101.729515, 2.826077, 0.0 ], [ 101.729592, 2.826115, 0.0 ], [ 101.729664, 2.826151, 0.0 ], [ 101.729668, 2.826153, 0.0 ], [ 101.729706, 2.826172, 0.0 ], [ 101.729745, 2.826192, 0.0 ], [ 101.729822, 2.82623, 0.0 ], [ 101.729899, 2.826268, 0.0 ], [ 101.729975, 2.826306, 0.0 ], [ 101.73005, 2.826343, 0.0 ], [ 101.730067, 2.826351, 0.0 ], [ 101.730125, 2.82638, 0.0 ], [ 101.730198, 2.826418, 0.0 ], [ 101.730271, 2.826455, 0.0 ], [ 101.730345, 2.82649, 0.0 ], [ 101.730417, 2.826526, 0.0 ], [ 101.73047, 2.826553, 0.0 ], [ 101.730488, 2.826562, 0.0 ], [ 101.73056, 2.826601, 0.0 ], [ 101.730635, 2.82664, 0.0 ], [ 101.730712, 2.82668, 0.0 ], [ 101.73079, 2.826721, 0.0 ], [ 101.730868, 2.826762, 0.0 ], [ 101.73087, 2.826763, 0.0 ], [ 101.73095, 2.826805, 0.0 ], [ 101.731032, 2.826847, 0.0 ], [ 101.731114, 2.82689, 0.0 ], [ 101.731199, 2.826933, 0.0 ], [ 101.731269, 2.826968, 0.0 ], [ 101.731284, 2.826976, 0.0 ], [ 101.731371, 2.827021, 0.0 ], [ 101.73146, 2.827066, 0.0 ], [ 101.731551, 2.827112, 0.0 ], [ 101.731642, 2.827159, 0.0 ], [ 101.73167, 2.827173, 0.0 ], [ 101.731735, 2.827206, 0.0 ], [ 101.731828, 2.827254, 0.0 ], [ 101.731921, 2.827302, 0.0 ], [ 101.732014, 2.827351, 0.0 ], [ 101.732069, 2.82738, 0.0 ], [ 101.732106, 2.8274, 0.0 ], [ 101.732197, 2.827447, 0.0 ], [ 101.732285, 2.827493, 0.0 ], [ 101.732375, 2.82754, 0.0 ], [ 101.732466, 2.827587, 0.0 ], [ 101.732468, 2.827588, 0.0 ], [ 101.732557, 2.827634, 0.0 ], [ 101.732646, 2.827682, 0.0 ], [ 101.732732, 2.827727, 0.0 ], [ 101.732812, 2.827769, 0.0 ], [ 101.732867, 2.827797, 0.0 ], [ 101.732886, 2.827807, 0.0 ], [ 101.732954, 2.827843, 0.0 ], [ 101.733021, 2.827878, 0.0 ], [ 101.733087, 2.827912, 0.0 ], [ 101.733151, 2.827945, 0.0 ], [ 101.733215, 2.82798, 0.0 ], [ 101.733266, 2.828006, 0.0 ], [ 101.733282, 2.828015, 0.0 ], [ 101.733352, 2.828051, 0.0 ], [ 101.733424, 2.828088, 0.0 ], [ 101.733497, 2.828125, 0.0 ], [ 101.733569, 2.828163, 0.0 ], [ 101.733641, 2.8282, 0.0 ], [ 101.733666, 2.828212, 0.0 ], [ 101.733712, 2.828237, 0.0 ], [ 101.733784, 2.828273, 0.0 ], [ 101.733856, 2.828308, 0.0 ], [ 101.733927, 2.828345, 0.0 ], [ 101.733999, 2.828381, 0.0 ], [ 101.734068, 2.828416, 0.0 ], [ 101.734071, 2.828418, 0.0 ], [ 101.734143, 2.828454, 0.0 ], [ 101.734214, 2.82849, 0.0 ], [ 101.734284, 2.828525, 0.0 ], [ 101.734354, 2.828561, 0.0 ], [ 101.734423, 2.828596, 0.0 ], [ 101.734469, 2.82862, 0.0 ], [ 101.734491, 2.828631, 0.0 ], [ 101.734558, 2.828665, 0.0 ], [ 101.734626, 2.8287, 0.0 ], [ 101.734694, 2.828734, 0.0 ], [ 101.734762, 2.828768, 0.0 ], [ 101.734829, 2.828802, 0.0 ], [ 101.73487, 2.828823, 0.0 ], [ 101.734895, 2.828836, 0.0 ], [ 101.73496, 2.828869, 0.0 ], [ 101.735025, 2.828902, 0.0 ], [ 101.735088, 2.828934, 0.0 ], [ 101.73515, 2.828965, 0.0 ], [ 101.735211, 2.828997, 0.0 ], [ 101.73527, 2.829027, 0.0 ], [ 101.735271, 2.829028, 0.0 ], [ 101.735327, 2.829054, 0.0 ], [ 101.735382, 2.829074, 0.0 ], [ 101.735434, 2.82909, 0.0 ], [ 101.735484, 2.829104, 0.0 ], [ 101.735533, 2.82912, 0.0 ], [ 101.73558, 2.829139, 0.0 ], [ 101.735625, 2.829161, 0.0 ], [ 101.735673, 2.829186, 0.0 ], [ 101.735681, 2.82919, 0.0 ], [ 101.735688, 2.829194, 0.0 ], [ 101.735787, 2.829245, 0.0 ], [ 101.735858, 2.829281, 0.0 ], [ 101.735886, 2.829296, 0.0 ], [ 101.735987, 2.829348, 0.0 ], [ 101.736089, 2.829399, 0.0 ], [ 101.736095, 2.829402, 0.0 ], [ 101.7361, 2.829405, 0.0 ], [ 101.736146, 2.829429, 0.0 ], [ 101.736189, 2.829454, 0.0 ], [ 101.736229, 2.829481, 0.0 ], [ 101.736266, 2.829514, 0.0 ], [ 101.736307, 2.829548, 0.0 ], [ 101.736351, 2.829579, 0.0 ], [ 101.736398, 2.829607, 0.0 ], [ 101.736448, 2.829633, 0.0 ], [ 101.736466, 2.829642, 0.0 ], [ 101.736501, 2.82966, 0.0 ], [ 101.736558, 2.829689, 0.0 ], [ 101.736619, 2.82972, 0.0 ], [ 101.736682, 2.829752, 0.0 ], [ 101.736746, 2.829785, 0.0 ], [ 101.736811, 2.829818, 0.0 ], [ 101.736867, 2.829846, 0.0 ], [ 101.736877, 2.829851, 0.0 ], [ 101.736944, 2.829885, 0.0 ], [ 101.737011, 2.82992, 0.0 ], [ 101.737079, 2.829955, 0.0 ], [ 101.737148, 2.829989, 0.0 ], [ 101.737218, 2.830024, 0.0 ], [ 101.737269, 2.83005, 0.0 ], [ 101.737285, 2.830059, 0.0 ], [ 101.737352, 2.830093, 0.0 ], [ 101.737415, 2.830126, 0.0 ], [ 101.737476, 2.830158, 0.0 ], [ 101.737533, 2.830188, 0.0 ], [ 101.737586, 2.830216, 0.0 ], [ 101.737635, 2.83024, 0.0 ], [ 101.737668, 2.830257, 0.0 ], [ 101.737683, 2.830265, 0.0 ], [ 101.737734, 2.83029, 0.0 ], [ 101.737777, 2.830312, 0.0 ], [ 101.737812, 2.830329, 0.0 ], [ 101.73784, 2.830342, 0.0 ], [ 101.737869, 2.830356, 0.0 ], [ 101.737894, 2.830368, 0.0 ], [ 101.737989, 2.830415, 0.0 ], [ 101.738027, 2.830436, 0.0 ], [ 101.73807, 2.83046, 0.0 ], [ 101.738077, 2.830464, 0.0 ], [ 101.738135, 2.830494, 0.0 ], [ 101.738198, 2.830527, 0.0 ], [ 101.738266, 2.830561, 0.0 ], [ 101.738339, 2.830596, 0.0 ], [ 101.738416, 2.830628, 0.0 ], [ 101.738478, 2.830648, 0.0 ], [ 101.738495, 2.830654, 0.0 ], [ 101.738573, 2.830676, 0.0 ], [ 101.738652, 2.830694, 0.0 ], [ 101.738729, 2.830708, 0.0 ], [ 101.738806, 2.830715, 0.0 ], [ 101.738882, 2.830718, 0.0 ], [ 101.73892, 2.830718, 0.0 ], [ 101.738957, 2.830718, 0.0 ], [ 101.739031, 2.830716, 0.0 ], [ 101.739101, 2.830714, 0.0 ], [ 101.739167, 2.830712, 0.0 ], [ 101.739228, 2.83071, 0.0 ], [ 101.739285, 2.830707, 0.0 ], [ 101.739342, 2.830705, 0.0 ], [ 101.73937, 2.830704, 0.0 ], [ 101.739399, 2.830703, 0.0 ], [ 101.739452, 2.8307, 0.0 ], [ 101.739481, 2.8307, 0.0 ], [ 101.739674, 2.830706, 0.0 ], [ 101.739715, 2.8307, 0.0 ], [ 101.739723, 2.830699, 0.0 ], [ 101.739867, 2.831589, 0.0 ], [ 101.739867, 2.832739, 0.0 ], [ 101.739751, 2.833438, 0.0 ], [ 101.739894, 2.833857, 0.0 ], [ 101.739939, 2.834482, 0.0 ], [ 101.739947, 2.834588, 0.0 ], [ 101.740155, 2.83586, 0.0 ] ] ] } }
]
}
